Price,Adj Close,Adj Close,Adj Close,Close,Close,Close,High,High,High,Low,Low,Low,Open,Open,Open,Volume,Volume,Volume
Ticker,NKE,^GSPC,^TNX,NKE,^GSPC,^TNX,NKE,^GSPC,^TNX,NKE,^GSPC,^TNX,NKE,^GSPC,^TNX,NKE,^GSPC,^TNX
Date,,,,,,,,,,,,,,,,,,
2021-08-02,153.72113037109375,4387.16015625,1.1740000247955322,168.75,4387.16015625,1.1740000247955322,169.97999572753906,4422.18017578125,1.2309999465942383,168.02999877929688,4384.81005859375,1.1510000228881836,169.05999755859375,4406.85986328125,1.2309999465942383,5532500,3724090000,0
2021-08-03,155.98023986816406,4423.14990234375,1.1759999990463257,171.22999572753906,4423.14990234375,1.1759999990463257,171.5,4423.7900390625,1.180999994277954,168.49000549316406,4373.0,1.1540000438690186,169.22000122070312,4392.740234375,1.1770000457763672,5718100,3965190000,0
2021-08-04,156.5996856689453,4402.66015625,1.184000015258789,171.91000366210938,4402.66015625,1.184000015258789,172.33999633789062,4416.169921875,1.215000033378601,170.9600067138672,4400.22998046875,1.128999948501587,171.36000061035156,4415.9501953125,1.1720000505447388,4646200,4260760000,0
2021-08-05,158.36692810058594,4429.10009765625,1.2170000076293945,173.85000610351562,4429.10009765625,1.2170000076293945,174.0,4429.759765625,1.2269999980926514,171.17999267578125,4408.85986328125,1.1790000200271606,171.41000366210938,4408.85986328125,1.1820000410079956,3824000,3769410000,0
2021-08-06,157.41043090820312,4436.52001953125,1.2899999618530273,172.8000030517578,4436.52001953125,1.2899999618530273,174.3800048828125,4440.81982421875,1.2999999523162842,172.6999969482422,4429.06982421875,1.246999979019165,174.36000061035156,4429.06982421875,1.2519999742507935,4088700,3451870000,0
2021-08-09,156.47216796875,4432.35009765625,1.3170000314712524,171.77000427246094,4432.35009765625,1.3170000314712524,173.05999755859375,4439.39013671875,1.3240000009536743,171.6199951171875,4424.740234375,1.2680000066757202,172.5,4437.77001953125,1.277999997138977,3612800,3449280000,0
2021-08-10,156.92762756347656,4436.75,1.3420000076293945,172.27000427246094,4436.75,1.3420000076293945,173.9600067138672,4445.2099609375,1.3489999771118164,171.42999267578125,4430.02978515625,1.312000036239624,171.55999755859375,4435.7900390625,1.3200000524520874,3747100,3886610000,0
2021-08-11,156.01670837402344,4442.41015625,1.3289999961853027,171.27000427246094,4442.41015625,1.3289999961853027,173.22000122070312,4449.43994140625,1.371000051498413,170.94000244140625,4436.419921875,1.3020000457763672,172.0,4442.18017578125,1.3680000305175781,4078300,3532560000,0
2021-08-12,155.4427947998047,4460.830078125,1.3669999837875366,170.63999938964844,4460.830078125,1.3669999837875366,171.32000732421875,4461.77001953125,1.378999948501587,169.47999572753906,4435.9599609375,1.3509999513626099,170.88999938964844,4446.080078125,1.3569999933242798,3997100,3375310000,0
2021-08-13,156.39930725097656,4468.0,1.2970000505447388,171.69000244140625,4468.0,1.2970000505447388,171.72000122070312,4468.3701171875,1.3589999675750732,168.77999877929688,4460.81982421875,1.2929999828338623,170.4499969482422,4464.83984375,1.3519999980926514,2966200,3016470000,0
2021-08-16,157.00961303710938,4479.7099609375,1.2569999694824219,172.36000061035156,4479.7099609375,1.2569999694824219,172.39999389648438,4480.259765625,1.281999945640564,169.66000366210938,4437.66015625,1.225000023841858,170.6999969482422,4461.64990234375,1.2730000019073486,3530200,3370640000,0
2021-08-17,155.46102905273438,4448.080078125,1.2580000162124634,170.66000366210938,4448.080078125,1.2580000162124634,171.6999969482422,4462.1201171875,1.2719999551773071,169.3800048828125,4417.830078125,1.2230000495910645,171.5399932861328,4462.1201171875,1.2269999980926514,3602900,3836960000,0
2021-08-18,153.77577209472656,4400.27001953125,1.2730000019073486,168.80999755859375,4400.27001953125,1.2730000019073486,171.8000030517578,4454.31982421875,1.2990000247955322,168.66000366210938,4397.58984375,1.2630000114440918,169.75,4440.93994140625,1.2769999504089355,5487400,3755590000,0
2021-08-19,150.84255981445312,4405.7998046875,1.2419999837875366,165.58999633789062,4405.7998046875,1.2419999837875366,167.5399932861328,4418.60986328125,1.2569999694824219,164.3699951171875,4367.72998046875,1.2319999933242798,166.9600067138672,4382.43994140625,1.2369999885559082,7336300,4398410000,0
2021-08-20,152.84661865234375,4441.669921875,1.2599999904632568,167.7899932861328,4441.669921875,1.2599999904632568,168.00999450683594,4444.35009765625,1.2669999599456787,165.4199981689453,4406.7998046875,1.2280000448226929,166.27000427246094,4410.56005859375,1.2300000190734863,4039100,3652610000,0
2021-08-23,154.60472106933594,4479.52978515625,1.2549999952316284,169.72000122070312,4479.52978515625,1.2549999952316284,170.89999389648438,4489.8798828125,1.2730000019073486,169.17999267578125,4450.2900390625,1.2519999742507935,169.4499969482422,4450.2900390625,1.2669999599456787,3796500,3576530000,0
2021-08-24,154.84152221679688,4486.22998046875,1.2899999618530273,169.97999572753906,4486.22998046875,1.2899999618530273,170.8699951171875,4492.81005859375,1.2920000553131104,168.88999938964844,4482.27978515625,1.2599999904632568,169.60000610351562,4484.39990234375,1.2630000114440918,3133100,3979220000,0
2021-08-25,154.7140350341797,4496.18994140625,1.3420000076293945,169.83999633789062,4496.18994140625,1.3420000076293945,170.69000244140625,4501.7099609375,1.3509999513626099,169.52999877929688,4485.66015625,1.2899999618530273,170.0,4490.4501953125,1.3070000410079956,3003800,3444700000,0
2021-08-26,152.05409240722656,4470.0,1.3420000076293945,166.9199981689453,4470.0,1.3420000076293945,169.52000427246094,4495.89990234375,1.375,166.27000427246094,4468.990234375,1.340999960899353,169.3800048828125,4493.75,1.3609999418258667,4069600,3263980000,0
2021-08-27,152.90721130371094,4509.3701171875,1.312000036239624,167.5800018310547,4509.3701171875,1.312000036239624,168.07000732421875,4513.330078125,1.3589999675750732,166.27999877929688,4474.10009765625,1.309999942779541,167.27000427246094,4474.10009765625,1.343999981880188,3012400,3331200000,0
2021-08-30,153.31784057617188,4528.7900390625,1.284999966621399,168.02999877929688,4528.7900390625,1.284999966621399,168.41000366210938,4537.35986328125,1.312000036239624,166.57000732421875,4513.759765625,1.284999966621399,167.88999938964844,4513.759765625,1.309999942779541,3537100,3168660000,0
2021-08-31,150.31585693359375,4522.68017578125,1.3040000200271606,164.74000549316406,4522.68017578125,1.3040000200271606,167.67999267578125,4531.39013671875,1.3140000104904175,164.1999969482422,4515.7998046875,1.2699999809265137,167.5500030517578,4529.75,1.2920000553131104,7545600,4290710000,0
2021-09-01,150.15164184570312,4524.08984375,1.3020000457763672,164.55999755859375,4524.08984375,1.3020000457763672,166.6199951171875,4537.10986328125,1.3220000267028809,164.0800018310547,4522.02001953125,1.284000039100647,164.9199981689453,4528.7998046875,1.3109999895095825,4706500,4057340000,0
2021-09-02,149.3395538330078,4536.9501953125,1.2940000295639038,163.6699981689453,4536.9501953125,1.2940000295639038,165.42999267578125,4545.85009765625,1.3040000200271606,162.7899932861328,4524.66015625,1.284999966621399,165.24000549316406,4534.47998046875,1.2869999408721924,4632100,3735990000,0
2021-09-03,148.9928436279297,4535.43017578125,1.3220000267028809,163.2899932861328,4535.43017578125,1.3220000267028809,164.1699981689453,4541.4501953125,1.3359999656677246,162.22000122070312,4521.2998046875,1.2699999809265137,163.1999969482422,4532.419921875,1.2970000505447388,4254500,3217530000,0
2021-09-07,148.39976501464844,4520.02978515625,1.3700000047683716,162.63999938964844,4520.02978515625,1.3700000047683716,163.86000061035156,4535.3798828125,1.3849999904632568,161.91000366210938,4513.0,1.3580000400543213,163.6999969482422,4535.3798828125,1.3660000562667847,5648800,3822960000,0
2021-09-08,146.6387481689453,4514.06982421875,1.3339999914169312,160.7100067138672,4514.06982421875,1.3339999914169312,162.08999633789062,4521.7900390625,1.3630000352859497,159.75,4493.9501953125,1.3270000219345093,162.0,4518.08984375,1.3480000495910645,6591700,3750880000,0
2021-09-09,149.0384521484375,4493.27978515625,1.2990000247955322,163.33999633789062,4493.27978515625,1.2990000247955322,166.14999389648438,4529.89990234375,1.3459999561309814,163.1999969482422,4492.06982421875,1.2869999408721924,165.25999450683594,4513.02001953125,1.3380000591278076,8414800,3735390000,0
2021-09-10,149.2666015625,4458.580078125,1.340999960899353,163.58999633789062,4458.580078125,1.340999960899353,165.66000366210938,4520.47021484375,1.3550000190734863,163.44000244140625,4457.66015625,1.3170000314712524,164.25,4506.919921875,1.319000005722046,4252100,3623180000,0
2021-09-13,145.5529327392578,4468.72998046875,1.3240000009536743,159.52000427246094,4468.72998046875,1.3240000009536743,162.9199981689453,4492.990234375,1.3380000591278076,158.3300018310547,4445.7001953125,1.315999984741211,161.55999755859375,4474.81005859375,1.3380000591278076,8814500,3914220000,0
2021-09-14,144.8594512939453,4443.0498046875,1.2769999504089355,158.75999450683594,4443.0498046875,1.2769999504089355,159.38999938964844,4485.68017578125,1.350000023841858,157.07000732421875,4435.4599609375,1.2649999856948853,159.1699981689453,4479.330078125,1.3459999561309814,5323900,3670460000,0
2021-09-15,144.08389282226562,4480.7001953125,1.3040000200271606,157.91000366210938,4480.7001953125,1.3040000200271606,158.32000732421875,4486.8701171875,1.319000005722046,155.6699981689453,4438.3701171875,1.2599999904632568,157.5,4447.490234375,1.2740000486373901,6827100,4032020000,0
2021-09-16,143.80105590820312,4473.75,1.3309999704360962,157.60000610351562,4473.75,1.3309999704360962,159.00999450683594,4485.8701171875,1.3509999513626099,157.1999969482422,4443.7998046875,1.309000015258789,157.58999633789062,4477.08984375,1.312000036239624,5085900,3984560000,0
2021-09-17,142.72434997558594,4432.990234375,1.3700000047683716,156.4199981689453,4432.990234375,1.3700000047683716,161.0,4471.52001953125,1.3860000371932983,156.07000732421875,4427.759765625,1.3359999656677246,157.9600067138672,4469.740234375,1.340000033378601,7944800,7289530000,0
2021-09-20,140.74436950683594,4357.72998046875,1.309000015258789,154.25,4357.72998046875,1.309000015258789,155.27000427246094,4402.9501953125,1.3380000591278076,152.32000732421875,4305.91015625,1.2970000505447388,153.72999572753906,4402.9501953125,1.309000015258789,7041200,4898070000,0
2021-09-21,141.4469757080078,4354.18994140625,1.3240000009536743,155.02000427246094,4354.18994140625,1.3240000009536743,156.1300048828125,4394.8701171875,1.3259999752044678,153.5800018310547,4347.9599609375,1.305999994277954,155.08999633789062,4374.4501953125,1.3240000009536743,5857900,3920920000,0
2021-09-22,143.6550750732422,4395.64013671875,1.3359999656677246,157.44000244140625,4395.64013671875,1.3359999656677246,158.0,4416.75,1.3380000591278076,155.60000610351562,4367.43017578125,1.2970000505447388,156.7899932861328,4367.43017578125,1.3359999656677246,6844800,3939170000,0
2021-09-23,145.607666015625,4448.97998046875,1.409999966621399,159.5800018310547,4448.97998046875,1.409999966621399,160.2899932861328,4465.39990234375,1.4110000133514404,158.27000427246094,4406.75,1.3359999656677246,158.7100067138672,4406.75,1.3380000591278076,11981500,3916350000,0
2021-09-24,136.49237060546875,4455.47998046875,1.4600000381469727,149.58999633789062,4455.47998046875,1.4600000381469727,151.85000610351562,4463.1201171875,1.465999960899353,148.0,4430.27001953125,1.4220000505447388,151.0399932861328,4438.0400390625,1.4229999780654907,26913300,3384290000,0
2021-09-27,135.07806396484375,4443.10986328125,1.4839999675750732,148.0399932861328,4443.10986328125,1.4839999675750732,149.91000366210938,4457.2998046875,1.5169999599456787,147.2899932861328,4436.18994140625,1.4700000286102295,149.50999450683594,4442.1201171875,1.496000051498413,11479300,4058650000,0
2021-09-28,132.5780029296875,4352.6298828125,1.534000039100647,145.3000030517578,4352.6298828125,1.534000039100647,147.52999877929688,4419.5400390625,1.5670000314712524,145.0,4346.330078125,1.5149999856948853,147.33999633789062,4419.5400390625,1.5369999408721924,10692300,4416550000,0
2021-09-29,133.23495483398438,4359.4599609375,1.5410000085830688,146.02000427246094,4359.4599609375,1.5410000085830688,147.94000244140625,4385.56982421875,1.5529999732971191,145.69000244140625,4355.080078125,1.4980000257492065,145.7100067138672,4362.41015625,1.5169999599456787,7794900,3712660000,0
2021-09-30,132.5141143798828,4307.5400390625,1.5290000438690186,145.22999572753906,4307.5400390625,1.5290000438690186,147.47999572753906,4382.5498046875,1.5549999475479126,144.4199981689453,4306.240234375,1.5119999647140503,145.8800048828125,4370.669921875,1.5379999876022339,10133600,4448140000,0
2021-10-01,134.1838836669922,4357.0400390625,1.4789999723434448,147.05999755859375,4357.0400390625,1.4789999723434448,148.0,4375.18994140625,1.5049999952316284,144.3699951171875,4288.52001953125,1.4739999771118164,145.22000122070312,4317.16015625,1.496000051498413,8112300,4010370000,0
2021-10-04,134.25686645507812,4300.4599609375,1.4809999465942383,147.13999938964844,4300.4599609375,1.4809999465942383,147.6199951171875,4355.509765625,1.5080000162124634,145.75999450683594,4278.93994140625,1.4630000591278076,147.05999755859375,4348.83984375,1.4859999418258667,7951000,4307870000,0
2021-10-05,136.37379455566406,4345.72021484375,1.5290000438690186,149.4600067138672,4345.72021484375,1.5290000438690186,151.0,4369.22998046875,1.5379999876022339,147.82000732421875,4309.8701171875,1.4889999628067017,148.0,4309.8701171875,1.4910000562667847,10881900,3902890000,0
2021-10-06,135.7715301513672,4363.5498046875,1.5240000486373901,148.8000030517578,4363.5498046875,1.5240000486373901,149.4600067138672,4365.56982421875,1.5429999828338623,147.50999450683594,4290.490234375,1.5089999437332153,148.0,4319.56982421875,1.5429999828338623,7610700,4009630000,0
2021-10-07,138.55450439453125,4399.759765625,1.5709999799728394,151.85000610351562,4399.759765625,1.5709999799728394,153.66000366210938,4429.97021484375,1.5729999542236328,150.25999450683594,4383.72998046875,1.5290000438690186,150.3000030517578,4383.72998046875,1.5290000438690186,7958000,3843740000,0
2021-10-08,139.1293487548828,4391.33984375,1.6050000190734863,152.47999572753906,4391.33984375,1.6050000190734863,152.8699951171875,4412.02001953125,1.6169999837875366,150.6699981689453,4386.22021484375,1.5579999685287476,152.22000122070312,4406.509765625,1.5750000476837158,6333700,3280160000,0
2021-10-11,137.12193298339844,4361.18994140625,1.6139999628067017,150.27999877929688,4361.18994140625,1.6139999628067017,153.58999633789062,4415.8798828125,1.6139999628067017,150.05999755859375,4360.58984375,1.6139999628067017,151.99000549316406,4385.43994140625,1.6139999628067017,5551200,3281970000,0
2021-10-12,139.9231719970703,4350.64990234375,1.5800000429153442,153.35000610351562,4350.64990234375,1.5800000429153442,153.60000610351562,4374.89013671875,1.6150000095367432,151.3000030517578,4342.08984375,1.5770000219345093,152.4199981689453,4368.31005859375,1.600000023841858,7408600,3558450000,0
2021-10-13,142.61488342285156,4363.7998046875,1.5490000247955322,156.3000030517578,4363.7998046875,1.5490000247955322,156.6699981689453,4372.8701171875,1.600000023841858,153.16000366210938,4329.919921875,1.5260000228881836,154.32000732421875,4358.009765625,1.565000057220459,8456300,3620070000,0
2021-10-14,143.38134765625,4438.259765625,1.5190000534057617,157.13999938964844,4438.259765625,1.5190000534057617,158.4600067138672,4439.72998046875,1.5460000038146973,156.25,4386.75,1.5069999694824219,158.17999267578125,4386.75,1.5369999408721924,6024500,3598280000,0
2021-10-15,144.1751251220703,4471.3701171875,1.5759999752044678,158.00999450683594,4471.3701171875,1.5759999752044678,158.3300018310547,4475.81982421875,1.5770000219345093,156.55999755859375,4447.68994140625,1.5390000343322754,157.8000030517578,4447.68994140625,1.5420000553131104,5532100,3819380000,0
2021-10-18,145.47080993652344,4486.4599609375,1.5839999914169312,159.42999267578125,4486.4599609375,1.5839999914169312,159.47000122070312,4488.75,1.6269999742507935,155.9499969482422,4447.47021484375,1.5770000219345093,157.30999755859375,4463.72021484375,1.5989999771118164,5765300,3662010000,0
2021-10-19,144.00181579589844,4519.6298828125,1.6349999904632568,157.82000732421875,4519.6298828125,1.6349999904632568,159.92999267578125,4520.39990234375,1.6360000371932983,156.8000030517578,4496.41015625,1.593000054359436,159.67999267578125,4497.33984375,1.593000054359436,6198200,3459130000,0
2021-10-20,144.57662963867188,4536.18994140625,1.6360000371932983,158.4499969482422,4536.18994140625,1.6360000371932983,158.8000030517578,4540.8701171875,1.652999997138977,157.32000732421875,4524.39990234375,1.6200000047683716,158.5,4524.419921875,1.6230000257492065,4487000,3670760000,0
2021-10-21,147.98004150390625,4549.77978515625,1.6759999990463257,162.17999267578125,4549.77978515625,1.6759999990463257,162.33999633789062,4551.43994140625,1.6829999685287476,158.27999877929688,4526.89013671875,1.6449999809265137,158.4499969482422,4532.240234375,1.6749999523162842,6121700,3822330000,0
2021-10-22,149.16619873046875,4544.89990234375,1.6549999713897705,163.47999572753906,4544.89990234375,1.6549999713897705,164.6199951171875,4559.669921875,1.690999984741211,162.27999877929688,4524.0,1.6360000371932983,162.27999877929688,4546.1201171875,1.687000036239624,5323000,3758220000,0
2021-10-25,149.84141540527344,4566.47998046875,1.6349999904632568,164.22000122070312,4566.47998046875,1.6349999904632568,164.72999572753906,4572.6201171875,1.6729999780654907,162.66000366210938,4537.35986328125,1.6200000047683716,163.22999572753906,4553.68994140625,1.6540000438690186,3878200,3899400000,0
2021-10-26,149.44906616210938,4574.7900390625,1.61899995803833,163.7899932861328,4574.7900390625,1.61899995803833,165.4499969482422,4598.52978515625,1.6540000438690186,163.1199951171875,4569.169921875,1.6169999837875366,164.82000732421875,4578.68994140625,1.6180000305175781,4711200,3879740000,0
2021-10-27,148.1351776123047,4551.68017578125,1.5290000438690186,162.35000610351562,4551.68017578125,1.5290000438690186,164.05999755859375,4584.56982421875,1.5989999771118164,161.66000366210938,4551.66015625,1.5199999809265137,163.64999389648438,4580.22021484375,1.5829999446868896,4163900,4226050000,0
2021-10-28,150.06039428710938,4596.419921875,1.5679999589920044,164.4600067138672,4596.419921875,1.5679999589920044,164.60000610351562,4597.5498046875,1.5820000171661377,162.80999755859375,4562.83984375,1.5299999713897705,163.00999450683594,4562.83984375,1.5410000085830688,3762000,4132950000,0
2021-10-29,152.64260864257812,4605.3798828125,1.5570000410079956,167.2899932861328,4605.3798828125,1.5570000410079956,167.6300048828125,4608.080078125,1.61899995803833,163.0,4567.58984375,1.5540000200271606,163.05999755859375,4572.8701171875,1.6050000190734863,6740600,4510200000,0
2021-11-01,151.76666259765625,4613.669921875,1.5750000476837158,166.3300018310547,4613.669921875,1.5750000476837158,168.8000030517578,4620.33984375,1.6050000190734863,165.88999938964844,4595.06005859375,1.5609999895095825,167.8000030517578,4610.6201171875,1.5870000123977661,3610800,3971540000,0
2021-11-02,153.13536071777344,4630.64990234375,1.5490000247955322,167.8300018310547,4630.64990234375,1.5490000247955322,168.16000366210938,4635.14990234375,1.5700000524520874,166.11000061035156,4613.33984375,1.527999997138977,166.75999450683594,4613.33984375,1.555999994277954,5038000,3975250000,0
2021-11-03,157.3964385986328,4660.56982421875,1.5789999961853027,172.5,4660.56982421875,1.5789999961853027,172.8699951171875,4663.4599609375,1.6019999980926514,168.64999389648438,4621.18994140625,1.5299999713897705,169.0,4630.64990234375,1.534999966621399,7176700,4319660000,0
2021-11-04,160.0790252685547,4680.06005859375,1.5240000486373901,175.44000244140625,4680.06005859375,1.5240000486373901,175.6300048828125,4683.0,1.5789999961853027,172.0,4662.58984375,1.5089999437332153,172.2100067138672,4662.93017578125,1.5679999589920044,5460100,4462300000,0
2021-11-05,161.9678192138672,4697.52978515625,1.4529999494552612,177.50999450683594,4697.52978515625,1.4529999494552612,179.10000610351562,4718.5,1.5470000505447388,175.5,4681.31982421875,1.4500000476837158,175.72999572753906,4699.259765625,1.5260000228881836,5892200,4467180000,0
2021-11-08,156.80337524414062,4701.7001953125,1.496999979019165,171.85000610351562,4701.7001953125,1.496999979019165,176.5399932861328,4714.919921875,1.503999948501587,170.36000061035156,4694.39013671875,1.4600000381469727,176.35000610351562,4701.47998046875,1.4830000400543213,8301100,4269710000,0
2021-11-09,158.60084533691406,4685.25,1.4320000410079956,173.82000732421875,4685.25,1.4320000410079956,173.92999267578125,4708.52978515625,1.468999981880188,170.9499969482422,4670.8701171875,1.4149999618530273,171.25,4707.25,1.4639999866485596,4343000,4117080000,0
2021-11-10,153.5277099609375,4646.7099609375,1.559999942779541,168.25999450683594,4646.7099609375,1.559999942779541,172.1699981689453,4684.85009765625,1.5920000076293945,167.5500030517578,4630.85986328125,1.4639999866485596,171.22999572753906,4670.259765625,1.4730000495910645,8185200,4503720000,0
2021-11-11,152.35061645507812,4649.27001953125,1.559999942779541,166.97000122070312,4649.27001953125,1.559999942779541,169.60000610351562,4664.5498046875,1.559999942779541,166.6300048828125,4648.31005859375,1.559999942779541,169.60000610351562,4659.39013671875,1.559999942779541,4994900,3926870000,0
2021-11-12,154.28500366210938,4682.85009765625,1.5820000171661377,169.08999633789062,4682.85009765625,1.5820000171661377,169.67999267578125,4688.47021484375,1.5889999866485596,167.39999389648438,4650.77001953125,1.5410000085830688,167.5,4655.240234375,1.5720000267028809,5126300,3728600000,0
2021-11-15,154.06602478027344,4682.7998046875,1.6230000257492065,168.85000610351562,4682.7998046875,1.6230000257492065,170.36000061035156,4697.419921875,1.625,168.52000427246094,4672.85986328125,1.5490000247955322,169.6999969482422,4689.2998046875,1.5529999732971191,3856700,3488410000,0
2021-11-16,156.78509521484375,4700.89990234375,1.6339999437332153,171.8300018310547,4700.89990234375,1.6339999437332153,174.0,4714.9501953125,1.6369999647140503,169.25,4679.419921875,1.5989999771118164,169.25,4679.419921875,1.6009999513626099,4401000,3972640000,0
2021-11-17,156.7030029296875,4688.669921875,1.6039999723434448,171.74000549316406,4688.669921875,1.6039999723434448,172.74000549316406,4701.5,1.6460000276565552,170.25,4684.41015625,1.5989999771118164,171.60000610351562,4701.5,1.6410000324249268,3940200,3969070000,0
2021-11-18,156.34715270996094,4704.5400390625,1.5889999866485596,171.35000610351562,4704.5400390625,1.5889999866485596,173.4600067138672,4708.7998046875,1.6130000352859497,170.36000061035156,4672.77978515625,1.5770000219345093,172.3300018310547,4700.72021484375,1.5959999561309814,4044200,4226410000,0
2021-11-19,159.5680694580078,4697.9599609375,1.5360000133514404,174.8800048828125,4697.9599609375,1.5360000133514404,177.1999969482422,4717.75,1.5570000410079956,170.52999877929688,4694.22021484375,1.5210000276565552,172.14999389648438,4708.43994140625,1.5290000438690186,6145600,4253180000,0
2021-11-22,158.98410034179688,4682.93994140625,1.625,174.24000549316406,4682.93994140625,1.625,177.75,4743.830078125,1.6269999742507935,174.22999572753906,4682.169921875,1.5700000524520874,174.97999572753906,4712.0,1.5750000476837158,5906400,4441100000,0
2021-11-23,157.07708740234375,4690.7001953125,1.6670000553131104,172.14999389648438,4690.7001953125,1.6670000553131104,173.42999267578125,4699.39013671875,1.6690000295639038,170.41000366210938,4652.66015625,1.6390000581741333,173.0500030517578,4678.47998046875,1.6549999713897705,5302100,4277590000,0
2021-11-24,156.96759033203125,4701.4599609375,1.6449999809265137,172.02999877929688,4701.4599609375,1.6449999809265137,172.42999267578125,4702.8701171875,1.6929999589920044,167.6699981689453,4659.89013671875,1.6390000581741333,168.49000549316406,4675.77978515625,1.6649999618530273,4637600,3418430000,0
2021-11-26,153.30874633789062,4594.6201171875,1.4819999933242798,168.02000427246094,4594.6201171875,1.4819999933242798,169.67999267578125,4664.6298828125,1.5429999828338623,167.5399932861328,4585.43017578125,1.4730000495910645,168.05999755859375,4664.6298828125,1.5379999876022339,4751100,3517700000,0
2021-11-29,154.99668884277344,4655.27001953125,1.5299999713897705,169.8699951171875,4655.27001953125,1.5299999713897705,171.14999389648438,4672.9501953125,1.565000057220459,169.22999572753906,4625.259765625,1.5110000371932983,169.8300018310547,4628.75,1.5470000505447388,5448700,4336410000,0
2021-11-30,154.42185974121094,4567.0,1.4429999589920044,169.24000549316406,4567.0,1.4429999589920044,171.5500030517578,4646.02001953125,1.5,167.52999877929688,4560.0,1.4119999408721924,168.7899932861328,4640.25,1.444000005722046,11033700,6625990000,0
2021-12-01,152.10423278808594,4513.0400390625,1.434000015258789,166.6999969482422,4513.0400390625,1.434000015258789,173.3699951171875,4652.93994140625,1.496999979019165,166.67999267578125,4510.27001953125,1.430999994277954,170.88999938964844,4602.81982421875,1.4819999933242798,6618200,5366730000,0
2021-12-02,155.11532592773438,4577.10009765625,1.4479999542236328,170.0,4577.10009765625,1.4479999542236328,170.5500030517578,4595.4599609375,1.465000033378601,167.0,4504.72998046875,1.409000039100647,167.27999877929688,4504.72998046875,1.4220000505447388,4398900,5077180000,0
2021-12-03,155.61351013183594,4538.43017578125,1.343000054359436,170.24000549316406,4538.43017578125,1.343000054359436,172.07000732421875,4608.02978515625,1.4700000286102295,166.75999450683594,4495.1201171875,1.343000054359436,170.6199951171875,4589.490234375,1.4240000247955322,4878500,5240070000,0
2021-12-06,154.39776611328125,4591.669921875,1.434000015258789,168.91000366210938,4591.669921875,1.434000015258789,171.2100067138672,4612.60009765625,1.440999984741211,168.05999755859375,4540.509765625,1.3700000047683716,170.8300018310547,4548.3701171875,1.3899999856948853,5636900,4770800000,0
2021-12-07,156.57327270507812,4686.75,1.4800000190734863,171.2899932861328,4686.75,1.4800000190734863,173.35000610351562,4694.0400390625,1.4819999933242798,170.39999389648438,4631.97021484375,1.4390000104904175,171.11000061035156,4631.97021484375,1.4529999494552612,5898700,4492400000,0
2021-12-08,155.62265014648438,4701.2099609375,1.5089999437332153,170.25,4701.2099609375,1.5089999437332153,171.7899932861328,4705.06005859375,1.5369999408721924,169.83999633789062,4674.52001953125,1.4889999628067017,171.22000122070312,4690.85986328125,1.4900000095367432,5614400,4234600000,0
2021-12-09,153.65737915039062,4667.4501953125,1.4869999885559082,168.10000610351562,4667.4501953125,1.4869999885559082,171.1699981689453,4695.259765625,1.5080000162124634,167.99000549316406,4665.97998046875,1.472000002861023,169.2899932861328,4691.0,1.4839999675750732,5171600,3903840000,0
2021-12-10,154.53489685058594,4712.02001953125,1.4889999628067017,169.05999755859375,4712.02001953125,1.4889999628067017,170.24000549316406,4713.56982421875,1.5199999809265137,167.3300018310547,4670.240234375,1.4509999752044678,168.5,4687.64013671875,1.5089999437332153,4791100,3870110000,0
2021-12-13,152.50559997558594,4668.97021484375,1.4240000247955322,166.83999633789062,4668.97021484375,1.4240000247955322,169.38999938964844,4710.2998046875,1.472000002861023,165.25999450683594,4667.60009765625,1.4140000343322754,168.80999755859375,4710.2998046875,1.468000054359436,5972300,4397230000,0
2021-12-14,151.18936157226562,4634.08984375,1.437999963760376,165.39999389648438,4634.08984375,1.437999963760376,167.0800018310547,4660.47021484375,1.472000002861023,164.2100067138672,4606.52001953125,1.4210000038146973,166.2899932861328,4642.990234375,1.4390000104904175,4872200,4485430000,0
2021-12-15,149.8181915283203,4709.85009765625,1.4630000591278076,163.89999389648438,4709.85009765625,1.4630000591278076,165.6699981689453,4712.60009765625,1.4839999675750732,161.82000732421875,4611.22021484375,1.4359999895095825,165.0,4636.4599609375,1.4459999799728394,7144600,4910130000,0
2021-12-16,148.73960876464844,4668.669921875,1.4220000505447388,162.72000122070312,4668.669921875,1.4220000505447388,165.94000244140625,4731.990234375,1.4789999723434448,162.52999877929688,4651.89013671875,1.4160000085830688,162.6999969482422,4719.1298828125,1.472000002861023,7138100,4829500000,0
2021-12-17,147.49644470214844,4620.64013671875,1.4019999504089355,161.36000061035156,4620.64013671875,1.4019999504089355,162.86000061035156,4666.7001953125,1.4119999408721924,160.5500030517578,4600.22021484375,1.371999979019165,161.6300048828125,4652.5,1.3949999809265137,7705100,7987090000,0
2021-12-20,143.49276733398438,4568.02001953125,1.4190000295639038,156.97999572753906,4568.02001953125,1.4190000295639038,159.60000610351562,4587.89990234375,1.4210000038146973,155.47000122070312,4531.10009765625,1.375,159.33999633789062,4587.89990234375,1.3869999647140503,8411900,4635700000,0
2021-12-21,152.31365966796875,4649.22998046875,1.4869999885559082,166.6300048828125,4649.22998046875,1.4869999885559082,171.19000244140625,4651.14013671875,1.4980000257492065,164.7100067138672,4583.16015625,1.4479999542236328,166.69000244140625,4594.9599609375,1.4500000476837158,13862900,4072430000,0
2021-12-22,151.22589111328125,4696.56005859375,1.4570000171661377,165.44000244140625,4696.56005859375,1.4570000171661377,169.0,4697.669921875,1.4809999465942383,164.08999633789062,4645.52978515625,1.4479999542236328,167.24000549316406,4650.35986328125,1.4769999980926514,5811300,3319610000,0
2021-12-23,151.43614196777344,4725.7900390625,1.4930000305175781,165.6699981689453,4725.7900390625,1.4930000305175781,167.16000366210938,4740.740234375,1.5010000467300415,165.44000244140625,4703.9599609375,1.4579999446868896,166.25,4703.9599609375,1.4759999513626099,3876900,2913040000,0
2021-12-27,153.1820526123047,4791.18994140625,1.4809999465942383,167.5800018310547,4791.18994140625,1.4809999465942383,167.69000244140625,4791.490234375,1.49399995803833,165.47999572753906,4733.990234375,1.4759999513626099,166.52000427246094,4733.990234375,1.4889999628067017,3769300,2770290000,0
2021-12-28,152.1217041015625,4786.35009765625,1.4809999465942383,166.4199981689453,4786.35009765625,1.4809999465942383,168.25,4807.02001953125,1.4889999628067017,166.3000030517578,4780.0400390625,1.4550000429153442,167.8000030517578,4795.490234375,1.4859999418258667,2658600,2707920000,0
2021-12-29,154.2789306640625,4793.06005859375,1.5429999828338623,168.77999877929688,4793.06005859375,1.5429999828338623,169.8000030517578,4804.06005859375,1.5579999685287476,166.60000610351562,4778.080078125,1.5049999952316284,167.07000732421875,4788.64013671875,1.5049999952316284,3830900,2963310000,0
2021-12-30,153.09979248046875,4778.72998046875,1.5149999856948853,167.49000549316406,4778.72998046875,1.5149999856948853,170.1199951171875,4808.93017578125,1.5499999523162842,167.1999969482422,4775.330078125,1.5130000114440918,168.30999755859375,4794.22998046875,1.531000018119812,2666800,3124950000,0
2021-12-31,152.3502655029297,4766.18017578125,1.5119999647140503,166.6699981689453,4766.18017578125,1.5119999647140503,167.72000122070312,4786.830078125,1.5219999551773071,166.2100067138672,4765.75,1.4910000562667847,167.55999755859375,4775.2099609375,1.5049999952316284,2752000,2677820000,0
2022-01-03,150.52206420898438,4796.56005859375,1.628000020980835,164.6699981689453,4796.56005859375,1.628000020980835,167.91000366210938,4796.64013671875,1.6349999904632568,163.30999755859375,4758.169921875,1.5329999923706055,167.52999877929688,4778.14013671875,1.534000039100647,5670500,3831020000,0
2022-01-04,152.09429931640625,4793.5400390625,1.6679999828338623,166.38999938964844,4793.5400390625,1.6679999828338623,167.17999267578125,4818.6201171875,1.6859999895095825,165.0,4774.27001953125,1.6540000438690186,165.8800048828125,4804.509765625,1.6629999876022339,6064200,4683170000,0
2022-01-05,148.30996704101562,4700.580078125,1.7050000429153442,162.25,4700.580078125,1.7050000429153442,167.00999450683594,4797.7001953125,1.7100000381469727,162.10000610351562,4699.43994140625,1.6469999551773071,166.49000549316406,4787.990234375,1.659999966621399,5021000,4887960000,0
2022-01-06,147.20394897460938,4696.0498046875,1.7330000400543213,161.0399932861328,4696.0498046875,1.7330000400543213,163.19000244140625,4725.009765625,1.74399995803833,159.05999755859375,4671.259765625,1.7209999561309814,162.08999633789062,4693.39013671875,1.7330000400543213,4144600,4295280000,0
2022-01-07,143.48365783691406,4677.02978515625,1.7710000276565552,156.97000122070312,4677.02978515625,1.7710000276565552,161.13999938964844,4707.9501953125,1.8009999990463257,156.86000061035156,4662.740234375,1.7269999980926514,160.77000427246094,4697.66015625,1.7389999628067017,5108000,4181510000,0
2022-01-10,137.51467895507812,4670.2900390625,1.7799999713897705,150.44000244140625,4670.2900390625,1.7799999713897705,151.3300018310547,4673.02001953125,1.8079999685287476,148.77999877929688,4582.240234375,1.7669999599456787,150.52000427246094,4655.33984375,1.774999976158142,10439000,4511810000,0
2022-01-11,137.38670349121094,4713.06982421875,1.746000051498413,150.3000030517578,4713.06982421875,1.746000051498413,150.83999633789062,4714.1298828125,1.784999966621399,147.60000610351562,4638.27001953125,1.7450000047683716,150.47999572753906,4669.14013671875,1.7599999904632568,8175400,4101590000,0
2022-01-12,139.13259887695312,4726.35009765625,1.725000023841858,152.2100067138672,4726.35009765625,1.725000023841858,153.4600067138672,4748.830078125,1.746000051498413,150.74000549316406,4706.7099609375,1.7109999656677246,152.1300048828125,4728.58984375,1.7319999933242798,6351200,4048220000,0
2022-01-13,136.73770141601562,4659.02978515625,1.7109999656677246,149.58999633789062,4659.02978515625,1.7109999656677246,153.60000610351562,4744.1298828125,1.746000051498413,149.02000427246094,4650.2900390625,1.7079999446868896,153.1999969482422,4733.56005859375,1.7380000352859497,4990900,4251730000,0
2022-01-14,135.4488067626953,4662.85009765625,1.7719999551773071,148.17999267578125,4662.85009765625,1.7719999551773071,148.83999633789062,4665.1298828125,1.774999976158142,146.85000610351562,4614.75,1.7059999704360962,148.38999938964844,4637.990234375,1.7259999513626099,6030500,4338490000,0
2022-01-18,134.3245086669922,4577.10986328125,1.8650000095367432,146.9499969482422,4577.10986328125,1.8650000095367432,148.8300018310547,4632.240234375,1.8660000562667847,146.3000030517578,4568.7001953125,1.812999963760376,148.05999755859375,4632.240234375,1.8270000219345093,6931000,4748700000,0
2022-01-19,132.6426239013672,4532.759765625,1.8270000219345093,145.11000061035156,4532.759765625,1.8270000219345093,149.10000610351562,4611.5498046875,1.8739999532699585,145.02000427246094,4530.2001953125,1.8220000267028809,147.75999450683594,4588.02978515625,1.8580000400543213,4823800,4465740000,0
2022-01-20,130.4671173095703,4482.72998046875,1.8329999446868896,142.72999572753906,4482.72998046875,1.8329999446868896,147.3800048828125,4602.10986328125,1.8450000286102295,142.5,4477.9501953125,1.8200000524520874,145.4600067138672,4547.35009765625,1.8289999961853027,5366500,4640870000,0
2022-01-21,130.66819763183594,4397.93994140625,1.746999979019165,142.9499969482422,4397.93994140625,1.746999979019165,146.36000061035156,4494.52001953125,1.784999966621399,142.85000610351562,4395.33984375,1.7330000400543213,144.32000732421875,4471.3798828125,1.7719999551773071,7553400,5589100000,0
2022-01-24,133.45616149902344,4410.1298828125,1.7350000143051147,146.0,4410.1298828125,1.7350000143051147,146.30999755859375,4417.35009765625,1.7369999885559082,139.55999755859375,4222.6201171875,1.7070000171661377,140.80999755859375,4356.31982421875,1.7319999933242798,9733200,6928110000,0
2022-01-25,132.98080444335938,4356.4501953125,1.7829999923706055,145.47999572753906,4356.4501953125,1.7829999923706055,147.9600067138672,4411.009765625,1.7869999408721924,142.50999450683594,4287.10986328125,1.7300000190734863,144.97000122070312,4366.64013671875,1.7740000486373901,8195400,5145050000,0
2022-01-26,131.6188507080078,4349.93017578125,1.8480000495910645,143.99000549316406,4349.93017578125,1.8480000495910645,148.97000122070312,4453.22998046875,1.8569999933242798,142.72999572753906,4304.7998046875,1.7710000276565552,147.77999877929688,4408.43017578125,1.784999966621399,7444600,5570640000,0
2022-01-27,132.21298217773438,4326.509765625,1.8070000410079956,144.63999938964844,4326.509765625,1.8070000410079956,147.35000610351562,4428.740234375,1.8420000076293945,143.5800018310547,4309.5,1.781999945640564,144.99000549316406,4380.580078125,1.8300000429153442,6396400,5214200000,0
2022-01-28,133.3738555908203,4431.85009765625,1.781999945640564,145.91000366210938,4431.85009765625,1.781999945640564,146.02999877929688,4432.72021484375,1.8480000495910645,140.61000061035156,4292.4599609375,1.7769999504089355,144.1199951171875,4336.18994140625,1.8339999914169312,6130200,5031090000,0
2022-01-31,135.34829711914062,4515.5498046875,1.781999945640564,148.07000732421875,4515.5498046875,1.781999945640564,148.17999267578125,4516.89013671875,1.815999984741211,145.22000122070312,4414.02001953125,1.7730000019073486,146.27000427246094,4431.7900390625,1.8029999732971191,6932200,5098610000,0
2022-02-01,135.4854278564453,4546.5400390625,1.7999999523162842,148.22000122070312,4546.5400390625,1.7999999523162842,149.67999267578125,4550.490234375,1.8200000524520874,146.8000030517578,4483.52978515625,1.75,149.5,4519.56982421875,1.75,6695000,4816830000,0
2022-02-02,135.9333038330078,4589.3798828125,1.7660000324249268,148.7100067138672,4589.3798828125,1.7660000324249268,149.4600067138672,4595.31005859375,1.8109999895095825,147.52999877929688,4544.31982421875,1.7430000305175781,148.35000610351562,4566.39013671875,1.7769999504089355,5491700,4481580000,0
2022-02-03,132.82540893554688,4477.43994140625,1.8270000219345093,145.30999755859375,4477.43994140625,1.8270000219345093,148.4600067138672,4542.8798828125,1.847000002861023,144.97000122070312,4470.39013671875,1.7970000505447388,147.39999389648438,4535.41015625,1.7979999780654907,5240200,4401970000,0
2022-02-04,132.8985595703125,4500.52978515625,1.9299999475479126,145.38999938964844,4500.52978515625,1.9299999475479126,146.47999572753906,4539.66015625,1.9359999895095825,143.63999938964844,4451.5,1.809999942779541,145.3699951171875,4482.7900390625,1.812999963760376,4313400,4706290000,0
2022-02-07,132.67005920410156,4483.8701171875,1.9160000085830688,145.13999938964844,4483.8701171875,1.9160000085830688,146.1199951171875,4521.85986328125,1.9390000104904175,144.22000122070312,4471.47021484375,1.909999966621399,145.3000030517578,4505.75,1.9210000038146973,3877500,4228480000,0
2022-02-08,131.19834899902344,4521.5400390625,1.9539999961853027,143.52999877929688,4521.5400390625,1.9539999961853027,145.5,4531.31982421875,1.9709999561309814,142.3000030517578,4465.39990234375,1.9429999589920044,144.74000549316406,4480.02001953125,1.9429999589920044,5829400,4459620000,0
2022-02-09,133.69381713867188,4587.18017578125,1.9290000200271606,146.25999450683594,4587.18017578125,1.9290000200271606,147.36000061035156,4590.02978515625,1.9470000267028809,145.6699981689453,4547.0,1.909000039100647,146.11000061035156,4547.0,1.9359999895095825,4551000,4524350000,0
2022-02-10,132.37750244140625,4504.080078125,2.0309998989105225,144.82000732421875,4504.080078125,2.0309998989105225,147.5399932861328,4588.919921875,2.049999952316284,143.85000610351562,4484.31005859375,1.9270000457763672,143.9600067138672,4553.240234375,1.9290000200271606,5142600,5314860000,0
2022-02-11,128.1361846923828,4418.64013671875,1.9550000429153442,140.17999267578125,4418.64013671875,1.9550000429153442,145.05999755859375,4526.330078125,2.062999963760376,139.55999755859375,4401.41015625,1.934000015258789,144.75999450683594,4506.27001953125,2.006999969482422,6710500,5251500000,0
2022-02-14,129.42503356933594,4401.669921875,1.996000051498413,141.58999633789062,4401.669921875,1.996000051498413,143.2100067138672,4426.22021484375,2.0260000228881836,139.7899932861328,4364.83984375,1.9550000429153442,140.0800018310547,4412.60986328125,1.9630000591278076,6841200,4600390000,0
2022-02-15,133.07228088378906,4471.06982421875,2.0450000762939453,145.5800018310547,4471.06982421875,2.0450000762939453,146.32000732421875,4472.77001953125,2.055999994277954,144.10000610351562,4429.27978515625,2.0239999294281006,144.22000122070312,4429.27978515625,2.0329999923706055,7820200,4430830000,0
2022-02-16,133.904052734375,4475.009765625,2.046999931335449,146.49000549316406,4475.009765625,2.046999931335449,146.9499969482422,4489.5498046875,2.065000057220459,144.61000061035156,4429.68017578125,2.006999969482422,145.02000427246094,4455.75,2.0350000858306885,4817500,4283640000,0
2022-02-17,130.5310821533203,4380.259765625,1.972000002861023,142.8000030517578,4380.259765625,1.972000002861023,146.91000366210938,4456.06005859375,2.0139999389648438,142.63999938964844,4373.81005859375,1.9529999494552612,145.5399932861328,4456.06005859375,2.002000093460083,5202300,4539420000,0
2022-02-18,130.66819763183594,4348.8701171875,1.9320000410079956,142.9499969482422,4348.8701171875,1.9320000410079956,143.94000244140625,4394.60009765625,1.9600000381469727,141.80999755859375,4327.22021484375,1.9179999828338623,143.3699951171875,4384.56982421875,1.9600000381469727,5177400,4708060000,0
2022-02-22,126.3171615600586,4304.759765625,1.9479999542236328,138.19000244140625,4304.759765625,1.9479999542236328,141.63999938964844,4362.1201171875,1.9600000381469727,136.16000366210938,4267.10986328125,1.9199999570846558,141.58999633789062,4332.740234375,1.944000005722046,9604500,5121900000,0
2022-02-23,125.0739974975586,4225.5,1.9769999980926514,136.8300018310547,4225.5,1.9769999980926514,140.97000122070312,4341.509765625,2.0,136.50999450683594,4221.509765625,1.9550000429153442,139.66000366210938,4324.93017578125,1.9809999465942383,7636600,4797430000,0
2022-02-24,125.38477325439453,4288.7001953125,1.968999981880188,137.1699981689453,4288.7001953125,1.968999981880188,137.4199981689453,4294.72998046875,1.968999981880188,130.92999267578125,4114.64990234375,1.8559999465942383,133.0,4155.77001953125,1.8819999694824219,8417200,6752130000,0
2022-02-25,126.87476348876953,4384.64990234375,1.9859999418258667,138.8000030517578,4384.64990234375,1.9859999418258667,139.22000122070312,4385.33984375,2.010999917984009,136.19000244140625,4286.830078125,1.9630000591278076,138.1300048828125,4298.3798828125,1.9980000257492065,5424500,5177060000,0
2022-02-28,124.81803894042969,4373.93994140625,1.8389999866485596,136.5500030517578,4373.93994140625,1.8389999866485596,138.3800048828125,4388.83984375,1.9199999570846558,135.0399932861328,4315.1201171875,1.8389999866485596,137.05999755859375,4354.169921875,1.9170000553131104,6613300,6071370000,0
2022-03-01,120.86006927490234,4306.259765625,1.7070000171661377,132.22000122070312,4306.259765625,1.7070000171661377,136.75,4378.4501953125,1.7940000295639038,131.14999389648438,4279.5400390625,1.6820000410079956,136.72000122070312,4363.14013671875,1.7339999675750732,6534000,5846230000,0
2022-03-02,124.02279663085938,4386.5400390625,1.8650000095367432,135.67999267578125,4386.5400390625,1.8650000095367432,136.61000061035156,4401.47998046875,1.8680000305175781,132.77000427246094,4322.56005859375,1.7599999904632568,132.97999572753906,4322.56005859375,1.7769999504089355,7743900,5337870000,0
2022-03-03,122.45970916748047,4363.490234375,1.843999981880188,133.97000122070312,4363.490234375,1.843999981880188,136.8000030517578,4416.77978515625,1.8969999551773071,133.4499969482422,4345.56005859375,1.8300000429153442,136.74000549316406,4401.31005859375,1.847000002861023,4576500,5039890000,0
2022-03-04,120.18302917480469,4328.8701171875,1.7239999771118164,131.17999267578125,4328.8701171875,1.7239999771118164,133.6199951171875,4342.1201171875,1.815999984741211,130.6999969482422,4284.97998046875,1.7000000476837158,132.50999450683594,4342.1201171875,1.7940000295639038,7084500,5797380000,0
2022-03-07,114.00806427001953,4201.08984375,1.7510000467300415,124.44000244140625,4201.08984375,1.7510000467300415,131.02999877929688,4327.009765625,1.805999994277954,124.16999816894531,4199.85009765625,1.718999981880188,131.0,4327.009765625,1.7730000019073486,11383400,6940470000,0
2022-03-08,111.04886627197266,4170.7001953125,1.871999979019165,121.20999908447266,4170.7001953125,1.871999979019165,125.47000122070312,4276.93994140625,1.8769999742507935,120.80000305175781,4157.8701171875,1.8350000381469727,125.23999786376953,4202.66015625,1.8509999513626099,9089400,7243120000,0
2022-03-09,116.30763244628906,4277.8798828125,1.9479999542236328,126.94999694824219,4277.8798828125,1.9479999542236328,129.64999389648438,4299.39990234375,1.9500000476837158,126.62999725341797,4223.10009765625,1.8919999599456787,127.37999725341797,4223.10009765625,1.9110000133514404,8845100,5662670000,0
2022-03-10,115.46476745605469,4259.52001953125,2.010999917984009,126.02999877929688,4259.52001953125,2.010999917984009,126.5999984741211,4268.27978515625,2.0209999084472656,124.0,4209.7998046875,1.9459999799728394,124.0199966430664,4252.5498046875,1.9739999771118164,7167400,4980830000,0
2022-03-11,112.34979248046875,4204.31005859375,2.003999948501587,122.62999725341797,4204.31005859375,2.003999948501587,127.87000274658203,4291.009765625,2.0199999809265137,122.51000213623047,4200.490234375,1.9759999513626099,127.01000213623047,4279.5,2.010999917984009,5882000,4938640000,0
2022-03-14,107.71398162841797,4173.10986328125,2.140000104904175,117.56999969482422,4173.10986328125,2.140000104904175,122.44999694824219,4247.56982421875,2.140000104904175,116.75,4161.72021484375,2.069000005722046,121.52999877929688,4202.75,2.078000068664551,13884900,5574920000,0
2022-03-15,109.39057922363281,4262.4501953125,2.1600000858306885,119.4000015258789,4262.4501953125,2.1600000858306885,120.41999816894531,4271.0498046875,2.1619999408721924,117.75,4187.89990234375,2.078000068664551,119.83999633789062,4188.81982421875,2.11899995803833,10431300,5392470000,0
2022-03-16,114.69518280029297,4357.85986328125,2.187999963760376,125.19000244140625,4357.85986328125,2.187999963760376,126.11000061035156,4358.89990234375,2.246000051498413,121.93000030517578,4251.990234375,2.1489999294281006,122.8499984741211,4288.14013671875,2.1689999103546143,11100400,6309750000,0
2022-03-17,116.72908020019531,4411.669921875,2.191999912261963,127.41000366210938,4411.669921875,2.191999912261963,127.41000366210938,4412.669921875,2.194000005722046,123.69999694824219,4335.64990234375,2.134999990463257,124.94000244140625,4345.10986328125,2.1419999599456787,6845300,4985090000,0
2022-03-18,120.23799896240234,4463.1201171875,2.1480000019073486,131.24000549316406,4463.1201171875,2.1480000019073486,131.4600067138672,4465.39990234375,2.177999973297119,126.69999694824219,4390.56982421875,2.13700008392334,126.8499984741211,4407.33984375,2.1510000228881836,10350900,8278430000,0
2022-03-21,119.27605438232422,4461.18017578125,2.315000057220459,130.19000244140625,4461.18017578125,2.315000057220459,132.30999755859375,4481.75,2.315000057220459,128.6199951171875,4424.2998046875,2.2070000171661377,129.72000122070312,4462.39990234375,2.2070000171661377,14388500,4869820000,0
2022-03-22,121.93292236328125,4511.60986328125,2.372999906539917,133.08999633789062,4511.60986328125,2.372999906539917,139.0,4522.0,2.390000104904175,132.99000549316406,4469.10009765625,2.3329999446868896,137.27999877929688,4469.10009765625,2.3550000190734863,19731200,4754840000,0
2022-03-23,121.85047149658203,4456.240234375,2.321000099182129,133.0,4456.240234375,2.321000099182129,135.39999389648438,4501.06982421875,2.3949999809265137,131.1999969482422,4455.81005859375,2.2990000247955322,132.63999938964844,4493.10009765625,2.374000072479248,8068800,4550670000,0
2022-03-24,121.00760650634766,4520.16015625,2.3410000801086426,132.0800018310547,4520.16015625,2.3410000801086426,134.19000244140625,4520.580078125,2.385999917984009,131.1999969482422,4465.169921875,2.3259999752044678,133.75,4469.97998046875,2.368000030517578,5853800,4131390000,0
2022-03-25,122.49176788330078,4543.06005859375,2.492000102996826,133.6999969482422,4543.06005859375,2.492000102996826,133.8699951171875,4546.02978515625,2.503000020980835,131.7100067138672,4501.06982421875,2.3540000915527344,133.0500030517578,4522.91015625,2.3589999675750732,6287000,4305020000,0
2022-03-28,123.50875091552734,4575.52001953125,2.4769999980926514,134.80999755859375,4575.52001953125,2.4769999980926514,134.86000061035156,4575.64990234375,2.4809999465942383,132.1699981689453,4517.68994140625,2.4140000343322754,133.75999450683594,4541.08984375,2.4639999866485596,5804100,4312260000,0
2022-03-29,127.47574615478516,4631.60009765625,2.4000000953674316,139.13999938964844,4631.60009765625,2.4000000953674316,139.75,4637.2998046875,2.496000051498413,136.9499969482422,4589.66015625,2.380000114440918,137.85000610351562,4602.85986328125,2.496000051498413,7275900,5085910000,0
2022-03-30,126.92607116699219,4602.4501953125,2.3580000400543213,138.5399932861328,4602.4501953125,2.3580000400543213,139.86000061035156,4627.77001953125,2.434999942779541,137.55999755859375,4581.31982421875,2.3450000286102295,138.97999572753906,4624.2001953125,2.4019999504089355,5545800,4385570000,0
2022-03-31,123.27969360351562,4530.41015625,2.3269999027252197,134.55999755859375,4530.41015625,2.3269999027252197,138.7100067138672,4603.06982421875,2.3510000705718994,134.5,4530.41015625,2.311000108718872,137.8300018310547,4599.02001953125,2.322000026702881,7206500,4823020000,0
2022-04-01,122.32689666748047,4545.85986328125,2.377000093460083,133.52000427246094,4545.85986328125,2.377000093460083,135.27999877929688,4548.7001953125,2.4560000896453857,132.75,4507.56982421875,2.3570001125335693,134.4499969482422,4540.31982421875,2.4040000438690186,5807500,4562940000,0
2022-04-04,123.0781478881836,4582.64013671875,2.4119999408721924,134.33999633789062,4582.64013671875,2.4119999408721924,135.2100067138672,4583.5,2.434000015258789,132.86000061035156,4539.2099609375,2.371000051498413,133.0500030517578,4547.97021484375,2.4040000438690186,5307300,4547350000,0
2022-04-05,121.20915222167969,4525.1201171875,2.555999994277954,132.3000030517578,4525.1201171875,2.555999994277954,134.67999267578125,4593.4501953125,2.566999912261963,132.02000427246094,4514.169921875,2.447000026702881,134.0399932861328,4572.4501953125,2.4800000190734863,5707800,4800620000,0
2022-04-06,117.5994644165039,4481.14990234375,2.6089999675750732,128.36000061035156,4481.14990234375,2.6089999675750732,130.3000030517578,4503.93994140625,2.6410000324249268,126.33000183105469,4450.0400390625,2.568000078201294,130.0500030517578,4494.169921875,2.628000020980835,6961000,4986830000,0
2022-04-07,118.533935546875,4500.2099609375,2.6519999504089355,129.3800048828125,4500.2099609375,2.6519999504089355,129.97999572753906,4521.16015625,2.6730000972747803,127.08999633789062,4450.2998046875,2.6089999675750732,127.43000030517578,4474.64990234375,2.630000114440918,5320500,4821490000,0
2022-04-08,117.40704345703125,4488.27978515625,2.7130000591278076,128.14999389648438,4488.27978515625,2.7130000591278076,129.92999267578125,4520.41015625,2.7279999256134033,127.87999725341797,4474.60009765625,2.6679999828338623,129.44000244140625,4494.14990234375,2.688999891281128,4877400,4083200000,0
2022-04-11,114.50279235839844,4412.52978515625,2.7799999713897705,124.9800033569336,4412.52978515625,2.7799999713897705,126.87000274658203,4464.35009765625,2.7920000553131104,124.31999969482422,4408.3798828125,2.7339999675750732,125.0999984741211,4462.64013671875,2.7690000534057617,6365400,4266290000,0
2022-04-12,114.5577621459961,4397.4501953125,2.7249999046325684,125.04000091552734,4397.4501953125,2.7249999046325684,128.10000610351562,4471.0,2.7709999084472656,124.33999633789062,4381.33984375,2.6740000247955322,125.19999694824219,4437.58984375,2.760999917984009,5146800,4152090000,0
2022-04-13,116.80235290527344,4446.58984375,2.687000036239624,127.48999786376953,4446.58984375,2.687000036239624,127.86000061035156,4453.919921875,2.760999917984009,125.04000091552734,4392.7001953125,2.6459999084472656,125.04000091552734,4394.2998046875,2.746000051498413,5119300,3828150000,0
2022-04-14,122.27192687988281,4392.58984375,2.828000068664551,133.4600067138672,4392.58984375,2.828000068664551,134.3800048828125,4460.4599609375,2.8350000381469727,128.88999938964844,4390.77001953125,2.6670000553131104,129.0800018310547,4449.1201171875,2.6670000553131104,12811300,4083090000,0
2022-04-18,120.59532165527344,4391.68994140625,2.861999988555908,131.6300048828125,4391.68994140625,2.861999988555908,133.38999938964844,4410.31005859375,2.868000030517578,130.30999755859375,4370.2998046875,2.809999942779541,132.0,4385.6298828125,2.861999988555908,5298200,3910490000,0
2022-04-19,125.56092834472656,4462.2099609375,2.9130001068115234,137.0500030517578,4462.2099609375,2.9130001068115234,137.47999572753906,4471.02978515625,2.930000066757202,132.77999877929688,4390.6298828125,2.880000114440918,133.08999633789062,4390.6298828125,2.880000114440918,7346100,4108120000,0
2022-04-20,124.47986602783203,4459.4501953125,2.8399999141693115,135.8699951171875,4459.4501953125,2.8399999141693115,138.64999389648438,4488.2900390625,2.9030001163482666,135.66000366210938,4448.759765625,2.819000005722046,137.9600067138672,4472.259765625,2.880000114440918,5309700,4290450000,0
2022-04-21,124.10426330566406,4393.66015625,2.9170000553131104,135.4600067138672,4393.66015625,2.9170000553131104,139.13999938964844,4512.93994140625,2.9539999961853027,135.0800018310547,4384.47021484375,2.8459999561309814,138.5500030517578,4489.169921875,2.8540000915527344,6562400,4636890000,0
2022-04-22,118.24993896484375,4271.77978515625,2.9059998989105225,129.07000732421875,4271.77978515625,2.9059998989105225,134.92999267578125,4385.830078125,2.937999963760376,128.7100067138672,4267.6201171875,2.864000082015991,134.3300018310547,4385.830078125,2.934000015258789,7321700,4651940000,0
2022-04-25,117.21464538574219,4296.1201171875,2.8259999752044678,127.94000244140625,4296.1201171875,2.8259999752044678,128.94000244140625,4299.02001953125,2.8429999351501465,124.8499984741211,4200.81982421875,2.759999990463257,127.80000305175781,4255.33984375,2.8369998931884766,6512500,5240040000,0
2022-04-26,110.41667175292969,4175.2001953125,2.7720000743865967,120.5199966430664,4175.2001953125,2.7720000743865967,127.58999633789062,4278.14013671875,2.7820000648498535,120.4800033569336,4175.0400390625,2.7239999771118164,126.94999694824219,4278.14013671875,2.760999917984009,7977900,4689970000,0
2022-04-27,111.07633209228516,4183.9599609375,2.818000078201294,121.23999786376953,4183.9599609375,2.818000078201294,124.0,4240.7099609375,2.819999933242798,121.08999633789062,4162.89990234375,2.7300000190734863,121.08999633789062,4186.52001953125,2.753000020980835,6007800,4769680000,0
2022-04-28,116.39926147460938,4287.5,2.86299991607666,127.05000305175781,4287.5,2.86299991607666,127.97000122070312,4308.4501953125,2.888000011444092,122.5999984741211,4188.6298828125,2.8359999656677246,123.16999816894531,4222.580078125,2.867000102996826,6551600,4854180000,0
2022-04-29,114.24626922607422,4131.93017578125,2.88700008392334,124.69999694824219,4131.93017578125,2.88700008392334,128.4499969482422,4269.68017578125,2.934000015258789,124.25,4124.27978515625,2.8540000915527344,126.22000122070312,4253.75,2.8540000915527344,5867900,5084030000,0
2022-05-02,115.51058959960938,4155.3798828125,2.996000051498413,126.08000183105469,4155.3798828125,2.996000051498413,126.18000030517578,4169.81005859375,3.002000093460083,122.80000305175781,4062.510009765625,2.9070000648498535,124.43000030517578,4130.60986328125,2.921999931335449,5428400,5163790000,0
2022-05-03,112.56050109863281,4175.47998046875,2.9600000381469727,122.86000061035156,4175.47998046875,2.9600000381469727,125.76000213623047,4200.10009765625,2.9690001010894775,120.22000122070312,4147.080078125,2.9130001068115234,125.0199966430664,4159.77978515625,2.9579999446868896,8201200,4582050000,0
2022-05-04,115.49227142333984,4300.169921875,2.9170000553131104,126.05999755859375,4300.169921875,2.9170000553131104,126.19999694824219,4307.66015625,3.010999917984009,120.08000183105469,4148.91015625,2.9110000133514404,122.54000091552734,4181.18017578125,2.9619998931884766,6924000,5136360000,0
2022-05-05,108.68511962890625,4146.8701171875,3.065999984741211,118.62999725341797,4146.8701171875,3.065999984741211,124.75,4270.43017578125,3.1080000400543213,116.5199966430664,4106.009765625,2.927000045776367,124.11000061035156,4270.43017578125,2.934999942779541,8411600,5077030000,0
2022-05-06,104.89219665527344,4123.33984375,3.122999906539917,114.48999786376953,4123.33984375,3.122999906539917,115.9000015258789,4157.68994140625,3.13100004196167,110.66000366210938,4067.909912109375,3.0429999828338623,113.73999786376953,4128.169921875,3.0789999961853027,11237500,5116940000,0
2022-05-09,101.88715362548828,3991.239990234375,3.0789999961853027,111.20999908447266,3991.239990234375,3.0789999961853027,114.43000030517578,4081.27001953125,3.1670000553131104,110.58999633789062,3975.47998046875,3.069000005722046,112.97000122070312,4081.27001953125,3.1630001068115234,7506000,5954520000,0
2022-05-10,100.31136322021484,4001.050048828125,2.993000030517578,109.48999786376953,4001.050048828125,2.993000030517578,113.44000244140625,4068.820068359375,3.005000114440918,108.3499984741211,3958.169921875,2.941999912261963,113.02999877929688,4035.179931640625,2.990999937057495,7526900,5885820000,0
2022-05-11,98.8729476928711,3935.179931640625,2.9210000038146973,107.91999816894531,3935.179931640625,2.9210000038146973,111.1500015258789,4049.090087890625,3.0759999752044678,107.58999633789062,3928.820068359375,2.9070000648498535,110.69999694824219,3990.080078125,2.9539999961853027,6611800,5816140000,0
2022-05-12,98.85462188720703,3930.080078125,2.816999912261963,107.9000015258789,3930.080078125,2.816999912261963,109.87999725341797,3964.800048828125,2.880000114440918,105.0,3858.8701171875,2.816999912261963,105.18000030517578,3903.949951171875,2.8410000801086426,10245400,6286450000,0
2022-05-13,103.5362548828125,4023.889892578125,2.934999942779541,113.01000213623047,4023.889892578125,2.934999942779541,113.11000061035156,4038.8798828125,2.941999912261963,108.66999816894531,3963.89990234375,2.888000011444092,110.26000213623047,3963.89990234375,2.9110000133514404,9618800,5183340000,0
2022-05-16,103.1606216430664,4008.010009765625,2.877000093460083,112.5999984741211,4008.010009765625,2.877000093460083,113.44000244140625,4046.4599609375,2.933000087738037,111.55999755859375,3983.989990234375,2.8529999256134033,112.9800033569336,4013.02001953125,2.928999900817871,5722500,4415030000,0
2022-05-17,106.18397521972656,4088.85009765625,2.9679999351501465,115.9000015258789,4088.85009765625,2.9679999351501465,117.0999984741211,4090.719970703125,2.9839999675750732,113.06999969482422,4033.929931640625,2.9089999198913574,115.5,4052.0,2.9089999198913574,6026100,4841410000,0
2022-05-18,100.20140075683594,3923.679931640625,2.885999917984009,109.37000274658203,3923.679931640625,2.885999917984009,113.36000061035156,4051.97998046875,3.0139999389648438,108.77999877929688,3911.909912109375,2.878999948501587,112.5,4051.97998046875,2.994999885559082,8188300,5103220000,0
2022-05-19,97.51702880859375,3900.7900390625,2.8550000190734863,106.44000244140625,3900.7900390625,2.8550000190734863,109.11000061035156,3945.9599609375,2.8589999675750732,106.27999877929688,3876.580078125,2.7720000743865967,108.94999694824219,3899.0,2.8259999752044678,7702000,5113550000,0
2022-05-20,98.94623565673828,3901.360107421875,2.7869999408721924,108.0,3901.360107421875,2.7869999408721924,109.69000244140625,3943.419921875,2.8610000610351562,105.06999969482422,3810.320068359375,2.7739999294281006,108.66999816894531,3927.760009765625,2.8510000705718994,7621900,5130730000,0
2022-05-23,99.52342987060547,3973.75,2.8589999675750732,108.62999725341797,3973.75,2.8589999675750732,108.75,3981.8798828125,2.868000030517578,105.81999969482422,3909.0400390625,2.8010001182556152,107.47000122070312,3919.419921875,2.8320000171661377,7136400,4420030000,0
2022-05-24,98.29576873779297,3941.47998046875,2.759999990463257,107.29000091552734,3941.47998046875,2.759999990463257,107.98999786376953,3955.679931640625,2.828000068664551,104.7300033569336,3875.1298828125,2.7179999351501465,107.11000061035156,3942.93994140625,2.813999891281128,6023400,4923190000,0
2022-05-25,99.12947082519531,3978.72998046875,2.749000072479248,108.19999694824219,3978.72998046875,2.749000072479248,108.88999938964844,3999.330078125,2.7699999809265137,103.45999908447266,3925.030029296875,2.7079999446868896,103.45999908447266,3929.590087890625,2.7360000610351562,7158800,4802560000,0
2022-05-26,103.47211456298828,4057.840087890625,2.75600004196167,112.94000244140625,4057.840087890625,2.75600004196167,113.5,4075.139892578125,2.7950000762939453,110.0,3984.60009765625,2.7290000915527344,110.0,3984.60009765625,2.743000030517578,6520300,4709970000,0
2022-05-27,106.26642608642578,4158.240234375,2.743000030517578,115.98999786376953,4158.240234375,2.743000030517578,116.01000213623047,4158.490234375,2.752000093460083,114.01000213623047,4077.429931640625,2.7090001106262207,114.22000122070312,4077.429931640625,2.7239999771118164,5043000,4375620000,0
2022-05-31,108.88668823242188,4132.14990234375,2.8440001010894775,118.8499984741211,4132.14990234375,2.8440001010894775,119.79000091552734,4168.33984375,2.877000093460083,114.44999694824219,4104.8798828125,2.828000068664551,117.5,4151.08984375,2.8299999237060547,13774600,6822640000,0
2022-06-01,108.7309341430664,4101.22998046875,2.930999994277954,118.68000030517578,4101.22998046875,2.930999994277954,120.75,4166.5400390625,2.9519999027252197,117.61000061035156,4073.85009765625,2.8329999446868896,119.83000183105469,4149.77978515625,2.871000051498413,5543100,4531800000,0
2022-06-02,113.0644302368164,4176.81982421875,2.9130001068115234,123.41000366210938,4176.81982421875,2.9130001068115234,123.58000183105469,4177.509765625,2.941999912261963,119.26000213623047,4074.3701171875,2.8889999389648438,119.51000213623047,4095.409912109375,2.9100000858306885,5838100,4405790000,0
2022-06-03,111.08517456054688,4108.5400390625,2.9570000171661377,120.94999694824219,4108.5400390625,2.9570000171661377,122.54000091552734,4142.669921875,2.9860000610351562,120.0,4098.669921875,2.9189999103546143,120.20999908447266,4137.56982421875,2.9200000762939453,5201500,3711110000,0
2022-06-06,110.42389678955078,4121.43017578125,3.0380001068115234,120.2300033569336,4121.43017578125,3.0380001068115234,122.13999938964844,4168.77978515625,3.0399999618530273,119.43000030517578,4109.18017578125,2.9609999656677246,121.5,4134.72021484375,2.9700000286102295,3963400,4332700000,0
2022-06-07,111.7464599609375,4160.68017578125,2.9719998836517334,121.66999816894531,4160.68017578125,2.9719998836517334,121.97000122070312,4164.85986328125,3.0290000438690186,118.45999908447266,4080.18994140625,2.9570000171661377,118.66000366210938,4096.47021484375,3.0290000438690186,5373600,4248210000,0
2022-06-08,112.41691589355469,4115.77001953125,3.0290000438690186,122.4000015258789,4115.77001953125,3.0290000438690186,123.81999969482422,4160.14013671875,3.0399999618530273,120.44999694824219,4107.2001953125,2.98799991607666,120.9000015258789,4147.1201171875,3.009000062942505,4365800,4159470000,0
2022-06-09,108.92684936523438,4017.820068359375,3.0439999103546143,118.5999984741211,4017.820068359375,3.0439999103546143,122.02999877929688,4119.10009765625,3.072999954223633,118.58999633789062,4017.169921875,3.0199999809265137,121.3499984741211,4101.64990234375,3.052999973297119,3892600,4134170000,0
2022-06-10,105.37248992919922,3900.860107421875,3.1559998989105225,114.7300033569336,3900.860107421875,3.1559998989105225,117.08999633789062,3974.389892578125,3.177999973297119,114.26000213623047,3900.159912109375,2.99399995803833,117.08999633789062,3974.389892578125,3.0399999618530273,6292600,4889640000,0
2022-06-13,101.4323959350586,3749.6298828125,3.365999937057495,110.44000244140625,3749.6298828125,3.365999937057495,112.0199966430664,3838.14990234375,3.365999937057495,109.23999786376953,3734.300048828125,3.246000051498413,110.38999938964844,3838.14990234375,3.2820000648498535,6423100,5636890000,0
2022-06-14,101.68953704833984,3735.47998046875,3.4830000400543213,110.72000122070312,3735.47998046875,3.4830000400543213,111.88999938964844,3778.179931640625,3.4830000400543213,110.01000213623047,3705.679931640625,3.302999973297119,110.37000274658203,3763.52001953125,3.3489999771118164,4548400,5153890000,0
2022-06-15,104.18769836425781,3789.989990234375,3.3949999809265137,113.44000244140625,3789.989990234375,3.3949999809265137,114.72000122070312,3837.56005859375,3.447999954223633,111.20999908447266,3722.300048828125,3.3540000915527344,112.16000366210938,3764.050048828125,3.382999897003174,4828700,5530480000,0
2022-06-16,98.3831787109375,3666.77001953125,3.306999921798706,107.12000274658203,3666.77001953125,3.306999921798706,109.9000015258789,3728.179931640625,3.450000047683716,105.72000122070312,3639.77001953125,3.306999921798706,109.51000213623047,3728.179931640625,3.438999891281128,7384800,5644930000,0
2022-06-17,98.58522033691406,3674.840087890625,3.239000082015991,107.33999633789062,3674.840087890625,3.239000082015991,108.55000305175781,3707.7099609375,3.312999963760376,105.8499984741211,3636.8701171875,3.197000026702881,106.1500015258789,3665.89990234375,3.2119998931884766,10256800,8520740000,0
2022-06-21,99.81592559814453,3764.7900390625,3.306999921798706,108.68000030517578,3764.7900390625,3.306999921798706,109.81999969482422,3779.64990234375,3.316999912261963,108.04000091552734,3715.31005859375,3.257999897003174,108.45999908447266,3715.31005859375,3.2829999923706055,6211400,5292260000,0
2022-06-22,96.36259460449219,3759.889892578125,3.1559998989105225,104.91999816894531,3759.889892578125,3.1559998989105225,106.9000015258789,3801.7900390625,3.2049999237060547,104.61000061035156,3717.68994140625,3.125999927520752,105.4000015258789,3733.889892578125,3.2009999752044678,9884000,5058990000,0
2022-06-23,99.19139862060547,3795.72998046875,3.068000078201294,108.0,3795.72998046875,3.068000078201294,108.0999984741211,3802.580078125,3.124000072479248,104.41000366210938,3743.52001953125,3.005000114440918,105.01000213623047,3774.7099609375,3.117000102996826,8898400,5098640000,0
2022-06-24,103.70092010498047,3911.739990234375,3.125,112.91000366210938,3911.739990234375,3.125,112.94000244140625,3913.64990234375,3.1410000324249268,109.61000061035156,3821.75,3.056999921798706,109.93000030517578,3821.75,3.117000102996826,10463700,8120260000,0
2022-06-27,101.48749542236328,3900.110107421875,3.194000005722046,110.5,3900.110107421875,3.194000005722046,113.20999908447266,3927.719970703125,3.2190001010894775,109.83999633789062,3889.659912109375,3.1530001163482666,112.23999786376953,3920.760009765625,3.183000087738037,12644700,4325310000,0
2022-06-28,94.39715576171875,3821.550048828125,3.2060000896453857,102.77999877929688,3821.550048828125,3.2060000896453857,114.05000305175781,3945.860107421875,3.253000020980835,102.4800033569336,3820.139892578125,3.184999942779541,108.19999694824219,3913.0,3.240000009536743,31296500,4270120000,0
2022-06-29,94.82879638671875,3818.830078125,3.0929999351501465,103.25,3818.830078125,3.0929999351501465,105.61000061035156,3836.5,3.187000036239624,101.52999877929688,3799.02001953125,3.0929999351501465,102.98999786376953,3825.090087890625,3.1489999294281006,10326600,4211240000,0
2022-06-30,93.86445617675781,3785.3798828125,2.9719998836517334,102.19999694824219,3785.3798828125,2.9719998836517334,103.37999725341797,3818.989990234375,3.0409998893737793,100.77999877929688,3738.669921875,2.9719998836517334,101.94000244140625,3785.989990234375,3.0350000858306885,9027400,4840070000,0
2022-07-01,92.92762756347656,3825.330078125,2.8889999389648438,101.18000030517578,3825.330078125,2.8889999389648438,102.5,3829.820068359375,2.931999921798706,99.52999877929688,3752.10009765625,2.7909998893737793,101.63999938964844,3781.0,2.931999921798706,7934300,4046950000,0
2022-07-05,95.8115463256836,3831.389892578125,2.809000015258789,104.31999969482422,3831.389892578125,2.809000015258789,104.37999725341797,3832.18994140625,2.871000051498413,100.11000061035156,3742.06005859375,2.7799999713897705,100.44999694824219,3792.610107421875,2.871000051498413,9948800,5076590000,0
2022-07-06,95.7288818359375,3845.080078125,2.9130001068115234,104.2300033569336,3845.080078125,2.9130001068115234,105.72000122070312,3870.909912109375,2.9240000247955322,103.44999694824219,3809.3701171875,2.746000051498413,104.88999938964844,3831.97998046875,2.7839999198913574,6432900,4417720000,0
2022-07-07,99.310791015625,3902.6201171875,3.007999897003174,108.12999725341797,3902.6201171875,3.007999897003174,108.27999877929688,3910.6298828125,3.0169999599456787,105.2699966430664,3858.85009765625,2.927999973297119,105.6500015258789,3858.85009765625,2.937000036239624,7633900,4057770000,0
2022-07-08,99.1270980834961,3899.3798828125,3.1010000705718994,107.93000030517578,3899.3798828125,3.1010000705718994,108.61000061035156,3918.5,3.1010000705718994,106.51000213623047,3869.340087890625,2.9760000705718994,106.58000183105469,3888.260009765625,2.9839999675750732,5938600,3521620000,0
2022-07-11,96.53711700439453,3854.429931640625,2.990999937057495,105.11000061035156,3854.429931640625,2.990999937057495,107.08999633789062,3880.93994140625,3.0490000247955322,104.87000274658203,3847.219970703125,2.9690001010894775,106.5999984741211,3880.93994140625,3.0490000247955322,4935200,3423480000,0
2022-07-12,95.29721069335938,3818.800048828125,2.9579999446868896,103.76000213623047,3818.800048828125,2.9579999446868896,105.86000061035156,3873.409912109375,2.9709999561309814,103.1500015258789,3802.360107421875,2.8989999294281006,105.01000213623047,3851.949951171875,2.9230000972747803,6017400,3817210000,0
2022-07-13,96.53711700439453,3801.780029296875,2.9040000438690186,105.11000061035156,3801.780029296875,2.9040000438690186,105.87999725341797,3829.43994140625,3.071000099182129,101.55999755859375,3759.070068359375,2.9000000953674316,101.94000244140625,3779.669921875,2.9560000896453857,5299400,4109390000,0
2022-07-14,94.80125427246094,3790.3798828125,2.9600000381469727,103.22000122070312,3790.3798828125,2.9600000381469727,103.80000305175781,3796.409912109375,3.0280001163482666,101.8499984741211,3721.56005859375,2.943000078201294,103.11000061035156,3763.989990234375,2.943000078201294,6951300,4199690000,0
2022-07-15,96.16053771972656,3863.159912109375,2.930000066757202,104.69999694824219,3863.159912109375,2.930000066757202,105.62000274658203,3863.6201171875,2.9709999561309814,103.93000030517578,3817.179931640625,2.9010000228881836,104.76000213623047,3818.0,2.937000036239624,7862000,4143800000,0
2022-07-18,95.4625473022461,3830.85009765625,2.9600000381469727,103.94000244140625,3830.85009765625,2.9600000381469727,106.68000030517578,3902.43994140625,3.0190000534057617,103.68000030517578,3818.6298828125,2.9560000896453857,106.19000244140625,3883.7900390625,2.9600000381469727,6834800,4046870000,0
2022-07-19,100.28433227539062,3936.68994140625,3.0190000534057617,109.19000244140625,3936.68994140625,3.0190000534057617,109.58000183105469,3939.81005859375,3.0380001068115234,105.43000030517578,3860.72998046875,2.9709999561309814,105.5999984741211,3860.72998046875,2.9860000610351562,8973900,4041070000,0
2022-07-20,102.04773712158203,3959.89990234375,3.0360000133514404,111.11000061035156,3959.89990234375,3.0360000133514404,111.62999725341797,3974.1298828125,3.0420000553131104,108.87000274658203,3922.030029296875,2.943000078201294,109.22000122070312,3935.320068359375,2.9730000495910645,5884600,4185300000,0
2022-07-21,102.5161361694336,3998.949951171875,2.9100000858306885,111.62000274658203,3998.949951171875,2.9100000858306885,111.66999816894531,3999.2900390625,3.0810000896453857,110.06999969482422,3927.639892578125,2.9100000858306885,110.37000274658203,3955.469970703125,3.0769999027252197,4291400,4132790000,0
2022-07-22,100.22005462646484,3961.6298828125,2.7829999923706055,109.12000274658203,3961.6298828125,2.7829999923706055,111.93000030517578,4012.43994140625,2.822999954223633,108.75,3938.860107421875,2.7320001125335693,111.93000030517578,3998.429931640625,2.809000015258789,6039300,3979240000,0
2022-07-25,100.36698913574219,3966.840087890625,2.819999933242798,109.27999877929688,3966.840087890625,2.819999933242798,109.61000061035156,3975.300048828125,2.8450000286102295,107.68000030517578,3943.4599609375,2.8010001182556152,109.61000061035156,3965.719970703125,2.813999891281128,5079500,3568340000,0
2022-07-26,96.61975860595703,3921.050048828125,2.7869999408721924,105.19999694824219,3921.050048828125,2.7869999408721924,107.93000030517578,3953.219970703125,2.7960000038146973,104.56999969482422,3910.739990234375,2.7070000171661377,107.4800033569336,3953.219970703125,2.7360000610351562,8459500,3778950000,0
2022-07-27,99.06279754638672,4023.610107421875,2.7339999675750732,107.86000061035156,4023.610107421875,2.7339999675750732,108.37999725341797,4039.56005859375,2.802999973297119,105.75,3951.429931640625,2.7230000495910645,106.30000305175781,3951.429931640625,2.7829999923706055,7437000,4112180000,0
2022-07-28,103.07638549804688,4072.429931640625,2.680999994277954,112.2300033569336,4072.429931640625,2.680999994277954,112.4000015258789,4078.949951171875,2.7899999618530273,108.02999877929688,3992.969970703125,2.6489999294281006,109.43000030517578,4026.1298828125,2.7690000534057617,6773500,4413000000,0
2022-07-29,105.5469970703125,4130.2900390625,2.6419999599456787,114.91999816894531,4130.2900390625,2.6419999599456787,115.20999908447266,4140.14990234375,2.7279999256134033,111.5,4079.219970703125,2.618000030517578,112.76000213623047,4087.330078125,2.7070000171661377,7560000,4616360000,0
2022-08-01,104.97754669189453,4118.6298828125,2.6059999465942383,114.30000305175781,4118.6298828125,2.6059999465942383,115.55000305175781,4144.9501953125,2.696000099182129,113.25,4096.02001953125,2.5840001106262207,114.0,4112.3798828125,2.6579999923706055,4802900,4202810000,0
2022-08-02,102.65390014648438,4091.18994140625,2.740999937057495,111.7699966430664,4091.18994140625,2.740999937057495,113.77999877929688,4140.47021484375,2.753999948501587,111.66999816894531,4079.81005859375,2.5250000953674316,113.56999969482422,4104.2099609375,2.556999921798706,6334400,4727710000,0
2022-08-03,104.95918273925781,4155.169921875,2.747999906539917,114.27999877929688,4155.169921875,2.747999906539917,115.0999984741211,4167.66015625,2.8489999771118164,112.58000183105469,4107.9599609375,2.746000051498413,113.41999816894531,4107.9599609375,2.7829999923706055,5986500,4351760000,0
2022-08-04,105.14288330078125,4151.93994140625,2.6760001182556152,114.4800033569336,4151.93994140625,2.6760001182556152,115.3499984741211,4161.2900390625,2.7209999561309814,113.83000183105469,4135.419921875,2.6559998989105225,114.63999938964844,4154.85009765625,2.683000087738037,4332000,4283320000,0
2022-08-05,104.5826416015625,4145.18994140625,2.8399999141693115,113.87000274658203,4145.18994140625,2.8399999141693115,114.30000305175781,4151.580078125,2.86899995803833,112.56999969482422,4107.31005859375,2.687999963760376,112.79000091552734,4115.8701171875,2.697000026702881,4162200,4085940000,0
2022-08-08,104.7020263671875,4140.06005859375,2.765000104904175,114.0,4140.06005859375,2.765000104904175,115.58000183105469,4186.6201171875,2.806999921798706,113.30999755859375,4128.97021484375,2.760999917984009,114.0,4155.93017578125,2.7920000553131104,6071600,4221090000,0
2022-08-09,101.12931823730469,4122.47021484375,2.796999931335449,110.11000061035156,4122.47021484375,2.796999931335449,111.75,4137.2998046875,2.813999891281128,108.81999969482422,4112.08984375,2.7739999294281006,111.31999969482422,4133.10986328125,2.812000036239624,7377600,3913090000,0
2022-08-10,103.91216278076172,4210.240234375,2.7860000133514404,113.13999938964844,4210.240234375,2.7860000133514404,113.83000183105469,4211.02978515625,2.818000078201294,111.86000061035156,4177.259765625,2.6740000247955322,113.23999786376953,4181.02001953125,2.812000036239624,6951800,4546010000,0
2022-08-11,104.79388427734375,4207.27001953125,2.888000011444092,114.0999984741211,4207.27001953125,2.888000011444092,116.75,4257.91015625,2.9019999504089355,113.7300033569336,4201.41015625,2.7300000190734863,114.87999725341797,4227.39990234375,2.739000082015991,5582100,4630200000,0
2022-08-12,106.60320281982422,4280.14990234375,2.8489999771118164,116.06999969482422,4280.14990234375,2.8489999771118164,116.12999725341797,4280.47021484375,2.878999948501587,113.7699966430664,4219.77978515625,2.8369998931884766,114.38999938964844,4225.02001953125,2.8480000495910645,4407900,3788010000,0
2022-08-15,106.83280944824219,4297.14013671875,2.7909998893737793,116.31999969482422,4297.14013671875,2.7909998893737793,116.58000183105469,4301.7900390625,2.803999900817871,114.8499984741211,4256.89990234375,2.759000062942505,115.44999694824219,4269.3701171875,2.803999900817871,4279000,3696830000,0
2022-08-16,108.43089294433594,4305.2001953125,2.8239998817443848,118.05999755859375,4305.2001953125,2.8239998817443848,118.47000122070312,4325.27978515625,2.871000051498413,115.80999755859375,4277.77001953125,2.803999900817871,115.94000244140625,4290.4599609375,2.805999994277954,6189800,4329820000,0
2022-08-17,107.49406433105469,4274.0400390625,2.8929998874664307,117.04000091552734,4274.0400390625,2.8929998874664307,117.9800033569336,4302.18017578125,2.9189999103546143,116.41000366210938,4253.080078125,2.859999895095825,116.7699966430664,4280.39990234375,2.8949999809265137,5108400,3885030000,0
2022-08-18,106.54808807373047,4283.740234375,2.880000114440918,116.01000213623047,4283.740234375,2.880000114440918,116.68000030517578,4292.52978515625,2.8910000324249268,115.30000305175781,4261.97998046875,2.8350000381469727,116.0,4273.1298828125,2.865999937057495,4750200,3340330000,0
2022-08-19,103.9305419921875,4228.47998046875,2.989000082015991,113.16000366210938,4228.47998046875,2.989000082015991,115.6500015258789,4266.31005859375,2.997999906539917,113.02999877929688,4218.7001953125,2.9519999027252197,115.5,4266.31005859375,2.9609999656677246,5967600,3761340000,0
2022-08-22,101.34052276611328,4137.990234375,3.0369999408721924,110.33999633789062,4137.990234375,3.0369999408721924,111.68000030517578,4195.080078125,3.0409998893737793,109.83999633789062,4129.85986328125,2.9649999141693115,111.0199966430664,4195.080078125,2.9809999465942383,5802900,3907430000,0
2022-08-23,101.65283203125,4128.72998046875,3.053999900817871,110.68000030517578,4128.72998046875,3.053999900817871,112.83000183105469,4159.77001953125,3.078000068664551,110.56999969482422,4124.02978515625,2.9830000400543213,110.83999633789062,4133.08984375,3.0329999923706055,4806700,3823520000,0
2022-08-24,102.32327270507812,4140.77001953125,3.1059999465942383,111.41000366210938,4140.77001953125,3.1059999465942383,112.43000030517578,4156.56005859375,3.125999927520752,110.0199966430664,4119.97021484375,3.0480000972747803,110.68000030517578,4126.5498046875,3.0480000972747803,4769000,3583630000,0
2022-08-25,103.98563385009766,4199.1201171875,3.0260000228881836,113.22000122070312,4199.1201171875,3.0260000228881836,113.33999633789062,4200.5400390625,3.128000020980835,111.38999938964844,4147.58984375,3.0199999809265137,111.9000015258789,4153.259765625,3.1080000400543213,5433700,3566870000,0
2022-08-26,99.44856262207031,4057.659912109375,3.0350000858306885,108.27999877929688,4057.659912109375,3.0350000858306885,113.7300033569336,4203.0400390625,3.0869998931884766,108.2300033569336,4057.659912109375,3.007999897003174,113.30999755859375,4198.740234375,3.071000099182129,6203600,3832750000,0
2022-08-29,99.0811767578125,4030.610107421875,3.109999895095825,107.87999725341797,4030.610107421875,3.109999895095825,108.54000091552734,4062.989990234375,3.125,106.44000244140625,4017.419921875,3.0859999656677246,106.80999755859375,4034.580078125,3.0989999771118164,4132400,3396510000,0
2022-08-30,99.06279754638672,3986.159912109375,3.109999895095825,107.86000061035156,3986.159912109375,3.109999895095825,110.08000183105469,4044.97998046875,3.1510000228881836,107.12999725341797,3965.2099609375,3.066999912261963,108.97000122070312,4041.25,3.072999954223633,5129500,3835860000,0
2022-08-31,97.7677993774414,3955.0,3.132999897003174,106.44999694824219,3955.0,3.132999897003174,108.01000213623047,4015.3701171875,3.1440000534057617,105.80999755859375,3954.530029296875,3.1029999256134033,107.95999908447266,4000.669921875,3.127000093460083,8884800,4542490000,0
2022-09-01,97.80453491210938,3966.85009765625,3.265000104904175,106.48999786376953,3966.85009765625,3.265000104904175,106.55000305175781,3970.22998046875,3.2950000762939453,103.80000305175781,3903.64990234375,3.2170000076293945,105.80000305175781,3936.72998046875,3.2170000076293945,5590800,4152250000,0
2022-09-02,97.39466857910156,3924.260009765625,3.193000078201294,105.73999786376953,3924.260009765625,3.193000078201294,108.1500015258789,4018.429931640625,3.2880001068115234,105.05000305175781,3906.2099609375,3.1760001182556152,107.45999908447266,3994.659912109375,3.257999897003174,7763800,3665850000,0
2022-09-06,96.85123443603516,3908.18994140625,3.3399999141693115,105.1500015258789,3908.18994140625,3.3399999141693115,106.41000366210938,3942.550048828125,3.3529999256134033,103.68000030517578,3886.75,3.24399995803833,105.44000244140625,3930.889892578125,3.25,9158900,4127340000,0
2022-09-07,99.91844177246094,3979.8701171875,3.265000104904175,108.4800033569336,3979.8701171875,3.265000104904175,108.55999755859375,3987.889892578125,3.3320000171661377,105.0,3906.030029296875,3.25,105.08000183105469,3909.429931640625,3.322999954223633,7238300,3890320000,0
2022-09-08,100.14869689941406,4006.179931640625,3.2920000553131104,108.7300033569336,4006.179931640625,3.2920000553131104,108.79000091552734,4010.5,3.303999900817871,106.08000183105469,3944.81005859375,3.2090001106262207,107.0,3959.93994140625,3.2309999465942383,5628300,3966850000,0
2022-09-09,102.21189880371094,4067.360107421875,3.321000099182129,110.97000122070312,4067.360107421875,3.321000099182129,111.69000244140625,4076.81005859375,3.325000047683716,109.30000305175781,4022.93994140625,3.250999927520752,109.37999725341797,4022.93994140625,3.2730000019073486,5171500,3901940000,0
2022-09-12,103.51062774658203,4110.41015625,3.361999988555908,112.37999725341797,4110.41015625,3.361999988555908,113.36000061035156,4119.27978515625,3.365000009536743,111.37999725341797,4083.669921875,3.26200008392334,111.37999725341797,4083.669921875,3.2679998874664307,4836900,3814200000,0
2022-09-13,97.3762435913086,3932.68994140625,3.421999931335449,105.72000122070312,3932.68994140625,3.421999931335449,108.91000366210938,4037.1201171875,3.4579999446868896,105.44000244140625,3921.280029296875,3.2929999828338623,108.83999633789062,4037.1201171875,3.302000045776367,5955600,4224550000,0
2022-09-14,98.55522918701172,3946.010009765625,3.4119999408721924,107.0,3946.010009765625,3.4119999408721924,107.36000061035156,3961.93994140625,3.4760000705718994,105.1500015258789,3912.179931640625,3.382999897003174,106.12999725341797,3940.72998046875,3.4600000381469727,4888700,4293240000,0
2022-09-15,97.1736068725586,3901.35009765625,3.4590001106262207,105.5,3901.35009765625,3.4590001106262207,108.13999938964844,3959.139892578125,3.4679999351501465,104.83000183105469,3888.280029296875,3.4100000858306885,106.1500015258789,3932.409912109375,3.4649999141693115,6598900,4441830000,0
2022-09-16,95.90254211425781,3873.330078125,3.447999954223633,104.12000274658203,3873.330078125,3.447999954223633,105.29000091552734,3880.949951171875,3.490000009536743,103.25,3837.080078125,3.4149999618530273,104.06999969482422,3880.949951171875,3.453000068664551,8000800,7954650000,0
2022-09-19,98.7486572265625,3899.889892578125,3.490000009536743,107.20999908447266,3899.889892578125,3.490000009536743,107.37000274658203,3900.449951171875,3.509999990463257,103.33000183105469,3838.5,3.4630000591278076,103.69000244140625,3849.909912109375,3.509999990463257,5162300,3766850000,0
2022-09-20,94.33671569824219,3855.929931640625,3.571000099182129,102.41999816894531,3855.929931640625,3.571000099182129,104.44000244140625,3876.010009765625,3.6019999980926514,101.70999908447266,3827.5400390625,3.5339999198913574,103.81999969482422,3875.22998046875,3.552999973297119,10006600,4058050000,0
2022-09-21,91.91425323486328,3789.929931640625,3.509999990463257,99.79000091552734,3789.929931640625,3.509999990463257,103.62999725341797,3907.070068359375,3.619999885559082,99.7699966430664,3789.489990234375,3.503000020980835,102.66999816894531,3871.39990234375,3.5299999713897705,6279300,4078330000,0
2022-09-22,90.77212524414062,3757.989990234375,3.7079999446868896,98.55000305175781,3757.989990234375,3.7079999446868896,100.20999908447266,3790.89990234375,3.7160000801086426,97.83000183105469,3749.449951171875,3.5460000038146973,99.79000091552734,3782.360107421875,3.5480000972747803,9638800,4284600000,0
2022-09-23,89.36288452148438,3693.22998046875,3.697000026702881,97.0199966430664,3693.22998046875,3.697000026702881,97.54000091552734,3727.139892578125,3.7730000019073486,95.33999633789062,3647.469970703125,3.6589999198913574,96.91999816894531,3727.139892578125,3.7690000534057617,9026500,5144270000,0
2022-09-26,88.4786376953125,3655.0400390625,3.878000020980835,96.05999755859375,3655.0400390625,3.878000020980835,97.7300033569336,3715.669921875,3.9040000438690186,95.70999908447266,3644.760009765625,3.734999895095825,96.08999633789062,3682.719970703125,3.7829999923706055,8521600,4886140000,0
2022-09-27,88.69049835205078,3647.2900390625,3.9639999866485596,96.29000091552734,3647.2900390625,3.9639999866485596,97.73999786376953,3717.530029296875,3.992000102996826,95.0,3623.2900390625,3.809000015258789,97.06999969482422,3686.43994140625,3.809000015258789,9890300,4577740000,0
2022-09-28,90.91028594970703,3719.0400390625,3.7049999237060547,98.69999694824219,3719.0400390625,3.7049999237060547,99.43000030517578,3736.739990234375,3.9130001068115234,96.76000213623047,3640.610107421875,3.703000068664551,97.11000061035156,3651.93994140625,3.9110000133514404,9423300,4684850000,0
2022-09-29,87.8062515258789,3640.469970703125,3.746999979019165,95.33000183105469,3640.469970703125,3.746999979019165,98.11000061035156,3687.010009765625,3.8259999752044678,94.4800033569336,3610.39990234375,3.7209999561309814,98.11000061035156,3687.010009765625,3.818000078201294,19339200,4681810000,0
2022-09-30,76.5599136352539,3585.6201171875,3.803999900817871,83.12000274658203,3585.6201171875,3.803999900817871,86.19999694824219,3671.43994140625,3.803999900817871,82.5,3584.1298828125,3.686000108718872,83.30000305175781,3633.47998046875,3.7139999866485596,48176100,5645360000,0
2022-10-03,78.65997314453125,3678.429931640625,3.6510000228881836,85.4000015258789,3678.429931640625,3.6510000228881836,86.47000122070312,3698.35009765625,3.7119998931884766,82.22000122070312,3604.929931640625,3.568000078201294,83.12999725341797,3609.780029296875,3.7119998931884766,19108200,4806680000,0
2022-10-04,81.6442642211914,3790.929931640625,3.617000102996826,88.63999938964844,3790.929931640625,3.617000102996826,89.06999969482422,3791.919921875,3.6589999198913574,87.11000061035156,3726.4599609375,3.563999891281128,87.69999694824219,3726.4599609375,3.5929999351501465,15114800,5146580000,0
2022-10-05,83.91012573242188,3783.280029296875,3.759000062942505,91.0999984741211,3783.280029296875,3.759000062942505,91.69999694824219,3806.909912109375,3.7890000343322754,87.1500015258789,3722.659912109375,3.697000026702881,87.48999786376953,3753.25,3.703000068664551,12732700,4293180000,0
2022-10-06,83.05350494384766,3744.52001953125,3.8259999752044678,90.16999816894531,3744.52001953125,3.8259999752044678,92.63999938964844,3797.929931640625,3.8440001010894775,89.80999755859375,3739.219970703125,3.740999937057495,90.48999786376953,3771.969970703125,3.763000011444092,9951900,4252100000,0
2022-10-07,80.28105926513672,3639.659912109375,3.882999897003174,87.16000366210938,3639.659912109375,3.882999897003174,88.76000213623047,3706.739990234375,3.9100000858306885,86.69000244140625,3620.72998046875,3.8329999446868896,88.54000091552734,3706.739990234375,3.8329999446868896,8554700,4449660000,0
2022-10-10,79.84815979003906,3612.389892578125,3.888000011444092,86.69000244140625,3612.389892578125,3.888000011444092,87.77999877929688,3652.169921875,3.888000011444092,85.06999969482422,3588.10009765625,3.888000011444092,87.76000213623047,3647.510009765625,3.888000011444092,7991200,3834320000,0
2022-10-11,81.04554748535156,3588.840087890625,3.938999891281128,87.98999786376953,3588.840087890625,3.938999891281128,88.25,3640.659912109375,3.9700000286102295,85.75,3568.449951171875,3.869999885559082,86.04000091552734,3595.860107421875,3.9000000953674316,11903200,4759030000,0
2022-10-12,81.52452087402344,3577.030029296875,3.9019999504089355,88.51000213623047,3577.030029296875,3.9019999504089355,88.87999725341797,3608.340087890625,3.9779999256134033,87.30999755859375,3573.860107421875,3.884000062942505,88.0,3590.830078125,3.953000068664551,8772900,4006830000,0
2022-10-13,82.49164581298828,3669.909912109375,3.9519999027252197,89.55999755859375,3669.909912109375,3.9519999027252197,89.80999755859375,3685.409912109375,4.079999923706055,86.05000305175781,3491.580078125,3.8440001010894775,86.38999938964844,3520.3701171875,3.859999895095825,9335000,5021680000,0
2022-10-14,80.64029693603516,3583.070068359375,4.010000228881836,87.55000305175781,3583.070068359375,4.010000228881836,90.87999725341797,3712.0,4.031000137329102,87.48999786376953,3579.679931640625,3.8510000705718994,90.51000213623047,3690.409912109375,3.88700008392334,7811700,4243030000,0
2022-10-17,82.86929321289062,3677.949951171875,4.014999866485596,89.97000122070312,3677.949951171875,4.014999866485596,90.69000244140625,3689.72998046875,4.014999866485596,88.69999694824219,3638.64990234375,3.9100000858306885,89.52999877929688,3638.64990234375,3.938999891281128,8451900,4352780000,0
2022-10-18,82.6021957397461,3719.97998046875,3.997999906539917,89.68000030517578,3719.97998046875,3.997999906539917,92.91000366210938,3762.7900390625,4.066999912261963,89.1500015258789,3686.530029296875,3.9649999141693115,92.5999984741211,3746.260009765625,3.9839999675750732,7364700,4483740000,0
2022-10-19,81.57977294921875,3695.159912109375,4.126999855041504,88.56999969482422,3695.159912109375,4.126999855041504,89.73999786376953,3728.580078125,4.136000156402588,87.76000213623047,3666.510009765625,4.066999912261963,88.26000213623047,3703.110107421875,4.093999862670898,5102000,4223800000,0
2022-10-20,79.97710418701172,3665.780029296875,4.22599983215332,86.83000183105469,3665.780029296875,4.22599983215332,90.58000183105469,3736.0,4.228000164031982,86.61000061035156,3656.43994140625,4.10099983215332,89.47000122070312,3689.050048828125,4.123000144958496,13500000,4496620000,0
2022-10-21,81.51529693603516,3752.75,4.2129998207092285,88.5,3752.75,4.2129998207092285,88.77999877929688,3757.889892578125,4.333000183105469,86.70999908447266,3647.419921875,4.199999809265137,87.0199966430664,3657.10009765625,4.330999851226807,7976300,5078020000,0
2022-10-24,81.06397247314453,3797.340087890625,4.234000205993652,88.01000213623047,3797.340087890625,4.234000205993652,88.83999633789062,3810.739990234375,4.290999889373779,86.23999786376953,3741.64990234375,4.171000003814697,87.79000091552734,3762.010009765625,4.191999912261963,8847100,4747930000,0
2022-10-25,84.4811782836914,3859.110107421875,4.107999801635742,91.72000122070312,3859.110107421875,4.107999801635742,91.93000030517578,3862.85009765625,4.171000003814697,87.88999938964844,3799.43994140625,4.052000045776367,88.02999877929688,3799.43994140625,4.163000106811523,8639900,4843120000,0
2022-10-26,85.09829711914062,3830.60009765625,4.014999866485596,92.38999938964844,3830.60009765625,4.014999866485596,94.3499984741211,3886.14990234375,4.081999778747559,90.69999694824219,3824.070068359375,3.996999979019165,90.77999877929688,3825.969970703125,4.059000015258789,8648200,4817310000,0
2022-10-27,83.394287109375,3807.300048828125,3.937000036239624,90.54000091552734,3807.300048828125,3.937000036239624,93.4800033569336,3859.949951171875,4.066999912261963,90.22000122070312,3803.7900390625,3.9110000133514404,92.87999725341797,3834.68994140625,4.060999870300293,8617900,4687320000,0
2022-10-28,86.4246597290039,3901.06005859375,4.010000228881836,93.83000183105469,3901.06005859375,4.010000228881836,93.87999725341797,3905.419921875,4.047999858856201,90.45999908447266,3808.260009765625,3.950000047683716,91.19999694824219,3808.260009765625,3.99399995803833,6022400,4459410000,0
2022-10-31,85.36538696289062,3871.97998046875,4.077000141143799,92.68000030517578,3871.97998046875,4.077000141143799,93.88999938964844,3893.72998046875,4.083000183105469,92.68000030517578,3863.179931640625,4.031000137329102,93.0,3881.85009765625,4.031000137329102,6426400,4820620000,0
2022-11-01,86.369384765625,3856.10009765625,4.052000045776367,93.7699966430664,3856.10009765625,4.052000045776367,96.45999908447266,3911.7900390625,4.078999996185303,92.97000122070312,3843.800048828125,3.9200000762939453,95.69000244140625,3901.7900390625,3.937000036239624,7250700,4481210000,0
2022-11-02,83.17325592041016,3759.68994140625,4.059000015258789,90.30000305175781,3759.68994140625,4.059000015258789,94.44000244140625,3894.43994140625,4.078000068664551,90.19000244140625,3758.679931640625,3.9760000705718994,93.12999725341797,3852.89990234375,4.044000148773193,7176600,4899000000,0
2022-11-03,83.26535034179688,3719.889892578125,4.124000072479248,90.4000015258789,3719.889892578125,4.124000072479248,91.61000061035156,3750.590087890625,4.2230000495910645,88.72000122070312,3698.14990234375,4.111000061035156,89.97000122070312,3733.25,4.183000087738037,6550300,4625290000,0
2022-11-04,88.2299575805664,3770.550048828125,4.156000137329102,95.79000091552734,3770.550048828125,4.156000137329102,98.2300033569336,3796.340087890625,4.209000110626221,93.94999694824219,3708.840087890625,4.104000091552734,94.44999694824219,3766.97998046875,4.164999961853027,12543300,5400180000,0
2022-11-07,86.06543731689453,3806.800048828125,4.214000225067139,93.44000244140625,3806.800048828125,4.214000225067139,96.87000274658203,3813.949951171875,4.2179999351501465,92.66999816894531,3764.699951171875,4.142000198364258,96.30999755859375,3780.7099609375,4.142000198364258,9094500,4341620000,0
2022-11-08,86.35095977783203,3828.110107421875,4.125999927520752,93.75,3828.110107421875,4.125999927520752,96.02999877929688,3859.39990234375,4.203000068664551,92.94000244140625,3786.280029296875,4.120999813079834,94.44000244140625,3817.02001953125,4.197000026702881,7017800,4607640000,0
2022-11-09,84.8311767578125,3748.570068359375,4.151000022888184,92.0999984741211,3748.570068359375,4.151000022888184,93.9000015258789,3818.199951171875,4.173999786376953,91.95999908447266,3744.219970703125,4.0970001220703125,92.66999816894531,3810.93994140625,4.151000022888184,6550900,4645010000,0
2022-11-10,91.637939453125,3956.3701171875,3.8289999961853027,99.48999786376953,3956.3701171875,3.8289999961853027,99.68000030517578,3958.330078125,4.090000152587891,96.2300033569336,3859.889892578125,3.8239998817443848,96.33000183105469,3859.889892578125,4.074999809265137,9361000,5781260000,0
2022-11-11,97.717041015625,3992.929931640625,3.812999963760376,106.08999633789062,3992.929931640625,3.812999963760376,107.20999908447266,4001.47998046875,3.812999963760376,100.13999938964844,3944.820068359375,3.812999963760376,100.30999755859375,3963.719970703125,3.812999963760376,12597500,5593310000,0
2022-11-14,96.15121459960938,3957.25,3.865000009536743,104.38999938964844,3957.25,3.865000009536743,106.44000244140625,4008.969970703125,3.9010000228881836,104.31999969482422,3956.39990234375,3.8540000915527344,105.19999694824219,3977.969970703125,3.884000062942505,7134900,4561930000,0
2022-11-15,98.28809356689453,3991.72998046875,3.7990000247955322,106.70999908447266,3991.72998046875,3.7990000247955322,109.30999755859375,4028.840087890625,3.8440001010894775,105.52999877929688,3953.169921875,3.759999990463257,107.98999786376953,4006.409912109375,3.815999984741211,7242900,5015310000,0
2022-11-16,96.92493438720703,3958.7900390625,3.691999912261963,105.2300033569336,3958.7900390625,3.691999912261963,106.5999984741211,3983.090087890625,3.796999931335449,104.7699966430664,3954.340087890625,3.691999912261963,105.25,3976.820068359375,3.7679998874664307,5998700,4165320000,0
2022-11-17,97.04466247558594,3946.56005859375,3.7750000953674316,105.36000061035156,3946.56005859375,3.7750000953674316,105.4000015258789,3954.330078125,3.802999973297119,102.91999816894531,3906.5400390625,3.743000030517578,104.11000061035156,3919.260009765625,3.76200008392334,5252900,4051780000,0
2022-11-18,97.09992218017578,3965.340087890625,3.818000078201294,105.41999816894531,3965.340087890625,3.818000078201294,107.72000122070312,3979.889892578125,3.8269999027252197,104.16999816894531,3935.97998046875,3.76200008392334,107.62999725341797,3966.389892578125,3.805000066757202,5498900,4037360000,0
2022-11-21,95.63541412353516,3949.93994140625,3.825000047683716,103.83000183105469,3949.93994140625,3.825000047683716,105.4800033569336,3962.0,3.8359999656677246,103.5999984741211,3933.340087890625,3.76200008392334,104.61000061035156,3956.22998046875,3.813999891281128,4774800,3850690000,0
2022-11-22,97.60652160644531,4003.580078125,3.757999897003174,105.97000122070312,4003.580078125,3.757999897003174,106.16000366210938,4005.8798828125,3.816999912261963,103.83999633789062,3956.8798828125,3.749000072479248,104.62000274658203,3965.510009765625,3.802999973297119,5313200,3887990000,0
2022-11-23,98.23284149169922,4027.260009765625,3.7060000896453857,106.6500015258789,4027.260009765625,3.7060000896453857,106.9800033569336,4033.780029296875,3.796999931335449,105.2300033569336,3998.659912109375,3.694999933242798,106.0,4000.300048828125,3.7760000228881836,3873100,3279720000,0
2022-11-25,97.59730529785156,4026.1201171875,3.690999984741211,105.95999908447266,4026.1201171875,3.690999984741211,107.18000030517578,4034.02001953125,3.75600004196167,105.55999755859375,4020.760009765625,3.680999994277954,106.44999694824219,4023.340087890625,3.7260000705718994,3426100,1706460000,0
2022-11-28,96.67623138427734,3963.93994140625,3.703000068664551,104.95999908447266,3963.93994140625,3.703000068664551,106.30000305175781,4012.27001953125,3.7179999351501465,104.6500015258789,3955.77001953125,3.6679999828338623,105.25,4005.360107421875,3.683000087738037,6967400,3615430000,0
2022-11-29,97.86443328857422,3957.6298828125,3.747999906539917,106.25,3957.6298828125,3.747999906539917,106.81999969482422,3976.77001953125,3.759000062942505,105.12000274658203,3937.64990234375,3.678999900817871,105.37000274658203,3964.18994140625,3.694000005722046,8494400,3546040000,0
2022-11-30,101.03294372558594,4080.110107421875,3.703000068664551,109.69000244140625,4080.110107421875,3.703000068664551,109.69000244140625,4080.110107421875,3.7980000972747803,105.44999694824219,3938.580078125,3.690000057220459,107.08000183105469,3957.179931640625,3.7269999980926514,16251000,6579360000,0
2022-12-01,102.34085083007812,4076.570068359375,3.5290000438690186,111.11000061035156,4076.570068359375,3.5290000438690186,111.86000061035156,4100.509765625,3.63100004196167,109.55000305175781,4050.8701171875,3.5269999504089355,110.08999633789062,4087.139892578125,3.5940001010894775,7822900,4527130000,0
2022-12-02,103.66204833984375,4071.699951171875,3.50600004196167,112.19999694824219,4071.699951171875,3.50600004196167,112.70999908447266,4080.47998046875,3.638000011444092,108.33999633789062,4026.6298828125,3.503999948501587,108.6500015258789,4040.169921875,3.5190000534057617,5892000,4012620000,0
2022-12-05,101.27836608886719,3998.840087890625,3.5989999771118164,109.62000274658203,3998.840087890625,3.5989999771118164,111.12999725341797,4052.449951171875,3.611999988555908,109.19000244140625,3984.489990234375,3.513000011444092,111.0199966430664,4052.02001953125,3.5299999713897705,6220100,4280820000,0
2022-12-06,99.71696472167969,3941.260009765625,3.513000011444092,107.93000030517578,3941.260009765625,3.513000011444092,110.52999877929688,4001.510009765625,3.5829999446868896,106.75,3918.389892578125,3.507999897003174,109.6500015258789,3996.6298828125,3.561000108718872,7086100,4368380000,0
2022-12-07,100.08653259277344,3933.919921875,3.4079999923706055,108.33000183105469,3933.919921875,3.4079999923706055,109.12000274658203,3957.570068359375,3.552999973297119,107.05999755859375,3922.679931640625,3.4019999504089355,107.31999969482422,3933.280029296875,3.552999973297119,5751500,4118050000,0
2022-12-08,102.88595581054688,3963.510009765625,3.490999937057495,111.36000061035156,3963.510009765625,3.490999937057495,111.48999786376953,3974.18994140625,3.50600004196167,108.45999908447266,3935.830078125,3.447999954223633,108.5999984741211,3947.7900390625,3.4670000076293945,6192800,4006900000,0
2022-12-09,101.09358978271484,3934.3798828125,3.566999912261963,109.41999816894531,3934.3798828125,3.566999912261963,111.37999725341797,3977.02001953125,3.569000005722046,109.26000213623047,3933.0400390625,3.4630000591278076,110.22000122070312,3954.169921875,3.4760000705718994,5677700,3888260000,0
2022-12-12,103.54192352294922,3990.56005859375,3.6110000610351562,112.06999969482422,3990.56005859375,3.6110000610351562,112.16999816894531,3990.7099609375,3.630000114440918,109.70999908447266,3935.300048828125,3.5209999084472656,110.0999984741211,3939.2900390625,3.5429999828338623,6426000,3904130000,0
2022-12-13,104.2625732421875,4019.64990234375,3.500999927520752,112.8499984741211,4019.64990234375,3.500999927520752,116.44999694824219,4100.9599609375,3.5910000801086426,111.25,3993.030029296875,3.4230000972747803,115.61000061035156,4069.3798828125,3.5850000381469727,8655300,5079360000,0
2022-12-14,102.96910095214844,3995.320068359375,3.503000020980835,111.44999694824219,3995.320068359375,3.503000020980835,114.12000274658203,4053.760009765625,3.559999942779541,110.2300033569336,3965.64990234375,3.4790000915527344,113.69999694824219,4015.5400390625,3.507999897003174,7528500,4472340000,0
2022-12-15,100.2528305053711,3895.75,3.450000047683716,108.51000213623047,3895.75,3.450000047683716,109.62000274658203,3958.3701171875,3.5209999084472656,107.7300033569336,3879.449951171875,3.430000066757202,109.19000244140625,3958.3701171875,3.505000114440918,7500700,4493900000,0
2022-12-16,97.88763427734375,3852.360107421875,3.4820001125335693,105.94999694824219,3852.360107421875,3.4820001125335693,107.61000061035156,3890.909912109375,3.556999921798706,105.12000274658203,3827.909912109375,3.4619998931884766,106.87000274658203,3890.909912109375,3.50600004196167,14083600,7493660000,0
2022-12-19,95.20831298828125,3817.659912109375,3.5810000896453857,103.05000305175781,3817.659912109375,3.5810000896453857,105.51000213623047,3854.860107421875,3.6010000705718994,102.44999694824219,3800.0400390625,3.552000045776367,104.98999786376953,3853.7900390625,3.559000015258789,10620300,3969610000,0
2022-12-20,95.35614013671875,3821.6201171875,3.684000015258789,103.20999908447266,3821.6201171875,3.684000015258789,103.4000015258789,3838.239990234375,3.7009999752044678,101.68000030517578,3795.6201171875,3.6530001163482666,103.0,3810.469970703125,3.6619999408721924,17147900,3985370000,0
2022-12-21,106.96961975097656,3878.43994140625,3.684000015258789,115.77999877929688,3878.43994140625,3.684000015258789,119.18000030517578,3889.820068359375,3.697000026702881,115.33999633789062,3839.489990234375,3.621000051498413,116.76000213623047,3839.489990234375,3.6470000743865967,32777300,3775200000,0
2022-12-22,107.82884216308594,3822.389892578125,3.6689999103546143,116.70999908447266,3822.389892578125,3.6689999103546143,116.81999969482422,3853.260009765625,3.691999912261963,114.05999755859375,3764.489990234375,3.6470000743865967,114.29000091552734,3853.260009765625,3.6540000438690186,17147600,3956950000,0
2022-12-23,107.40385437011719,3844.820068359375,3.750999927520752,116.25,3844.820068359375,3.750999927520752,117.16999816894531,3845.800048828125,3.753000020980835,115.77999877929688,3797.010009765625,3.694999933242798,116.11000061035156,3815.110107421875,3.7009999752044678,6603700,2819280000,0
2022-12-27,108.61415100097656,3829.25,3.859999895095825,117.55999755859375,3829.25,3.859999895095825,118.19999694824219,3846.64990234375,3.861999988555908,115.81999969482422,3813.219970703125,3.7869999408721924,116.47000122070312,3843.340087890625,3.7869999408721924,6661100,3030300000,0
2022-12-28,106.2304916381836,3783.219970703125,3.88700008392334,114.9800033569336,3783.219970703125,3.88700008392334,118.23999786376953,3848.320068359375,3.890000104904175,114.95999908447266,3780.780029296875,3.815000057220459,117.58000183105469,3829.56005859375,3.818000078201294,5437800,3083520000,0
2022-12-29,108.4201431274414,3849.280029296875,3.8350000381469727,117.3499984741211,3849.280029296875,3.8350000381469727,118.06999969482422,3858.18994140625,3.885999917984009,115.80000305175781,3805.449951171875,3.818000078201294,116.08000183105469,3805.449951171875,3.868000030517578,4588600,3003680000,0
2022-12-30,108.10601806640625,3839.5,3.878999948501587,117.01000213623047,3839.5,3.878999948501587,117.25,3839.85009765625,3.9049999713897705,115.7699966430664,3800.340087890625,3.8310000896453857,116.55999755859375,3829.06005859375,3.86899995803833,4355500,2979870000,0
2023-01-03,109.71361541748047,3824.139892578125,3.7929999828338623,118.75,3824.139892578125,3.7929999828338623,119.48999786376953,3878.4599609375,3.809999942779541,117.44000244140625,3794.330078125,3.7239999771118164,118.55000305175781,3853.2900390625,3.757999897003174,8124800,3959140000,0
2023-01-04,111.9864273071289,3852.969970703125,3.7090001106262207,121.20999908447266,3852.969970703125,3.7090001106262207,122.2300033569336,3873.159912109375,3.7279999256134033,119.52999877929688,3815.77001953125,3.6640000343322754,119.95999908447266,3840.360107421875,3.677000045776367,8550700,4414080000,0
2023-01-05,111.4413070678711,3808.10009765625,3.7200000286102295,120.62000274658203,3808.10009765625,3.7200000286102295,122.33999633789062,3839.739990234375,3.7839999198913574,120.08000183105469,3802.419921875,3.697999954223633,120.27999877929688,3839.739990234375,3.7279999256134033,6046700,3893450000,0
2023-01-06,115.05376434326172,3895.080078125,3.569000005722046,124.52999877929688,3895.080078125,3.569000005722046,125.36000061035156,3906.18994140625,3.753999948501587,121.7699966430664,3809.56005859375,3.558000087738037,122.0,3823.3701171875,3.746000051498413,10080700,3923560000,0
2023-01-09,115.34942626953125,3892.090087890625,3.5169999599456787,124.8499984741211,3892.090087890625,3.5169999599456787,126.61000061035156,3950.570068359375,3.5910000801086426,124.55000305175781,3890.419921875,3.507999897003174,125.0,3910.820068359375,3.5889999866485596,9397900,4311770000,0
2023-01-10,116.26409912109375,3919.25,3.621000051498413,125.83999633789062,3919.25,3.621000051498413,126.33000183105469,3919.830078125,3.6389999389648438,124.37000274658203,3877.2900390625,3.566999912261963,125.20999908447266,3888.570068359375,3.578000068664551,5899900,3851030000,0
2023-01-11,118.20428466796875,3969.610107421875,3.553999900817871,127.94000244140625,3969.610107421875,3.553999900817871,128.25999450683594,3970.070068359375,3.5950000286102295,126.01000213623047,3928.5400390625,3.552000045776367,126.31999969482422,3932.35009765625,3.569000005722046,6989200,4303360000,0
2023-01-12,118.1580810546875,3983.169921875,3.4489998817443848,127.88999938964844,3983.169921875,3.4489998817443848,128.4600067138672,3997.760009765625,3.5910000801086426,126.45999908447266,3937.56005859375,3.430999994277954,128.35000610351562,3977.570068359375,3.503999948501587,8366400,4440260000,0
2023-01-13,119.04503631591797,3999.090087890625,3.510999917984009,128.85000610351562,3999.090087890625,3.510999917984009,129.22999572753906,4003.949951171875,3.515000104904175,126.66000366210938,3947.669921875,3.430000066757202,126.66000366210938,3960.60009765625,3.489000082015991,4856500,3939700000,0
2023-01-17,118.38906860351562,3990.969970703125,3.5350000858306885,128.13999938964844,3990.969970703125,3.5350000858306885,129.0500030517578,4015.389892578125,3.5789999961853027,127.83000183105469,3984.570068359375,3.496000051498413,128.0,3999.280029296875,3.575000047683716,6172200,4235560000,0
2023-01-18,116.8091812133789,3928.860107421875,3.375,126.43000030517578,3928.860107421875,3.375,128.58999633789062,4014.159912109375,3.4670000076293945,126.0,3926.590087890625,3.375,127.80000305175781,4002.25,3.4630000591278076,6828800,4298710000,0
2023-01-19,115.05376434326172,3898.85009765625,3.3970000743865967,124.52999877929688,3898.85009765625,3.3970000743865967,125.44000244140625,3922.93994140625,3.427999973297119,123.61000061035156,3885.5400390625,3.372999906539917,124.79000091552734,3911.840087890625,3.3970000743865967,5273500,3991500000,0
2023-01-20,116.9847412109375,3972.610107421875,3.4839999675750732,126.62000274658203,3972.610107421875,3.4839999675750732,126.63999938964844,3972.9599609375,3.500999927520752,124.04000091552734,3897.860107421875,3.433000087738037,124.68000030517578,3909.0400390625,3.441999912261963,5673200,4013360000,0
2023-01-23,118.52764129638672,4019.81005859375,3.5250000953674316,128.2899932861328,4019.81005859375,3.5250000953674316,128.75,4039.31005859375,3.546999931335449,126.54000091552734,3971.639892578125,3.493000030517578,126.9000015258789,3978.139892578125,3.503000020980835,5581600,3945210000,0
2023-01-24,117.17877197265625,4016.949951171875,3.4690001010894775,126.83000183105469,4016.949951171875,3.4690001010894775,128.00999450683594,4023.919921875,3.555999994277954,120.44999694824219,3989.7900390625,3.4579999446868896,126.80999755859375,4001.739990234375,3.513000011444092,5486200,3320430000,0
2023-01-25,117.16950988769531,4016.219970703125,3.4619998931884766,126.81999969482422,4016.219970703125,3.4619998931884766,127.01000213623047,4019.550048828125,3.489000082015991,124.83000183105469,3949.06005859375,3.421999931335449,125.86000061035156,3982.7099609375,3.434000015258789,5933700,3724020000,0
2023-01-26,117.82549285888672,4060.429931640625,3.493000030517578,127.52999877929688,4060.429931640625,3.493000030517578,128.99000549316406,4061.570068359375,3.5209999084472656,126.01000213623047,4013.2900390625,3.4519999027252197,128.4600067138672,4036.080078125,3.490999937057495,5838800,3809590000,0
2023-01-27,117.82549285888672,4070.56005859375,3.5179998874664307,127.52999877929688,4070.56005859375,3.5179998874664307,128.5800018310547,4094.2099609375,3.552000045776367,126.69999694824219,4048.699951171875,3.5179998874664307,127.06999969482422,4053.719970703125,3.5439999103546143,5730000,3907760000,0
2023-01-30,116.75375366210938,4017.77001953125,3.5510001182556152,126.37000274658203,4017.77001953125,3.5510001182556152,127.55999755859375,4063.85009765625,3.5739998817443848,126.20999908447266,4015.550048828125,3.5220000743865967,126.5,4049.27001953125,3.552999973297119,6494600,3802000000,0
2023-01-31,117.64069366455078,4076.60009765625,3.5290000438690186,127.33000183105469,4076.60009765625,3.5290000438690186,127.8499984741211,4077.159912109375,3.552999973297119,126.01000213623047,4020.43994140625,3.48799991607666,126.41999816894531,4020.85009765625,3.5309998989105225,7686900,4679320000,0
2023-02-01,119.64559173583984,4119.2099609375,3.3970000743865967,129.5,4119.2099609375,3.3970000743865967,130.22000122070312,4148.9501953125,3.509999990463257,126.22000122070312,4037.199951171875,3.38700008392334,127.9000015258789,4070.070068359375,3.4749999046325684,6387900,4856930000,0
2023-02-02,119.23905944824219,4179.759765625,3.3959999084472656,129.05999755859375,4179.759765625,3.3959999084472656,131.30999755859375,4195.43994140625,3.4070000648498535,127.86000061035156,4141.8798828125,3.3340001106262207,130.4499969482422,4158.68017578125,3.372999906539917,5214500,5624360000,0
2023-02-03,117.89940643310547,4136.47998046875,3.5320000648498535,127.61000061035156,4136.47998046875,3.5320000648498535,129.4199981689453,4182.35986328125,3.555999994277954,126.44000244140625,4123.35986328125,3.38100004196167,126.79000091552734,4136.68994140625,3.390000104904175,4930200,4694510000,0
2023-02-06,116.1624526977539,4111.080078125,3.634000062942505,125.7300033569336,4111.080078125,3.634000062942505,126.0999984741211,4124.6298828125,3.6440000534057617,124.31999969482422,4093.3798828125,3.5989999771118164,125.5199966430664,4119.56982421875,3.5989999771118164,4666400,4114240000,0
2023-02-07,115.79288482666016,4164.0,3.6740000247955322,125.33000183105469,4164.0,3.6740000247955322,125.93000030517578,4176.5400390625,3.680999994277954,123.25,4088.389892578125,3.5969998836517334,123.95999908447266,4105.35009765625,3.6449999809265137,5288900,4355860000,0
2023-02-08,113.55705261230469,4117.85986328125,3.6530001163482666,122.91000366210938,4117.85986328125,3.6530001163482666,124.0999984741211,4156.85009765625,3.691999912261963,121.80000305175781,4111.669921875,3.630000114440918,123.37999725341797,4153.47021484375,3.6579999923706055,5877800,4029820000,0
2023-02-09,112.88259887695312,4081.5,3.683000087738037,122.18000030517578,4081.5,3.683000087738037,125.0199966430664,4156.22998046875,3.690000057220459,121.5,4069.669921875,3.575000047683716,124.70999908447266,4144.25,3.5859999656677246,5929000,4270200000,0
2023-02-10,112.9288101196289,4090.4599609375,3.74399995803833,122.2300033569336,4090.4599609375,3.74399995803833,122.63999938964844,4094.360107421875,3.746999979019165,120.54000091552734,4060.7900390625,3.6730000972747803,121.51000213623047,4068.919921875,3.686000108718872,5195500,3891520000,0
2023-02-13,115.62660217285156,4137.2900390625,3.7170000076293945,125.1500015258789,4137.2900390625,3.7170000076293945,125.72000122070312,4138.89990234375,3.755000114440918,122.45999908447266,4092.669921875,3.7019999027252197,122.81999969482422,4096.6201171875,3.746999979019165,5689800,3448620000,0
2023-02-14,116.5967025756836,4136.1298828125,3.760999917984009,126.19999694824219,4136.1298828125,3.760999917984009,126.36000061035156,4159.77001953125,3.7990000247955322,123.73999786376953,4095.010009765625,3.621999979019165,123.94999694824219,4126.7001953125,3.687999963760376,4845900,3929200000,0
2023-02-15,117.779296875,4147.60009765625,3.809000015258789,127.4800033569336,4147.60009765625,3.809000015258789,127.5,4148.10986328125,3.822000026702881,124.9000015258789,4103.97998046875,3.749000072479248,124.9000015258789,4119.5,3.749000072479248,5687900,4075980000,0
2023-02-16,114.91517639160156,4090.409912109375,3.8429999351501465,124.37999725341797,4090.409912109375,3.8429999351501465,127.20999908447266,4136.5400390625,3.86899995803833,124.11000061035156,4089.489990234375,3.7929999828338623,125.43000030517578,4114.75,3.802999973297119,4722200,4143660000,0
2023-02-17,115.3401870727539,4079.090087890625,3.828000068664551,124.83999633789062,4079.090087890625,3.828000068664551,124.88999938964844,4081.510009765625,3.9000000953674316,123.44000244140625,4047.949951171875,3.8239998817443848,123.70999908447266,4077.389892578125,3.885999917984009,5161500,4045480000,0
2023-02-21,111.88478088378906,3997.340087890625,3.9549999237060547,121.0999984741211,3997.340087890625,3.9549999237060547,124.0,4052.35009765625,3.9619998931884766,120.9800033569336,3995.18994140625,3.88100004196167,123.27999877929688,4052.35009765625,3.8940000534057617,5110300,4121590000,0
2023-02-22,110.77609252929688,3991.050048828125,3.9230000972747803,119.9000015258789,3991.050048828125,3.9230000972747803,121.4000015258789,4017.3701171875,3.9509999752044678,119.63999938964844,3976.89990234375,3.890000104904175,121.0999984741211,4001.830078125,3.927000045776367,5022000,4079320000,0
2023-02-23,110.83154296875,4012.320068359375,3.878999948501587,119.95999908447266,4012.320068359375,3.878999948501587,120.76000213623047,4028.300048828125,3.9779999256134033,118.55000305175781,3969.18994140625,3.86299991607666,120.76000213623047,4018.60009765625,3.940999984741211,4101900,3952940000,0
2023-02-24,109.0576400756836,3970.0400390625,3.9489998817443848,118.04000091552734,3970.0400390625,3.9489998817443848,118.73999786376953,3978.25,3.9779999256134033,117.33999633789062,3943.080078125,3.9079999923706055,117.97000122070312,3973.239990234375,3.9159998893737793,4693000,3877700000,0
2023-02-27,109.5103530883789,3982.239990234375,3.921999931335449,118.52999877929688,3982.239990234375,3.921999931335449,119.81999969482422,4018.050048828125,3.9670000076293945,118.31999969482422,3973.550048828125,3.8970000743865967,119.26000213623047,3992.360107421875,3.9670000076293945,4239800,3836950000,0
2023-02-28,109.75057220458984,3970.14990234375,3.9159998893737793,118.79000091552734,3970.14990234375,3.9159998893737793,120.4000015258789,3997.5,3.9830000400543213,117.8499984741211,3968.97998046875,3.9040000438690186,118.73999786376953,3977.18994140625,3.947000026702881,8414100,5043400000,0
2023-03-01,109.55655670166016,3951.389892578125,3.99399995803833,118.58000183105469,3951.389892578125,3.99399995803833,119.79000091552734,3971.72998046875,4.00600004196167,117.83000183105469,3939.050048828125,3.934000015258789,117.94999694824219,3963.340087890625,3.940000057220459,4120500,4249480000,0
2023-03-02,110.48045349121094,3981.35009765625,4.072999954223633,119.58000183105469,3981.35009765625,4.072999954223633,119.95999908447266,3990.840087890625,4.091000080108643,117.55000305175781,3928.159912109375,4.044000148773193,117.55000305175781,3938.679931640625,4.050000190734863,4443200,4244900000,0
2023-03-03,112.0555648803711,4045.639892578125,3.9639999866485596,120.94000244140625,4045.639892578125,3.9639999866485596,121.04000091552734,4048.2900390625,4.026000022888184,119.0199966430664,3995.169921875,3.9619998931884766,120.12999725341797,3998.02001953125,4.013000011444092,3871800,4084730000,0
2023-03-06,111.34212493896484,4048.419921875,3.9830000400543213,120.16999816894531,4048.419921875,3.9830000400543213,121.98999786376953,4078.489990234375,3.989000082015991,119.95999908447266,4044.610107421875,3.8970000743865967,121.12999725341797,4055.14990234375,3.9049999713897705,5183800,4000870000,0
2023-03-07,110.80474853515625,3986.3701171875,3.9749999046325684,119.58999633789062,3986.3701171875,3.9749999046325684,121.0199966430664,4050.0,4.006999969482422,119.2300033569336,3980.31005859375,3.9210000038146973,120.19999694824219,4048.260009765625,3.940000057220459,5345700,3922500000,0
2023-03-08,111.05489349365234,3992.010009765625,3.9760000705718994,119.86000061035156,3992.010009765625,3.9760000705718994,120.04000091552734,4000.409912109375,3.994999885559082,118.7300033569336,3969.760009765625,3.9010000228881836,119.2699966430664,3987.550048828125,3.9600000381469727,4175200,3535570000,0
2023-03-09,109.21109008789062,3918.320068359375,3.924999952316284,117.87000274658203,3918.320068359375,3.924999952316284,121.86000061035156,4017.81005859375,4.017000198364258,117.55000305175781,3908.699951171875,3.8940000534057617,120.08000183105469,3998.659912109375,4.011000156402588,5635900,4445260000,0
2023-03-10,108.8590087890625,3861.590087890625,3.694999933242798,117.48999786376953,3861.590087890625,3.694999933242798,118.98999786376953,3934.050048828125,3.8320000171661377,116.63999938964844,3846.320068359375,3.6740000247955322,118.83000183105469,3912.77001953125,3.812000036239624,5979600,5518190000,0
2023-03-13,108.27528381347656,3855.760009765625,3.515000104904175,116.86000061035156,3855.760009765625,3.515000104904175,118.29000091552734,3905.050048828125,3.546999931335449,115.79000091552734,3808.860107421875,3.4189999103546143,115.81999969482422,3835.1201171875,3.505000114440918,6038200,6558020000,0
2023-03-14,110.2580795288086,3919.2900390625,3.638000011444092,119.0,3919.2900390625,3.638000011444092,119.48999786376953,3937.2900390625,3.684999942779541,117.2300033569336,3873.6298828125,3.555999994277954,119.0,3894.010009765625,3.5899999141693115,6050800,5665870000,0
2023-03-15,109.48904418945312,3891.929931640625,3.492000102996826,118.16999816894531,3891.929931640625,3.492000102996826,118.62999725341797,3894.260009765625,3.5299999713897705,115.80999755859375,3838.239990234375,3.388000011444092,116.31999969482422,3876.739990234375,3.5260000228881836,6599200,6594010000,0
2023-03-16,111.786865234375,3960.280029296875,3.5850000381469727,120.6500015258789,3960.280029296875,3.5850000381469727,120.80999755859375,3964.4599609375,3.5869998931884766,116.61000061035156,3864.110107421875,3.36899995803833,116.86000061035156,3878.929931640625,3.430999994277954,5658700,5695790000,0
2023-03-17,111.54598236083984,3916.639892578125,3.3949999809265137,120.38999938964844,3916.639892578125,3.3949999809265137,121.7300033569336,3958.909912109375,3.496000051498413,118.66999816894531,3901.27001953125,3.381999969482422,121.16999816894531,3958.68994140625,3.496000051498413,12868900,9354280000,0
2023-03-20,112.29645538330078,3951.570068359375,3.4809999465942383,121.19999694824219,3951.570068359375,3.4809999465942383,122.68000030517578,3956.6201171875,3.506999969482422,119.80999755859375,3916.889892578125,3.3949999809265137,120.98999786376953,3917.469970703125,3.3949999809265137,7594100,5347140000,0
2023-03-21,116.38249969482422,4002.8701171875,3.6059999465942383,125.61000061035156,4002.8701171875,3.6059999465942383,126.05999755859375,4009.080078125,3.61299991607666,122.97000122070312,3971.18994140625,3.5369999408721924,123.5,3975.889892578125,3.572999954223633,15078800,4920240000,0
2023-03-22,110.72134399414062,3936.969970703125,3.5,119.5,3936.969970703125,3.5,125.26000213623047,4039.489990234375,3.6440000534057617,119.33000183105469,3936.169921875,3.4600000381469727,123.66000366210938,4002.0400390625,3.638000011444092,17625500,4533010000,0
2023-03-23,112.08334350585938,3948.719970703125,3.4059998989105225,120.97000122070312,3948.719970703125,3.4059998989105225,123.2699966430664,4007.659912109375,3.5199999809265137,119.47000122070312,3919.050048828125,3.3929998874664307,120.47000122070312,3959.2099609375,3.4830000400543213,7628100,4991600000,0
2023-03-24,111.84246063232422,3970.989990234375,3.380000114440918,120.70999908447266,3970.989990234375,3.380000114440918,121.0,3972.739990234375,3.3970000743865967,119.31999969482422,3909.159912109375,3.2950000762939453,120.2300033569336,3939.2099609375,3.2980000972747803,6158800,4583970000,0
2023-03-27,109.15547943115234,3977.530029296875,3.5280001163482666,117.80999755859375,3977.530029296875,3.5280001163482666,121.06999969482422,4003.830078125,3.5369999408721924,117.61000061035156,3970.489990234375,3.4679999351501465,121.0199966430664,3982.929931640625,3.4700000286102295,6564200,4233540000,0
2023-03-28,109.21109008789062,3971.27001953125,3.563999891281128,117.87000274658203,3971.27001953125,3.563999891281128,118.44000244140625,3979.199951171875,3.575000047683716,116.8499984741211,3951.530029296875,3.5220000743865967,117.94999694824219,3974.1298828125,3.5450000762939453,4461400,4014600000,0
2023-03-29,111.63862609863281,4027.81005859375,3.565999984741211,120.48999786376953,4027.81005859375,3.565999984741211,120.56999969482422,4030.590087890625,3.609999895095825,118.48999786376953,3999.530029296875,3.546999931335449,118.63999938964844,3999.530029296875,3.5769999027252197,5644000,4145250000,0
2023-03-30,111.27725982666016,4050.830078125,3.5510001182556152,120.0999984741211,4050.830078125,3.5510001182556152,121.44000244140625,4057.85009765625,3.5940001010894775,119.33999633789062,4032.10009765625,3.546999931335449,121.02999877929688,4046.739990234375,3.563999891281128,4578900,3930860000,0
2023-03-31,113.63066864013672,4109.31005859375,3.49399995803833,122.63999938964844,4109.31005859375,3.49399995803833,122.70999908447266,4110.75,3.559999942779541,120.5999984741211,4056.179931640625,3.492000102996826,120.91999816894531,4056.179931640625,3.555999994277954,5659400,4525120000,0
2023-04-03,112.73191833496094,4124.509765625,3.430000066757202,121.66999816894531,4124.509765625,3.430000066757202,122.8499984741211,4127.66015625,3.5239999294281006,120.81999969482422,4098.7900390625,3.4000000953674316,122.5,4102.2001953125,3.5169999599456787,4838400,4234700000,0
2023-04-04,114.6035385131836,4100.60009765625,3.3369998931884766,123.69000244140625,4100.60009765625,3.3369998931884766,123.94999694824219,4133.1298828125,3.484999895095825,121.36000061035156,4086.8701171875,3.3350000381469727,121.37999725341797,4128.02978515625,3.4730000495910645,5895300,4227800000,0
2023-04-05,112.01850128173828,4090.3798828125,3.2869999408721924,120.9000015258789,4090.3798828125,3.2869999408721924,123.33000183105469,4099.68994140625,3.3239998817443848,120.55999755859375,4072.56005859375,3.2660000324249268,123.0,4094.5,3.309000015258789,4331400,3968020000,0
2023-04-06,111.38845825195312,4105.02001953125,3.2880001068115234,120.22000122070312,4105.02001953125,3.2880001068115234,120.48999786376953,4107.31982421875,3.305000066757202,117.8499984741211,4069.840087890625,3.253000020980835,119.51000213623047,4081.14990234375,3.2679998874664307,4256900,3486690000,0
2023-04-10,112.95430755615234,4109.10986328125,3.4149999618530273,121.91000366210938,4109.10986328125,3.4149999618530273,121.91000366210938,4109.5,3.436000108718872,119.12999725341797,4072.550048828125,3.3510000705718994,119.30000305175781,4085.199951171875,3.365999937057495,3731200,3423650000,0
2023-04-11,114.24220275878906,4108.93994140625,3.434000015258789,123.30000305175781,4108.93994140625,3.434000015258789,124.08000183105469,4124.259765625,3.4560000896453857,122.04000091552734,4102.60986328125,3.3910000324249268,122.04000091552734,4110.2900390625,3.4089999198913574,4471000,3665830000,0
2023-04-12,114.57575988769531,4091.949951171875,3.4210000038146973,123.66000366210938,4091.949951171875,3.4210000038146973,124.86000061035156,4134.3701171875,3.4600000381469727,123.22000122070312,4086.93994140625,3.3420000076293945,124.76000213623047,4121.72021484375,3.447000026702881,4524900,3633120000,0
2023-04-13,117.14225769042969,4146.22021484375,3.4519999027252197,126.43000030517578,4146.22021484375,3.4519999027252197,126.66999816894531,4150.259765625,3.4600000381469727,124.45999908447266,4099.39990234375,3.371999979019165,124.63999938964844,4100.0400390625,3.427999973297119,5355300,3596590000,0
2023-04-14,116.69752502441406,4137.64013671875,3.5220000743865967,125.94999694824219,4137.64013671875,3.5220000743865967,127.48999786376953,4163.18994140625,3.5360000133514404,125.48999786376953,4113.2001953125,3.443000078201294,127.0,4140.10986328125,3.4539999961853027,4828700,3575690000,0
2023-04-17,116.91989135742188,4151.31982421875,3.5910000801086426,126.19000244140625,4151.31982421875,3.5910000801086426,126.4800033569336,4151.72021484375,3.6019999980926514,125.12999725341797,4123.18017578125,3.5380001068115234,126.02999877929688,4137.169921875,3.5490000247955322,3917900,3611180000,0
2023-04-18,116.93841552734375,4154.8701171875,3.572000026702881,126.20999908447266,4154.8701171875,3.572000026702881,127.27999877929688,4169.47998046875,3.6019999980926514,125.0199966430664,4140.35986328125,3.5490000247955322,127.2300033569336,4164.259765625,3.578000068664551,3857700,3536640000,0
2023-04-19,116.43809509277344,4154.52001953125,3.6019999980926514,125.66999816894531,4154.52001953125,3.6019999980926514,126.08000183105469,4162.56982421875,3.6389999389648438,124.91999816894531,4134.490234375,3.5999999046325684,126.0,4139.330078125,3.634999990463257,3547400,3572560000,0
2023-04-20,115.30770111083984,4129.7900390625,3.5450000762939453,124.44999694824219,4129.7900390625,3.5450000762939453,125.3499984741211,4148.56982421875,3.5789999961853027,123.70999908447266,4114.56982421875,3.5260000228881836,124.80000305175781,4130.47998046875,3.565999984741211,3891600,3772080000,0
2023-04-21,116.30838012695312,4133.52001953125,3.569999933242798,125.52999877929688,4133.52001953125,3.569999933242798,125.68000030517578,4138.02001953125,3.5799999237060547,123.62000274658203,4113.85986328125,3.502000093460083,124.4000015258789,4132.14013671875,3.5339999198913574,3651400,3611750000,0
2023-04-24,117.75376892089844,4137.0400390625,3.515000104904175,127.08999633789062,4137.0400390625,3.515000104904175,127.12999725341797,4142.41015625,3.5450000762939453,125.1500015258789,4117.77001953125,3.505000114440918,125.51000213623047,4132.06982421875,3.5450000762939453,3790900,3290940000,0
2023-04-25,115.50228881835938,4071.6298828125,3.3959999084472656,124.66000366210938,4071.6298828125,3.3959999084472656,126.7699966430664,4126.43017578125,3.447000026702881,124.05000305175781,4071.3798828125,3.378999948501587,126.52999877929688,4126.43017578125,3.444999933242798,4383300,3978640000,0
2023-04-26,114.74252319335938,4055.989990234375,3.431999921798706,123.83999633789062,4055.989990234375,3.431999921798706,124.9800033569336,4089.669921875,3.4579999446868896,123.29000091552734,4049.35009765625,3.375,124.20999908447266,4087.780029296875,3.4110000133514404,4003200,3837030000,0
2023-04-27,116.46587371826172,4135.35009765625,3.5280001163482666,125.69999694824219,4135.35009765625,3.5280001163482666,126.01000213623047,4138.240234375,3.5320000648498535,123.13999938964844,4075.2900390625,3.447000026702881,124.44000244140625,4075.2900390625,3.4489998817443848,4252100,3750550000,0
2023-04-28,117.41094970703125,4169.47998046875,3.4519999027252197,126.72000122070312,4169.47998046875,3.4519999027252197,127.06999969482422,4170.06005859375,3.49399995803833,124.95999908447266,4127.18017578125,3.434999942779541,125.1500015258789,4129.6298828125,3.4790000915527344,4421400,4087800000,0
2023-05-01,118.52278900146484,4167.8701171875,3.5739998817443848,127.91999816894531,4167.8701171875,3.5739998817443848,128.67999267578125,4186.919921875,3.5759999752044678,126.86000061035156,4164.1201171875,3.4619998931884766,126.91999816894531,4166.7900390625,3.500999927520752,4112600,3321370000,0
2023-05-02,117.91128540039062,4119.580078125,3.438999891281128,127.26000213623047,4119.580078125,3.438999891281128,127.58000183105469,4164.10009765625,3.559000015258789,125.16999816894531,4089.719970703125,3.4240000247955322,127.1500015258789,4164.10009765625,3.5320000648498535,3831600,4486130000,0
2023-05-03,117.42949676513672,4090.75,3.4030001163482666,126.73999786376953,4090.75,3.4030001163482666,128.3800048828125,4148.2998046875,3.4240000247955322,123.66999816894531,4088.860107421875,3.367000102996826,125.48999786376953,4122.25,3.4179999828338623,4560100,4246510000,0
2023-05-04,114.58499908447266,4061.219970703125,3.3510000705718994,123.66999816894531,4061.219970703125,3.3510000705718994,125.19000244140625,4082.610107421875,3.4110000133514404,122.81999969482422,4048.280029296875,3.2960000038146973,124.94000244140625,4082.550048828125,3.3450000286102295,6177100,4920090000,0
2023-05-05,117.2905044555664,4136.25,3.446000099182129,126.58999633789062,4136.25,3.446000099182129,127.02999877929688,4147.02001953125,3.4649999141693115,125.22000122070312,4084.72998046875,3.3970000743865967,125.93000030517578,4084.72998046875,3.3970000743865967,4887800,4186270000,0
2023-05-08,117.55921173095703,4138.1201171875,3.5209999084472656,126.87999725341797,4138.1201171875,3.5209999084472656,127.69000244140625,4142.2998046875,3.5209999084472656,125.9800033569336,4123.81005859375,3.48799991607666,127.26000213623047,4136.97998046875,3.490000009536743,3892600,3641640000,0
2023-05-09,115.90995788574219,4119.169921875,3.5209999084472656,125.0999984741211,4119.169921875,3.5209999084472656,125.66000366210938,4130.35009765625,3.5320000648498535,124.16999816894531,4116.64990234375,3.48799991607666,125.2699966430664,4124.25,3.492000102996826,4082100,3810140000,0
2023-05-10,114.43677520751953,4137.64013671875,3.438999891281128,123.51000213623047,4137.64013671875,3.438999891281128,126.45999908447266,4154.27978515625,3.5209999084472656,122.16999816894531,4098.919921875,3.430999994277954,126.29000091552734,4143.740234375,3.506999969482422,5052600,4057160000,0
2023-05-11,113.24153137207031,4130.6201171875,3.3970000743865967,122.22000122070312,4130.6201171875,3.3970000743865967,123.86000061035156,4132.7998046875,3.4049999713897705,121.9000015258789,4109.2900390625,3.3450000286102295,123.44999694824219,4132.240234375,3.4049999713897705,5923100,3752900000,0
2023-05-12,111.37918853759766,4124.080078125,3.4630000591278076,120.20999908447266,4124.080078125,3.4630000591278076,121.19999694824219,4143.740234375,3.4630000591278076,119.02999877929688,4099.1201171875,3.384000062942505,120.98999786376953,4138.5400390625,3.4119999408721924,6574200,3533740000,0
2023-05-15,111.02710723876953,4136.27978515625,3.507999897003174,119.83000183105469,4136.27978515625,3.507999897003174,119.98999786376953,4141.25,3.510999917984009,118.01000213623047,4110.27001953125,3.4660000801086426,119.81999969482422,4126.64990234375,3.502000093460083,5518200,3562170000,0
2023-05-16,107.92321014404297,4109.89990234375,3.5490000247955322,116.4800033569336,4109.89990234375,3.5490000247955322,117.83999633789062,4135.5400390625,3.5739998817443848,116.12000274658203,4109.85986328125,3.486999988555908,117.5,4127.9501953125,3.486999988555908,8306400,3654200000,0
2023-05-17,108.38646697998047,4158.77001953125,3.5810000896453857,116.9800033569336,4158.77001953125,3.5810000896453857,117.12999725341797,4164.669921875,3.5889999866485596,115.25,4113.6201171875,3.515000104904175,116.37999725341797,4122.85009765625,3.515000104904175,7765400,4039080000,0
2023-05-18,110.13763427734375,4198.0498046875,3.6480000019073486,118.87000274658203,4198.0498046875,3.6480000019073486,119.1500015258789,4202.2001953125,3.6510000228881836,116.8499984741211,4153.5,3.5980000495910645,117.43000030517578,4157.68017578125,3.5980000495910645,5970500,3980500000,0
2023-05-19,106.3295669555664,4191.97998046875,3.691999912261963,114.76000213623047,4191.97998046875,3.691999912261963,115.48999786376953,4212.91015625,3.7209999561309814,113.0999984741211,4180.2001953125,3.640000104904175,114.55999755859375,4204.14990234375,3.6710000038146973,11674300,4041900000,0
2023-05-22,102.08602142333984,4192.6298828125,3.7190001010894775,110.18000030517578,4192.6298828125,3.7190001010894775,112.8499984741211,4209.22021484375,3.7279999256134033,110.0199966430664,4179.68017578125,3.6649999618530273,112.8499984741211,4190.77978515625,3.690000057220459,12710300,3728520000,0
2023-05-23,100.78885650634766,4145.580078125,3.697999954223633,108.77999877929688,4145.580078125,3.697999954223633,111.05999755859375,4185.68017578125,3.760999917984009,108.19000244140625,4142.5400390625,3.687999963760376,109.7699966430664,4176.7998046875,3.74399995803833,11790400,4155320000,0
2023-05-24,100.3348617553711,4115.240234375,3.7190001010894775,108.29000091552734,4115.240234375,3.7190001010894775,109.0999984741211,4132.9599609375,3.742000102996826,107.19999694824219,4103.97998046875,3.6730000972747803,109.0,4132.9599609375,3.6730000972747803,8503200,0,0
2023-05-25,99.5843505859375,4151.27978515625,3.813999891281128,107.4800033569336,4151.27978515625,3.813999891281128,108.97000122070312,4165.740234375,3.813999891281128,107.41999816894531,4129.72998046875,3.7300000190734863,108.3499984741211,4155.7099609375,3.752000093460083,6729800,4147760000,0
2023-05-26,99.61215209960938,4205.4501953125,3.809999942779541,107.51000213623047,4205.4501953125,3.809999942779541,108.44999694824219,4212.8701171875,3.8589999675750732,107.0,4156.16015625,3.7769999504089355,107.0,4156.16015625,3.7890000343322754,7911200,3715460000,0
2023-05-30,98.69485473632812,4205.52001953125,3.700000047683716,106.5199966430664,4205.52001953125,3.700000047683716,108.87999725341797,4231.10009765625,3.753999948501587,106.2699966430664,4192.18017578125,3.684999942779541,108.4000015258789,4226.7099609375,3.7119998931884766,9335200,4228510000,0
2023-05-31,97.52742767333984,4179.830078125,3.63700008392334,105.26000213623047,4179.830078125,3.63700008392334,106.16999816894531,4195.43994140625,3.690999984741211,104.83000183105469,4166.14990234375,3.63100004196167,105.69999694824219,4190.740234375,3.6459999084472656,21465200,5980670000,0
2023-06-01,96.01716613769531,4221.02001953125,3.6080000400543213,103.62999725341797,4221.02001953125,3.6080000400543213,104.5999984741211,4232.43017578125,3.6579999923706055,102.9000015258789,4171.64013671875,3.569999933242798,104.18000030517578,4183.02978515625,3.6500000953674316,12025200,4391860000,0
2023-06-02,100.1910400390625,4282.3701171875,3.690999984741211,107.77999877929688,4282.3701171875,3.690999984741211,108.41999816894531,4290.669921875,3.700000047683716,106.12999725341797,4241.009765625,3.611999988555908,107.62999725341797,4241.009765625,3.619999885559082,11838200,4454200000,0
2023-06-05,97.79267883300781,4273.7900390625,3.693000078201294,105.19999694824219,4273.7900390625,3.693000078201294,107.87999725341797,4299.27978515625,3.757999897003174,105.18000030517578,4266.81982421875,3.6579999923706055,107.87999725341797,4282.990234375,3.753000020980835,7434000,3813290000,0
2023-06-06,98.71298217773438,4283.85009765625,3.6989998817443848,106.19000244140625,4283.85009765625,3.6989998817443848,106.75,4288.330078125,3.7330000400543213,105.19999694824219,4263.08984375,3.680999994277954,105.48999786376953,4271.33984375,3.680999994277954,7896300,3996560000,0
2023-06-07,99.54961395263672,4267.52001953125,3.7839999198913574,107.08999633789062,4267.52001953125,3.7839999198913574,108.23999786376953,4299.18994140625,3.8010001182556152,105.41999816894531,4263.9599609375,3.694999933242798,106.04000091552734,4285.47021484375,3.6989998817443848,11123900,4537800000,0
2023-06-08,98.72228240966797,4293.93017578125,3.7139999866485596,106.19999694824219,4293.93017578125,3.7139999866485596,107.5199966430664,4298.009765625,3.821000099182129,105.66999816894531,4261.06982421875,3.7139999866485596,107.16000366210938,4268.68994140625,3.816999912261963,9137600,3826740000,0
2023-06-09,98.40621185302734,4298.85986328125,3.744999885559082,105.86000061035156,4298.85986328125,3.744999885559082,106.27999877929688,4322.6201171875,3.7780001163482666,105.3499984741211,4291.7001953125,3.7160000801086426,105.91000366210938,4304.8798828125,3.7669999599456787,5795200,3786510000,0
2023-06-12,99.30792999267578,4338.93017578125,3.765000104904175,106.83000183105469,4338.93017578125,3.765000104904175,106.8499984741211,4340.1298828125,3.7939999103546143,104.5999984741211,4304.3701171875,3.7109999656677246,106.29000091552734,4308.31982421875,3.7339999675750732,7964600,3945670000,0
2023-06-13,99.2614517211914,4369.009765625,3.8389999866485596,106.77999877929688,4369.009765625,3.8389999866485596,107.4800033569336,4375.3701171875,3.8410000801086426,106.29000091552734,4349.31005859375,3.681999921798706,107.13999938964844,4352.60986328125,3.7239999771118164,8460500,4275400000,0
2023-06-14,104.91333770751953,4372.58984375,3.7960000038146973,112.86000061035156,4372.58984375,3.7960000038146973,113.4000015258789,4391.81982421875,3.8510000705718994,107.4800033569336,4337.85009765625,3.7709999084472656,107.4800033569336,4366.2900390625,3.811000108718872,17415500,4252110000,0
2023-06-15,104.49503326416016,4425.83984375,3.7279999256134033,112.41000366210938,4425.83984375,3.7279999256134033,112.81999969482422,4439.2001953125,3.8410000801086426,110.16000366210938,4362.60009765625,3.7070000171661377,111.83000183105469,4365.330078125,3.819000005722046,10374200,4176690000,0
2023-06-16,105.59193420410156,4409.58984375,3.7690000534057617,113.58999633789062,4409.58984375,3.7690000534057617,114.76000213623047,4448.47021484375,3.805999994277954,113.05999755859375,4407.43994140625,3.7249999046325684,114.0,4440.9501953125,3.746000051498413,14445500,6848600000,0
2023-06-20,101.82711029052734,4388.7099609375,3.7290000915527344,109.54000091552734,4388.7099609375,3.7290000915527344,112.81999969482422,4400.14990234375,3.7769999504089355,108.95999908447266,4367.18994140625,3.7009999752044678,111.41000366210938,4396.10986328125,3.73799991607666,10602400,4055790000,0
2023-06-21,102.23611450195312,4365.68994140625,3.7230000495910645,109.9800033569336,4365.68994140625,3.7230000495910645,110.36000061035156,4386.22021484375,3.7890000343322754,108.70999908447266,4360.14013671875,3.7109999656677246,109.12999725341797,4380.009765625,3.76200008392334,8377800,3709330000,0
2023-06-22,102.68232727050781,4381.89013671875,3.7990000247955322,110.45999908447266,4381.89013671875,3.7990000247955322,111.25,4382.25,3.809999942779541,109.77999877929688,4351.81982421875,3.7109999656677246,110.81999969482422,4355.39990234375,3.740000009536743,6002900,3511000000,0
2023-06-23,101.80850982666016,4348.330078125,3.739000082015991,109.5199966430664,4348.330078125,3.739000082015991,110.29000091552734,4366.5498046875,3.759999990463257,107.30000305175781,4341.33984375,3.691999912261963,107.75,4354.169921875,3.7269999980926514,14329200,6053620000,0
2023-06-26,103.8721923828125,4328.81982421875,3.7190001010894775,111.73999786376953,4328.81982421875,3.7190001010894775,112.20999908447266,4362.06005859375,3.736999988555908,109.66999816894531,4328.080078125,3.678999900817871,109.66999816894531,4344.83984375,3.7019999027252197,6887100,3415030000,0
2023-06-27,105.61051940917969,4378.41015625,3.7679998874664307,113.61000061035156,4378.41015625,3.7679998874664307,114.18000030517578,4384.419921875,3.7760000228881836,112.43000030517578,4335.0,3.691999912261963,112.52999877929688,4337.35986328125,3.7139999866485596,7138600,3573500000,0
2023-06-28,105.07135772705078,4376.85986328125,3.7100000381469727,113.02999877929688,4376.85986328125,3.7100000381469727,113.75,4390.35009765625,3.7660000324249268,112.12000274658203,4360.22021484375,3.7039999961853027,113.33999633789062,4367.47998046875,3.734999895095825,6766000,3739330000,0
2023-06-29,105.38743591308594,4396.43994140625,3.8540000915527344,113.37000274658203,4396.43994140625,3.8540000915527344,114.2699966430664,4398.39013671875,3.868000030517578,112.61000061035156,4371.97021484375,3.746999979019165,113.5999984741211,4374.93994140625,3.746999979019165,12465500,3696660000,0
2023-06-30,102.59866333007812,4450.3798828125,3.819000005722046,110.37000274658203,4450.3798828125,3.819000005722046,112.25,4458.47998046875,3.871999979019165,109.80000305175781,4422.43994140625,3.806999921798706,111.58999633789062,4422.43994140625,3.859999895095825,19629600,3923450000,0
2023-07-03,101.42738342285156,4455.58984375,3.8580000400543213,109.11000061035156,4455.58984375,3.8580000400543213,111.30000305175781,4456.4599609375,3.865999937057495,109.11000061035156,4442.2900390625,3.7780001163482666,111.05999755859375,4450.47998046875,3.864000082015991,5734200,2034280000,0
2023-07-05,99.55890655517578,4446.81982421875,3.944999933242798,107.0999984741211,4446.81982421875,3.944999933242798,108.91000366210938,4454.06005859375,3.947000026702881,106.54000091552734,4436.60986328125,3.86299991607666,108.62000274658203,4442.0400390625,3.868000030517578,10405300,3482620000,0
2023-07-06,97.69973754882812,4411.58984375,4.040999889373779,105.0999984741211,4411.58984375,4.040999889373779,106.08999633789062,4422.6201171875,4.083000183105469,103.66999816894531,4385.0498046875,3.993000030517578,105.29000091552734,4422.6201171875,3.993000030517578,9923500,3682020000,0
2023-07-07,97.10479736328125,4398.9501953125,4.050000190734863,104.45999908447266,4398.9501953125,4.050000190734863,105.47000122070312,4440.39013671875,4.093999862670898,104.02999877929688,4397.39990234375,4.00600004196167,104.80000305175781,4404.5400390625,4.078000068664551,7463100,3630480000,0
2023-07-10,98.33187103271484,4409.52978515625,4.00600004196167,105.77999877929688,4409.52978515625,4.00600004196167,106.30999755859375,4412.60009765625,4.0920000076293945,104.25,4389.919921875,3.9860000610351562,104.4800033569336,4394.22998046875,4.052000045776367,5374600,3429600000,0
2023-07-11,99.8284912109375,4439.259765625,3.9800000190734863,107.38999938964844,4439.259765625,3.9800000190734863,107.62000274658203,4443.64013671875,4.001999855041504,105.62000274658203,4408.4599609375,3.9619998931884766,105.6500015258789,4415.5498046875,3.9800000190734863,5454900,3624220000,0
2023-07-12,100.17242431640625,4472.16015625,3.8610000610351562,107.76000213623047,4472.16015625,3.8610000610351562,109.08999633789062,4488.33984375,3.947999954223633,107.22000122070312,4463.22998046875,3.8440001010894775,108.52999877929688,4467.68994140625,3.946000099182129,8305000,3920290000,0
2023-07-13,100.24681091308594,4510.0400390625,3.760999917984009,107.83999633789062,4510.0400390625,3.760999917984009,109.12999725341797,4517.3798828125,3.8459999561309814,107.68000030517578,4489.35986328125,3.760999917984009,109.06999969482422,4491.5,3.8259999752044678,6692300,3839530000,0
2023-07-14,100.34905242919922,4505.419921875,3.819000005722046,107.94999694824219,4505.419921875,3.819000005722046,108.63999938964844,4527.759765625,3.819999933242798,107.19000244140625,4499.56005859375,3.76200008392334,107.94000244140625,4514.60986328125,3.7790000438690186,6933600,3647450000,0
2023-07-17,101.05555725097656,4522.7900390625,3.796999931335449,108.70999908447266,4522.7900390625,3.796999931335449,109.0999984741211,4532.85009765625,3.8359999656677246,106.76000213623047,4504.89990234375,3.7790000438690186,107.26000213623047,4508.85986328125,3.7790000438690186,6682900,3538240000,0
2023-07-18,101.99443054199219,4554.97998046875,3.7890000343322754,109.72000122070312,4554.97998046875,3.7890000343322754,110.33999633789062,4562.2998046875,3.7929999828338623,108.30999755859375,4514.58984375,3.73799991607666,108.58000183105469,4521.77978515625,3.757999897003174,5717200,4090010000,0
2023-07-19,102.14315795898438,4565.72021484375,3.742000102996826,109.87999725341797,4565.72021484375,3.742000102996826,110.25,4578.43017578125,3.7950000762939453,108.58000183105469,4557.47998046875,3.734999895095825,109.08000183105469,4563.8701171875,3.74399995803833,5027100,4115670000,0
2023-07-20,99.9586410522461,4534.8701171875,3.8540000915527344,107.52999877929688,4534.8701171875,3.8540000915527344,110.0199966430664,4564.740234375,3.874000072479248,107.4800033569336,4527.56005859375,3.7909998893737793,109.56999969482422,4554.3798828125,3.7909998893737793,6458000,3761770000,0
2023-07-21,101.38089752197266,4536.33984375,3.8369998931884766,109.05999755859375,4536.33984375,3.8369998931884766,109.29000091552734,4555.0,3.8369998931884766,107.51000213623047,4535.7900390625,3.809000015258789,108.0,4550.16015625,3.8329999446868896,6631600,3570190000,0
2023-07-24,101.11132049560547,4554.64013671875,3.8570001125335693,108.7699966430664,4554.64013671875,3.8570001125335693,110.55000305175781,4563.41015625,3.865000009536743,108.51000213623047,4541.2900390625,3.7980000972747803,110.41000366210938,4543.39013671875,3.805999994277954,6787600,3856250000,0
2023-07-25,100.6744155883789,4567.4599609375,3.9119999408721924,108.30000305175781,4567.4599609375,3.9119999408721924,108.8499984741211,4580.6201171875,3.921999931335449,107.38999938964844,4552.419921875,3.884999990463257,108.27999877929688,4555.18994140625,3.8919999599456787,7692800,3812470000,0
2023-07-26,101.60401916503906,4566.75,3.8510000705718994,109.30000305175781,4566.75,3.8510000705718994,109.58999633789062,4582.47021484375,3.9040000438690186,107.94999694824219,4547.580078125,3.8489999771118164,108.30000305175781,4558.9599609375,3.884999990463257,5148900,3990290000,0
2023-07-27,100.08879089355469,4537.41015625,4.01200008392334,107.66999816894531,4537.41015625,4.01200008392334,110.2300033569336,4607.06982421875,4.021999835968018,107.4000015258789,4528.56005859375,3.8529999256134033,109.83000183105469,4598.259765625,3.86299991607666,6544600,4553210000,0
2023-07-28,100.97188568115234,4582.22998046875,3.9690001010894775,108.62000274658203,4582.22998046875,3.9690001010894775,108.95999908447266,4590.16015625,3.994999885559082,107.62999725341797,4564.009765625,3.940999984741211,108.11000061035156,4565.75,3.9609999656677246,5988300,3981010000,0
2023-07-31,102.61725616455078,4588.9599609375,3.9590001106262207,110.38999938964844,4588.9599609375,3.9590001106262207,110.8499984741211,4594.22021484375,3.9809999465942383,109.05000305175781,4573.14013671875,3.927000045776367,109.41000366210938,4584.81982421875,3.9670000076293945,6406000,4503600000,0
2023-08-01,101.69696807861328,4576.72998046875,4.051000118255615,109.4000015258789,4576.72998046875,4.051000118255615,110.52999877929688,4584.6201171875,4.057000160217285,109.13999938964844,4567.52978515625,4.000999927520752,110.0,4578.830078125,4.000999927520752,4566700,4042370000,0
2023-08-02,99.9400405883789,4513.39013671875,4.078000068664551,107.51000213623047,4513.39013671875,4.078000068664551,108.5199966430664,4550.93017578125,4.125999927520752,107.44999694824219,4505.75,4.034999847412109,108.27999877929688,4550.93017578125,4.039000034332275,6213200,4270710000,0
2023-08-03,100.990478515625,4501.89013671875,4.189000129699707,108.63999938964844,4501.89013671875,4.189000129699707,109.08999633789062,4519.490234375,4.197999954223633,106.6500015258789,4485.5400390625,4.127999782562256,107.0,4494.27001953125,4.144999980926514,5084300,4149120000,0
2023-08-04,101.14849090576172,4478.02978515625,4.059999942779541,108.80999755859375,4478.02978515625,4.059999942779541,110.30999755859375,4540.33984375,4.205999851226807,108.23999786376953,4474.5498046875,4.058000087738037,108.70999908447266,4513.9599609375,4.191999912261963,5621400,4143310000,0
2023-08-07,102.700927734375,4518.43994140625,4.078000068664551,110.4800033569336,4518.43994140625,4.078000068664551,110.94000244140625,4519.83984375,4.11299991607666,109.18000030517578,4491.14990234375,4.064000129699707,109.87000274658203,4491.580078125,4.11299991607666,4887300,3493920000,0
2023-08-08,101.966552734375,4499.3798828125,4.026000022888184,109.69000244140625,4499.3798828125,4.026000022888184,109.88999938964844,4503.31005859375,4.033999919891357,107.3499984741211,4464.39013671875,3.9839999675750732,109.62999725341797,4498.02978515625,4.007999897003174,5851900,3884910000,0
2023-08-09,101.966552734375,4467.7099609375,4.01200008392334,109.69000244140625,4467.7099609375,4.01200008392334,110.0199966430664,4502.43994140625,4.035999774932861,108.30000305175781,4461.330078125,3.98799991607666,109.79000091552734,4501.56982421875,4.035999774932861,4328600,3803100000,0
2023-08-10,101.35301208496094,4468.830078125,4.079999923706055,109.02999877929688,4468.830078125,4.079999923706055,111.94999694824219,4527.3701171875,4.093999862670898,108.5199966430664,4457.919921875,3.9570000171661377,110.30999755859375,4487.16015625,3.9820001125335693,7276500,4504370000,0
2023-08-11,100.47918701171875,4464.0498046875,4.168000221252441,108.08999633789062,4464.0498046875,4.168000221252441,109.52999877929688,4476.22998046875,4.168000221252441,107.86000061035156,4443.97998046875,4.090000152587891,108.9000015258789,4450.68994140625,4.10699987411499,5104300,3753290000,0
2023-08-14,100.06088256835938,4489.72021484375,4.184000015258789,107.63999938964844,4489.72021484375,4.184000015258789,108.30000305175781,4490.330078125,4.215000152587891,107.06999969482422,4453.43994140625,4.145999908447266,107.91999816894531,4458.1298828125,4.176000118255615,5305200,3896410000,0
2023-08-15,99.04764556884766,4437.85986328125,4.2210001945495605,106.55000305175781,4437.85986328125,4.2210001945495605,106.81999969482422,4478.8701171875,4.27400016784668,105.5999984741211,4432.18994140625,4.165999889373779,106.06999969482422,4478.8701171875,4.235000133514404,6197600,3832250000,0
2023-08-16,99.02904510498047,4404.330078125,4.257999897003174,106.52999877929688,4404.330078125,4.257999897003174,108.37999725341797,4449.9501953125,4.26200008392334,106.06999969482422,4403.5498046875,4.190999984741211,106.06999969482422,4433.7900390625,4.204999923706055,5953100,3753910000,0
2023-08-17,97.65325164794922,4370.35986328125,4.308000087738037,105.05000305175781,4370.35986328125,4.308000087738037,107.83000183105469,4421.169921875,4.328000068664551,104.77999877929688,4364.830078125,4.271999835968018,107.43000030517578,4416.31982421875,4.2779998779296875,5692800,3943700000,0
2023-08-18,97.4301528930664,4369.7099609375,4.250999927520752,104.80999755859375,4369.7099609375,4.250999927520752,105.05000305175781,4381.81982421875,4.28000020980835,103.76000213623047,4335.31005859375,4.2230000495910645,103.83000183105469,4344.8798828125,4.243000030517578,5836100,3940400000,0
2023-08-21,95.61746215820312,4399.77001953125,4.3420000076293945,102.86000061035156,4399.77001953125,4.3420000076293945,105.4800033569336,4407.5498046875,4.354000091552734,102.62999725341797,4360.2998046875,4.288000106811523,105.47000122070312,4380.27978515625,4.294000148773193,6697600,3726850000,0
2023-08-22,94.31603240966797,4387.5498046875,4.328000068664551,101.45999908447266,4387.5498046875,4.328000068664551,102.37000274658203,4418.58984375,4.361999988555908,100.7300033569336,4382.77001953125,4.309999942779541,100.95999908447266,4415.330078125,4.309999942779541,9814700,3522760000,0
2023-08-23,91.79684448242188,4436.009765625,4.197999954223633,98.75,4436.009765625,4.197999954223633,99.19000244140625,4443.18017578125,4.291999816894531,96.55000305175781,4396.43994140625,4.190000057220459,96.9800033569336,4396.43994140625,4.2829999923706055,20909100,3837270000,0
2023-08-24,90.75572204589844,4376.31005859375,4.235000133514404,97.62999725341797,4376.31005859375,4.235000133514404,99.19000244140625,4458.2998046875,4.238999843597412,97.55999755859375,4375.5498046875,4.190000057220459,98.69999694824219,4455.16015625,4.2230000495910645,10310000,3723470000,0
2023-08-25,91.88050842285156,4405.7099609375,4.238999843597412,98.83999633789062,4405.7099609375,4.238999843597412,99.08999633789062,4418.4599609375,4.284999847412109,97.80999755859375,4356.2900390625,4.203999996185303,98.5,4389.3798828125,4.235000133514404,7290600,3296180000,0
2023-08-28,92.61489868164062,4433.31005859375,4.211999893188477,99.62999725341797,4433.31005859375,4.211999893188477,100.05999755859375,4439.56005859375,4.234000205993652,98.87000274658203,4414.97998046875,4.193999767303467,99.58999633789062,4426.02978515625,4.23199987411499,6006600,2957230000,0
2023-08-29,94.60420227050781,4497.6298828125,4.122000217437744,101.7699966430664,4497.6298828125,4.122000217437744,102.16000366210938,4500.14013671875,4.243000030517578,99.72000122070312,4431.68017578125,4.105999946594238,100.02999877929688,4432.75,4.21999979019165,8641600,3354820000,0
2023-08-30,94.91097259521484,4514.8701171875,4.118000030517578,102.0999984741211,4514.8701171875,4.118000030517578,102.80999755859375,4521.64990234375,4.15500020980835,101.51000213623047,4493.58984375,4.086999893188477,101.63999938964844,4500.33984375,4.13700008392334,4822100,3064110000,0
2023-08-31,94.54842376708984,4507.66015625,4.0929999351501465,101.70999908447266,4507.66015625,4.0929999351501465,102.88999938964844,4532.259765625,4.118000030517578,101.61000061035156,4507.39013671875,4.077000141143799,102.62000274658203,4517.009765625,4.09499979019165,7046200,3946360000,0
2023-09-01,95.47181701660156,4515.77001953125,4.172999858856201,102.36000061035156,4515.77001953125,4.172999858856201,102.95999908447266,4541.25,4.199999809265137,101.5199966430664,4501.35009765625,4.059999942779541,101.97000122070312,4530.60009765625,4.0970001220703125,6359400,3246260000,0
2023-09-05,93.56908416748047,4496.830078125,4.26800012588501,100.31999969482422,4496.830078125,4.26800012588501,101.95999908447266,4514.2900390625,4.269999980926514,100.2300033569336,4496.009765625,4.211999893188477,101.5,4510.06005859375,4.228000164031982,6698700,3526250000,0
2023-09-06,93.43850708007812,4465.47998046875,4.289999961853027,100.18000030517578,4465.47998046875,4.289999961853027,100.30999755859375,4490.35009765625,4.306000232696533,99.02999877929688,4442.3798828125,4.239999771118164,99.76000213623047,4490.35009765625,4.242000102996826,6096000,3418850000,0
2023-09-07,91.33991241455078,4451.14013671875,4.260000228881836,97.93000030517578,4451.14013671875,4.260000228881836,98.76000213623047,4457.81005859375,4.308000087738037,97.63999938964844,4430.4599609375,4.257999897003174,98.26000213623047,4434.5498046875,4.283999919891357,9927100,3763760000,0
2023-09-08,91.0974349975586,4457.490234375,4.257999897003174,97.66999816894531,4457.490234375,4.257999897003174,98.12999725341797,4473.52978515625,4.263999938964844,97.27999877929688,4448.3798828125,4.2129998207092285,98.0999984741211,4451.2998046875,4.257999897003174,6435000,3259290000,0
2023-09-11,90.27664184570312,4487.4599609375,4.288000106811523,96.79000091552734,4487.4599609375,4.288000106811523,98.37999725341797,4490.77001953125,4.300000190734863,96.58000183105469,4467.89013671875,4.271999835968018,98.33000183105469,4480.97998046875,4.283999919891357,7584700,3369920000,0
2023-09-12,89.81961059570312,4461.89990234375,4.263999938964844,96.30000305175781,4461.89990234375,4.263999938964844,97.16999816894531,4487.10986328125,4.297999858856201,96.18000030517578,4456.830078125,4.263999938964844,96.98999786376953,4473.27001953125,4.285999774932861,6307700,3435740000,0
2023-09-13,89.66104888916016,4467.43994140625,4.249000072479248,96.12999725341797,4467.43994140625,4.249000072479248,97.19999694824219,4479.39013671875,4.343999862670898,95.66000366210938,4453.52001953125,4.235000133514404,96.30000305175781,4462.64990234375,4.311999797821045,7140700,3529430000,0
2023-09-14,90.64971923828125,4505.10009765625,4.288000106811523,97.19000244140625,4505.10009765625,4.288000106811523,97.68000030517578,4511.990234375,4.297999858856201,95.9000015258789,4478.68994140625,4.2230000495910645,96.72000122070312,4487.77978515625,4.229000091552734,7075300,3648720000,0
2023-09-15,89.78231048583984,4450.31982421875,4.322000026702881,96.26000213623047,4450.31982421875,4.322000026702881,98.1500015258789,4497.97998046875,4.3379998207092285,96.12999725341797,4447.2099609375,4.302999973297119,98.1500015258789,4497.97998046875,4.320000171661377,10467300,6932230000,0
2023-09-18,89.082763671875,4453.52978515625,4.318999767303467,95.51000213623047,4453.52978515625,4.318999767303467,96.37000274658203,4466.35986328125,4.359000205993652,95.27999877929688,4442.10986328125,4.310999870300293,96.0,4445.1298828125,4.336999893188477,6946300,3161230000,0
2023-09-19,88.25265502929688,4443.9501953125,4.364999771118164,94.62000274658203,4443.9501953125,4.364999771118164,95.48999786376953,4449.85009765625,4.364999771118164,94.41000366210938,4416.60986328125,4.324999809265137,95.04000091552734,4445.41015625,4.333000183105469,9386600,3614880000,0
2023-09-20,87.71170043945312,4402.2001953125,4.348999977111816,94.04000091552734,4402.2001953125,4.348999977111816,95.4000015258789,4461.02978515625,4.361000061035156,93.83000183105469,4401.3798828125,4.313000202178955,93.97000122070312,4452.81005859375,4.339000225067139,10274200,3308450000,0
2023-09-21,85.42655944824219,4330.0,4.480000019073486,91.58999633789062,4330.0,4.480000019073486,93.48999786376953,4375.7001953125,4.489999771118164,91.4800033569336,4329.169921875,4.461999893188477,93.41999816894531,4374.35986328125,4.466000080108643,7958600,3662340000,0
2023-09-22,84.73635864257812,4320.06005859375,4.438000202178955,90.8499984741211,4320.06005859375,4.438000202178955,92.33000183105469,4357.39990234375,4.486000061035156,90.55000305175781,4316.490234375,4.423999786376953,91.58000183105469,4341.740234375,4.473999977111816,9289400,3349570000,0
2023-09-25,84.50318908691406,4337.43994140625,4.541999816894531,90.5999984741211,4337.43994140625,4.541999816894531,90.8499984741211,4338.509765625,4.546000003814697,89.79000091552734,4302.7001953125,4.499000072479248,90.0,4310.6201171875,4.505000114440918,8291700,3195650000,0
2023-09-26,84.10211181640625,4273.52978515625,4.558000087738037,90.16999816894531,4273.52978515625,4.558000087738037,90.69999694824219,4313.009765625,4.564000129699707,89.77999877929688,4265.97998046875,4.482999801635742,90.0,4312.8798828125,4.485000133514404,8060500,3472340000,0
2023-09-27,83.402587890625,4274.509765625,4.625999927520752,89.41999816894531,4274.509765625,4.625999927520752,90.69999694824219,4292.06982421875,4.64300012588501,89.20999908447266,4238.6298828125,4.491000175476074,90.55999755859375,4282.6298828125,4.506999969482422,7631000,3875880000,0
2023-09-28,83.59845733642578,4299.7001953125,4.5970001220703125,89.62999725341797,4299.7001953125,4.5970001220703125,89.77999877929688,4317.27001953125,4.688000202178955,88.66000366210938,4264.3798828125,4.5970001220703125,89.0999984741211,4269.64990234375,4.624000072479248,16315600,3846230000,0
2023-09-29,89.18536376953125,4288.0498046875,4.572999954223633,95.62000274658203,4288.0498046875,4.572999954223633,99.47000122070312,4333.14990234375,4.574999809265137,94.62000274658203,4274.85986328125,4.507999897003174,99.37000274658203,4328.18017578125,4.548999786376953,34935400,3865960000,0
2023-10-02,88.19670104980469,4288.39013671875,4.683000087738037,94.55999755859375,4288.39013671875,4.683000087738037,96.37999725341797,4300.580078125,4.703000068664551,93.7300033569336,4260.2099609375,4.626999855041504,96.19999694824219,4284.52001953125,4.63100004196167,12776300,3938660000,0
2023-10-03,88.6910400390625,4229.4501953125,4.802000045776367,95.08999633789062,4229.4501953125,4.802000045776367,96.05000305175781,4281.14990234375,4.806000232696533,94.18000030517578,4216.4501953125,4.695000171661377,94.31999969482422,4269.75,4.736999988555908,10964300,3953830000,0
2023-10-04,89.43720245361328,4263.75,4.735000133514404,95.88999938964844,4263.75,4.735000133514404,96.26000213623047,4268.5,4.794000148773193,95.12000274658203,4220.47998046875,4.7270002365112305,95.58000183105469,4233.830078125,4.75600004196167,8045400,3777600000,0
2023-10-05,89.34393310546875,4258.18994140625,4.7170000076293945,95.79000091552734,4258.18994140625,4.7170000076293945,96.2300033569336,4267.1298828125,4.7769999504089355,95.27999877929688,4225.91015625,4.703999996185303,95.79000091552734,4259.31005859375,4.730999946594238,7430000,3581470000,0
2023-10-06,90.5750961303711,4308.5,4.783999919891357,97.11000061035156,4308.5,4.783999919891357,97.70999908447266,4324.10009765625,4.88700008392334,95.05999755859375,4219.5498046875,4.739999771118164,95.79000091552734,4234.7900390625,4.739999771118164,8532900,3902030000,0
2023-10-09,90.36058044433594,4335.66015625,4.796999931335449,96.87999725341797,4335.66015625,4.796999931335449,97.13999938964844,4341.72998046875,4.796999931335449,95.91999816894531,4283.7900390625,4.796999931335449,96.77999877929688,4289.02001953125,4.796999931335449,5964200,3174630000,0
2023-10-10,91.05079650878906,4358.240234375,4.65500020980835,97.62000274658203,4358.240234375,4.65500020980835,98.86000061035156,4385.4599609375,4.7129998207092285,97.2300033569336,4339.64013671875,4.618000030517578,97.25,4339.75,4.703000068664551,8499000,3520240000,0
2023-10-11,92.01148223876953,4376.9501953125,4.59499979019165,98.6500015258789,4376.9501953125,4.59499979019165,98.94999694824219,4378.64013671875,4.624000072479248,98.01000213623047,4345.33984375,4.564000129699707,98.30999755859375,4366.58984375,4.580999851226807,7642900,3601660000,0
2023-10-12,92.57109069824219,4349.60986328125,4.711999893188477,99.25,4349.60986328125,4.711999893188477,100.05000305175781,4385.85009765625,4.728000164031982,98.5199966430664,4325.43017578125,4.5320000648498535,99.54000091552734,4380.93994140625,4.544000148773193,10705200,3713140000,0
2023-10-13,93.18669128417969,4327.77978515625,4.629000186920166,99.91000366210938,4327.77978515625,4.629000186920166,100.8499984741211,4377.10009765625,4.650000095367432,99.44999694824219,4311.97021484375,4.585999965667725,99.58999633789062,4360.490234375,4.61899995803833,8774700,3566560000,0
2023-10-16,95.17334747314453,4373.6298828125,4.711999893188477,102.04000091552734,4373.6298828125,4.711999893188477,102.58000183105469,4383.330078125,4.724999904632568,99.5999984741211,4342.3701171875,4.665999889373779,99.72000122070312,4342.3701171875,4.690999984741211,10845400,3409960000,0
2023-10-17,96.07807159423828,4373.2001953125,4.8470001220703125,103.01000213623047,4373.2001953125,4.8470001220703125,103.58999633789062,4393.56982421875,4.860000133514404,101.97000122070312,4337.5400390625,4.761000156402588,101.97000122070312,4345.22998046875,4.764999866485596,9253800,3794850000,0
2023-10-18,96.78691864013672,4314.60009765625,4.9039998054504395,103.7699966430664,4314.60009765625,4.9039998054504395,103.9000015258789,4364.2001953125,4.927999973297119,102.93000030517578,4303.83984375,4.834000110626221,102.97000122070312,4357.35009765625,4.839000225067139,8757300,3686030000,0
2023-10-19,96.1153793334961,4278.0,4.98799991607666,103.05000305175781,4278.0,4.98799991607666,104.3499984741211,4339.5400390625,4.995999813079834,102.8499984741211,4269.68994140625,4.894000053405762,103.7699966430664,4321.35986328125,4.964000225067139,8391100,3969730000,0
2023-10-20,95.76095581054688,4224.16015625,4.923999786376953,102.66999816894531,4224.16015625,4.923999786376953,103.7699966430664,4276.56005859375,4.993000030517578,102.56999969482422,4223.02978515625,4.892000198364258,103.31999969482422,4273.85009765625,4.978000164031982,7823500,4004030000,0
2023-10-23,95.89152526855469,4217.0400390625,4.8379998207092285,102.80999755859375,4217.0400390625,4.8379998207092285,103.76000213623047,4255.83984375,4.997000217437744,101.7699966430664,4189.22021484375,4.830999851226807,102.12999725341797,4210.39990234375,4.997000217437744,5966100,3776100000,0
2023-10-24,98.10204315185547,4247.68017578125,4.840000152587891,105.18000030517578,4247.68017578125,4.840000152587891,105.6500015258789,4259.3798828125,4.888999938964844,103.66000366210938,4219.43017578125,4.827000141143799,103.66000366210938,4235.7900390625,4.869999885559082,9252200,3821820000,0
2023-10-25,96.57240295410156,4186.77001953125,4.953000068664551,103.54000091552734,4186.77001953125,4.953000068664551,105.04000091552734,4232.419921875,4.959000110626221,103.48999786376953,4181.419921875,4.85099983215332,104.45999908447266,4232.419921875,4.85099983215332,7054700,3869370000,0
2023-10-26,93.28927612304688,4137.22998046875,4.84499979019165,100.0199966430664,4137.22998046875,4.84499979019165,102.62999725341797,4183.60009765625,4.982999801635742,99.94999694824219,4127.89990234375,4.8420000076293945,102.18000030517578,4175.990234375,4.964000225067139,11222600,4277640000,0
2023-10-27,91.38655090332031,4117.3701171875,4.84499979019165,97.9800033569336,4117.3701171875,4.84499979019165,100.33999633789062,4156.7001953125,4.892000198364258,97.80999755859375,4103.77978515625,4.8429999351501465,99.77999877929688,4152.93017578125,4.866000175476074,9602700,4019500000,0
2023-10-30,94.94950866699219,4166.81982421875,4.875,101.80000305175781,4166.81982421875,4.875,102.05000305175781,4177.47021484375,4.921999931335449,99.0,4132.93994140625,4.867000102996826,99.0,4139.39013671875,4.895999908447266,8206700,3911140000,0
2023-10-31,95.8542251586914,4193.7998046875,4.875,102.7699966430664,4193.7998046875,4.875,102.93000030517578,4195.5498046875,4.880000114440918,101.4000015258789,4153.1201171875,4.802999973297119,101.4000015258789,4171.330078125,4.809999942779541,6558500,4249470000,0
2023-11-01,94.09140014648438,4237.85986328125,4.789000034332275,100.87999725341797,4237.85986328125,4.789000034332275,102.66999816894531,4245.64013671875,4.9029998779296875,99.97000122070312,4197.740234375,4.7779998779296875,102.55000305175781,4201.27001953125,4.89300012588501,7272400,4224900000,0
2023-11-02,98.00878143310547,4317.77978515625,4.669000148773193,105.08000183105469,4317.77978515625,4.669000148773193,105.55000305175781,4319.72021484375,4.703000068664551,101.88999938964844,4268.259765625,4.625999927520752,102.05000305175781,4268.259765625,4.690000057220459,8135100,4669780000,0
2023-11-03,99.85552978515625,4358.33984375,4.558000087738037,107.05999755859375,4358.33984375,4.558000087738037,107.6500015258789,4373.6201171875,4.64300012588501,106.05000305175781,4334.22998046875,4.484000205993652,106.43000030517578,4334.22998046875,4.63700008392334,7568000,4570960000,0
2023-11-06,100.03274536132812,4365.97998046875,4.6620001792907715,107.25,4365.97998046875,4.6620001792907715,107.5999984741211,4372.2099609375,4.668000221252441,106.37000274658203,4347.52978515625,4.610000133514404,106.95999908447266,4364.27001953125,4.610000133514404,5231900,3656340000,0
2023-11-07,102.0007553100586,4378.3798828125,4.571000099182129,109.36000061035156,4378.3798828125,4.571000099182129,109.36000061035156,4386.259765625,4.626999855041504,107.2300033569336,4355.41015625,4.544000148773193,107.31999969482422,4366.2099609375,4.619999885559082,7745800,3791230000,0
2023-11-08,102.02873992919922,4382.77978515625,4.5229997634887695,109.38999938964844,4382.77978515625,4.5229997634887695,110.69999694824219,4391.2001953125,4.572999954223633,108.9000015258789,4359.759765625,4.502999782562256,109.37000274658203,4384.3701171875,4.566999912261963,8639700,3729510000,0
2023-11-09,99.79957580566406,4347.35009765625,4.630000114440918,107.0,4347.35009765625,4.630000114440918,109.9000015258789,4393.39990234375,4.6539998054504395,106.91999816894531,4343.93994140625,4.526000022888184,109.81999969482422,4391.41015625,4.551000118255615,9154200,3900780000,0
2023-11-10,98.9694595336914,4415.240234375,4.627999782562256,106.11000061035156,4415.240234375,4.627999782562256,107.83000183105469,4418.02978515625,4.638000011444092,105.61000061035156,4353.33984375,4.566999912261963,107.33999633789062,4364.14990234375,4.583000183105469,8897700,3665080000,0
2023-11-13,97.18799591064453,4411.5498046875,4.631999969482422,104.19999694824219,4411.5498046875,4.631999969482422,105.72000122070312,4421.759765625,4.696000099182129,104.18000030517578,4393.81982421875,4.624000072479248,105.37000274658203,4406.66015625,4.642000198364258,7055600,3326240000,0
2023-11-14,98.63369750976562,4495.7001953125,4.440999984741211,105.75,4495.7001953125,4.440999984741211,107.0999984741211,4508.669921875,4.616000175476074,105.37999725341797,4458.97021484375,4.432000160217285,105.55999755859375,4458.97021484375,4.616000175476074,9674800,4700350000,0
2023-11-15,100.56439208984375,4502.8798828125,4.534999847412109,107.81999969482422,4502.8798828125,4.534999847412109,109.05999755859375,4521.169921875,4.559000015258789,106.72000122070312,4495.31005859375,4.445000171661377,106.81999969482422,4505.2998046875,4.460999965667725,11140800,4347170000,0
2023-11-16,100.36851501464844,4508.240234375,4.445000171661377,107.61000061035156,4508.240234375,4.445000171661377,108.0,4511.990234375,4.48799991607666,107.0,4487.830078125,4.432000160217285,107.0999984741211,4497.080078125,4.48799991607666,5386800,3964520000,0
2023-11-17,98.82955169677734,4514.02001953125,4.440999984741211,105.95999908447266,4514.02001953125,4.440999984741211,108.20999908447266,4520.1201171875,4.468999862670898,105.5199966430664,4499.66015625,4.4039998054504395,108.05999755859375,4509.5498046875,4.4120001792907715,6352600,3777240000,0
2023-11-20,99.16532897949219,4547.3798828125,4.421999931335449,106.31999969482422,4547.3798828125,4.421999931335449,106.55000305175781,4557.10986328125,4.48199987411499,105.0999984741211,4510.35986328125,4.409999847412109,106.0,4511.7001953125,4.4730000495910645,6197400,3644790000,0
2023-11-21,99.37985229492188,4538.18994140625,4.418000221252441,106.55000305175781,4538.18994140625,4.418000221252441,106.69999694824219,4542.14013671875,4.442999839782715,105.3499984741211,4525.509765625,4.390999794006348,106.16999816894531,4538.77001953125,4.409999847412109,5803500,3511080000,0
2023-11-22,100.65765380859375,4556.6201171875,4.415999889373779,107.91999816894531,4556.6201171875,4.415999889373779,108.02999877929688,4568.43017578125,4.447000026702881,106.81999969482422,4545.0498046875,4.364999771118164,107.5,4553.0400390625,4.364999771118164,6280300,3042810000,0
2023-11-24,100.39649200439453,4559.33984375,4.4720001220703125,107.63999938964844,4559.33984375,4.4720001220703125,108.0,4560.31005859375,4.492000102996826,107.4000015258789,4552.7998046875,4.4629998207092285,107.5,4555.83984375,4.473999977111816,2443600,1639500000,0
2023-11-27,100.69496154785156,4550.43017578125,4.388999938964844,107.95999908447266,4550.43017578125,4.388999938964844,108.22000122070312,4560.52001953125,4.460999965667725,106.9000015258789,4546.31982421875,4.388999938964844,107.66000366210938,4554.85986328125,4.456999778747559,5785000,3403990000,0
2023-11-28,101.43180084228516,4554.89013671875,4.335999965667725,108.75,4554.89013671875,4.335999965667725,109.9000015258789,4568.14013671875,4.421999931335449,108.1500015258789,4540.509765625,4.331999778747559,108.56999969482422,4545.5498046875,4.395999908447266,7287400,3586240000,0
2023-11-29,102.94278717041016,4550.580078125,4.270999908447266,110.37000274658203,4550.580078125,4.270999908447266,112.1500015258789,4587.64013671875,4.322999954223633,110.1500015258789,4547.14990234375,4.252999782562256,110.80000305175781,4571.83984375,4.294000148773193,9601800,4418760000,0
2023-11-30,102.84950256347656,4567.7998046875,4.3520002365112305,110.2699966430664,4567.7998046875,4.3520002365112305,110.5999984741211,4569.89013671875,4.3520002365112305,108.95999908447266,4537.240234375,4.271999835968018,110.52999877929688,4554.8701171875,4.28000020980835,8690900,5399300000,0
2023-12-01,106.19985961914062,4594.6298828125,4.22599983215332,113.4800033569336,4594.6298828125,4.22599983215332,113.55000305175781,4599.39013671875,4.3480000495910645,109.75,4554.7099609375,4.210999965667725,110.33000183105469,4559.43017578125,4.320000171661377,8051800,4397120000,0
2023-12-04,107.7627182006836,4569.77978515625,4.288000106811523,115.1500015258789,4569.77978515625,4.288000106811523,115.31999969482422,4572.3701171875,4.298999786376953,113.0,4546.72021484375,4.239999771118164,113.08000183105469,4564.3701171875,4.243000030517578,10086600,4369910000,0
2023-12-05,108.00603485107422,4567.18017578125,4.171000003814697,115.41000366210938,4567.18017578125,4.171000003814697,116.04000091552734,4578.56005859375,4.228000164031982,114.5999984741211,4551.68017578125,4.164999961853027,114.66000366210938,4557.25,4.22599983215332,6960000,3909950000,0
2023-12-06,108.66112518310547,4549.33984375,4.120999813079834,116.11000061035156,4549.33984375,4.120999813079834,117.13999938964844,4590.740234375,4.182000160217285,115.56999969482422,4546.5,4.107999801635742,116.0,4586.22998046875,4.179999828338623,6317000,4245680000,0
2023-12-07,107.44451904296875,4585.58984375,4.129000186920166,114.80999755859375,4585.58984375,4.129000186920166,116.0,4590.919921875,4.179999828338623,114.12000274658203,4565.22021484375,4.105999946594238,114.12000274658203,4568.83984375,4.169000148773193,7294500,3818880000,0
2023-12-08,108.47395324707031,4604.3701171875,4.244999885559082,115.91000366210938,4604.3701171875,4.244999885559082,116.29000091552734,4609.22998046875,4.2779998779296875,114.47000122070312,4574.06005859375,4.182000160217285,114.5,4576.2001953125,4.184999942779541,6122200,3707010000,0
2023-12-11,111.00074768066406,4622.43994140625,4.238999843597412,118.61000061035156,4622.43994140625,4.238999843597412,119.41999816894531,4623.7099609375,4.293000221252441,117.43000030517578,4593.39013671875,4.229000091552734,117.79000091552734,4593.39013671875,4.27400016784668,7972800,3823210000,0
2023-12-12,111.96466064453125,4643.7001953125,4.205999851226807,119.63999938964844,4643.7001953125,4.205999851226807,119.98999786376953,4643.93017578125,4.250999927520752,118.58000183105469,4608.08984375,4.1529998779296875,119.68000030517578,4618.2998046875,4.179999828338623,7378400,3808380000,0
2023-12-13,113.39649963378906,4707.08984375,4.0329999923706055,121.16999816894531,4707.08984375,4.0329999923706055,121.44000244140625,4709.68994140625,4.190999984741211,119.19999694824219,4643.22998046875,4.008999824523926,119.3499984741211,4646.2001953125,4.186999797821045,8182900,5063650000,0
2023-12-14,113.2561264038086,4719.5498046875,3.930000066757202,121.0199966430664,4719.5498046875,3.930000066757202,122.58999633789062,4738.56982421875,3.98799991607666,119.81999969482422,4694.33984375,3.884999990463257,121.44000244140625,4721.0400390625,3.9660000801086426,9590500,6314040000,0
2023-12-15,113.75212860107422,4719.18994140625,3.927999973297119,121.55000305175781,4719.18994140625,3.927999973297119,122.05999755859375,4725.52978515625,3.9709999561309814,120.5999984741211,4704.68994140625,3.8940000534057617,120.93000030517578,4714.22998046875,3.921999931335449,13633300,8218980000,0
2023-12-18,113.3684310913086,4740.56005859375,3.9539999961853027,121.13999938964844,4740.56005859375,3.9539999961853027,121.83999633789062,4749.52001953125,3.9709999561309814,120.86000061035156,4725.580078125,3.9070000648498535,121.41000366210938,4725.580078125,3.9170000553131104,6874800,4060340000,0
2023-12-19,114.77218627929688,4768.3701171875,3.921999931335449,122.63999938964844,4768.3701171875,3.921999931335449,123.33999633789062,4768.68994140625,3.927999973297119,121.63999938964844,4743.72021484375,3.8959999084472656,121.73999786376953,4743.72021484375,3.8980000019073486,7697300,4026970000,0
2023-12-20,113.63982391357422,4698.35009765625,3.877000093460083,121.43000030517578,4698.35009765625,3.877000093460083,123.38999938964844,4778.009765625,3.921999931335449,121.0,4697.81982421875,3.872999906539917,121.12999725341797,4764.72998046875,3.88100004196167,9176600,4201320000,0
2023-12-21,114.66925811767578,4746.75,3.8940000534057617,122.52999877929688,4746.75,3.8940000534057617,123.30000305175781,4748.7099609375,3.9049999713897705,121.30000305175781,4708.35009765625,3.8289999961853027,122.30000305175781,4724.2900390625,3.859999895095825,16533300,3431180000,0
2023-12-22,101.10885620117188,4754.6298828125,3.9010000228881836,108.04000091552734,4754.6298828125,3.9010000228881836,110.80000305175781,4772.93994140625,3.9189999103546143,107.44999694824219,4736.77001953125,3.8489999771118164,108.26000213623047,4753.919921875,3.8519999980926514,46666200,3046770000,0
2023-12-26,101.09012603759766,4774.75,3.885999917984009,108.0199966430664,4774.75,3.885999917984009,108.69000244140625,4784.72021484375,3.9079999923706055,107.4800033569336,4758.4501953125,3.881999969482422,108.30000305175781,4758.85986328125,3.9079999923706055,12846700,2513910000,0
2023-12-27,100.25720977783203,4781.580078125,3.7890000343322754,107.12999725341797,4781.580078125,3.7890000343322754,108.58999633789062,4785.39013671875,3.8519999980926514,106.8499984741211,4768.89990234375,3.7850000858306885,108.33999633789062,4773.4501953125,3.8519999980926514,10157900,2748450000,0
2023-12-28,101.83879852294922,4783.35009765625,3.8499999046325684,108.81999969482422,4783.35009765625,3.8499999046325684,109.4000015258789,4793.2998046875,3.8610000610351562,106.80999755859375,4780.97998046875,3.799999952316284,107.20999908447266,4786.43994140625,3.818000078201294,9352900,2698860000,0
2023-12-29,101.60484313964844,4769.830078125,3.865999937057495,108.56999969482422,4769.830078125,3.865999937057495,109.95999908447266,4788.43017578125,3.8980000019073486,108.08999633789062,4751.990234375,3.8469998836517334,108.95999908447266,4782.8798828125,3.878999948501587,7667500,3126060000,0
2024-01-02,99.71443939208984,4742.830078125,3.946000099182129,106.55000305175781,4742.830078125,3.946000099182129,107.8499984741211,4754.330078125,3.9730000495910645,106.44999694824219,4722.669921875,3.9179999828338623,107.61000061035156,4745.2001953125,3.9690001010894775,9326600,3743050000,0
2024-01-03,97.36547088623047,4704.81005859375,3.9070000648498535,104.04000091552734,4704.81005859375,3.9070000648498535,107.4800033569336,4729.2900390625,4.007999897003174,104.0,4699.7099609375,3.8940000534057617,105.72000122070312,4725.06982421875,3.9779999256134033,10573700,3950760000,0
2024-01-04,95.73709106445312,4688.68017578125,3.990999937057495,102.30000305175781,4688.68017578125,3.990999937057495,103.62000274658203,4726.77978515625,4.00600004196167,102.30000305175781,4687.52978515625,3.9709999561309814,102.45999908447266,4697.419921875,3.9739999771118164,10420600,3715480000,0
2024-01-05,95.53119659423828,4697.240234375,4.041999816894531,102.08000183105469,4697.240234375,4.041999816894531,103.68000030517578,4721.490234375,4.098999977111816,101.9000015258789,4682.10986328125,3.953000068664551,102.45999908447266,4690.56982421875,4.038000106811523,8044500,3844370000,0
2024-01-08,96.97240447998047,4763.5400390625,4.001999855041504,103.62000274658203,4763.5400390625,4.001999855041504,103.69000244140625,4764.5400390625,4.063000202178955,101.7300033569336,4699.81982421875,3.9660000801086426,102.08000183105469,4703.7001953125,4.059000015258789,9414200,3742320000,0
2024-01-09,96.14884948730469,4756.5,4.019000053405762,102.73999786376953,4756.5,4.019000053405762,103.4000015258789,4765.47021484375,4.052999973297119,102.5,4730.35009765625,3.996000051498413,103.16999816894531,4741.93017578125,4.046999931335449,7759500,3529960000,0
2024-01-10,97.1127700805664,4783.4501953125,4.03000020980835,103.7699966430664,4783.4501953125,4.03000020980835,103.83000183105469,4790.7998046875,4.038000106811523,102.37000274658203,4756.2001953125,3.984999895095825,102.69000244140625,4759.93994140625,3.992000102996826,6784700,3498680000,0
2024-01-11,99.10613250732422,4780.240234375,3.9769999980926514,105.9000015258789,4780.240234375,3.9769999980926514,106.01000213623047,4798.5,4.067999839782715,103.7300033569336,4739.580078125,3.9730000495910645,104.22000122070312,4792.1298828125,3.99399995803833,9537700,3759890000,0
2024-01-12,98.32003021240234,4783.830078125,3.950000047683716,105.05999755859375,4783.830078125,3.950000047683716,106.31999969482422,4802.39990234375,4.006999969482422,104.72000122070312,4768.97998046875,3.9159998893737793,106.0,4791.18017578125,4.002999782562256,6680900,3486340000,0
2024-01-16,95.19430541992188,4765.97998046875,4.065999984741211,101.72000122070312,4765.97998046875,4.065999984741211,104.22000122070312,4782.33984375,4.083000183105469,101.36000061035156,4747.1201171875,3.990000009536743,103.94000244140625,4772.35009765625,4.002999782562256,10547900,4260550000,0
2024-01-17,94.3520278930664,4739.2099609375,4.105999946594238,100.81999969482422,4739.2099609375,4.105999946594238,101.30999755859375,4744.22998046875,4.129000186920166,100.23999786376953,4714.81982421875,4.074999809265137,101.05000305175781,4739.1298828125,4.080999851226807,8226200,3928600000,0
2024-01-18,94.46434020996094,4780.93994140625,4.144000053405762,100.94000244140625,4780.93994140625,4.144000053405762,101.43000030517578,4785.7900390625,4.1539998054504395,100.06999969482422,4740.56982421875,4.090000152587891,101.0,4760.10009765625,4.090000152587891,8852400,4019000000,0
2024-01-19,95.25043487548828,4839.81005859375,4.145999908447266,101.77999877929688,4839.81005859375,4.145999908447266,102.18000030517578,4842.06982421875,4.197999954223633,99.66999816894531,4785.8701171875,4.131999969482422,101.0199966430664,4796.27978515625,4.131999969482422,8517200,4287200000,0
2024-01-22,94.10871124267578,4850.43017578125,4.093999862670898,100.55999755859375,4850.43017578125,4.093999862670898,101.80999755859375,4868.41015625,4.111000061035156,100.08999633789062,4844.0498046875,4.074999809265137,101.75,4853.419921875,4.0980000495910645,9897400,4297610000,0
2024-01-23,95.36275482177734,4864.60009765625,4.142000198364258,101.9000015258789,4864.60009765625,4.142000198364258,102.13999938964844,4866.47998046875,4.15500020980835,101.2300033569336,4844.3701171875,4.120999813079834,101.62999725341797,4856.7998046875,4.130000114440918,8208000,3912800000,0
2024-01-24,94.29588317871094,4868.5498046875,4.177999973297119,100.76000213623047,4868.5498046875,4.177999973297119,101.80000305175781,4903.68017578125,4.188000202178955,100.69000244140625,4865.93994140625,4.085999965667725,101.77999877929688,4888.56005859375,4.098999977111816,7879300,4330030000,0
2024-01-25,94.30524444580078,4894.16015625,4.131999969482422,100.7699966430664,4894.16015625,4.131999969482422,101.73999786376953,4898.14990234375,4.185999870300293,100.08999633789062,4869.33984375,4.122000217437744,101.52999877929688,4886.66015625,4.15500020980835,10063700,4020430000,0
2024-01-26,96.15821838378906,4890.97021484375,4.159999847412109,102.75,4890.97021484375,4.159999847412109,103.2699966430664,4906.68994140625,4.165999889373779,101.22000122070312,4881.47021484375,4.10699987411499,101.56999969482422,4888.91015625,4.122000217437744,9735800,3353400000,0
2024-01-29,97.21571350097656,4927.93017578125,4.091000080108643,103.87999725341797,4927.93017578125,4.091000080108643,104.01000213623047,4929.31005859375,4.122000217437744,101.33999633789062,4887.39990234375,4.089000225067139,102.87999725341797,4892.9501953125,4.107999801635742,8860800,3525160000,0
2024-01-30,97.49647521972656,4924.97021484375,4.059000015258789,104.18000030517578,4924.97021484375,4.059000015258789,104.30999755859375,4931.08984375,4.103000164031982,103.12999725341797,4916.27001953125,4.040999889373779,103.33999633789062,4925.89013671875,4.067999839782715,7542800,3836130000,0
2024-01-31,95.01648712158203,4845.64990234375,3.9670000076293945,101.52999877929688,4845.64990234375,3.9670000076293945,104.30000305175781,4906.75,4.03000020980835,101.12000274658203,4845.14990234375,3.944000005722046,104.08999633789062,4899.18994140625,4.019999980926514,11547600,4696120000,0
2024-02-01,95.23172760009766,4906.18994140625,3.86299991607666,101.76000213623047,4906.18994140625,3.86299991607666,102.25,4906.97021484375,3.927000045776367,100.61000061035156,4853.52001953125,3.816999912261963,101.9000015258789,4861.10986328125,3.927000045776367,7666700,4386090000,0
2024-02-02,94.24907684326172,4958.60986328125,4.0329999923706055,100.70999908447266,4958.60986328125,4.0329999923706055,101.41000366210938,4975.2900390625,4.053999900817871,99.43000030517578,4907.990234375,3.88700008392334,100.87999725341797,4916.06005859375,3.8889999389648438,8966900,3974350000,0
2024-02-05,93.28517150878906,4942.81005859375,4.164000034332275,99.68000030517578,4942.81005859375,4.164000034332275,100.58999633789062,4957.18994140625,4.177000045776367,99.05000305175781,4918.08984375,4.110000133514404,100.5,4957.18994140625,4.111999988555908,10097900,4023640000,0
2024-02-06,96.02719116210938,4954.22998046875,4.090000152587891,102.61000061035156,4954.22998046875,4.090000152587891,102.62999725341797,4957.77001953125,4.1620001792907715,99.12999725341797,4934.8798828125,4.078999996185303,99.5,4950.16015625,4.1479997634887695,11368600,4440880000,0
2024-02-07,97.1314926147461,4995.06005859375,4.110000133514404,103.79000091552734,4995.06005859375,4.110000133514404,104.33999633789062,4999.89013671875,4.125,102.3499984741211,4969.0498046875,4.065000057220459,102.38999938964844,4973.0498046875,4.125,9447800,4895590000,0
2024-02-08,97.1127700805664,4997.91015625,4.170000076293945,103.7699966430664,4997.91015625,4.170000076293945,104.95999908447266,5000.39990234375,4.172999858856201,103.05000305175781,4987.08984375,4.13100004196167,104.43000030517578,4995.16015625,4.13700008392334,6330400,4341860000,0
2024-02-09,97.79594421386719,5026.60986328125,4.186999797821045,104.5,5026.60986328125,4.186999797821045,104.94000244140625,5030.06005859375,4.192999839782715,103.33000183105469,5000.33984375,4.126999855041504,103.80000305175781,5004.169921875,4.172999858856201,5449000,3912990000,0
2024-02-12,100.30400848388672,5021.83984375,4.171999931335449,107.18000030517578,5021.83984375,4.171999931335449,107.43000030517578,5048.39013671875,4.197000026702881,104.6500015258789,5016.830078125,4.150000095367432,104.73999786376953,5026.830078125,4.1519999504089355,7501900,3805740000,0
2024-02-13,98.26387023925781,4953.169921875,4.315999984741211,105.0,4953.169921875,4.315999984741211,105.80000305175781,4971.2998046875,4.315999984741211,104.25,4920.31005859375,4.150000095367432,104.98999786376953,4967.93994140625,4.1519999504089355,6180500,4302190000,0
2024-02-14,99.508544921875,5000.6201171875,4.267000198364258,106.33000183105469,5000.6201171875,4.267000198364258,106.41999816894531,5002.52001953125,4.322000026702881,104.45999908447266,4956.4501953125,4.245999813079834,104.81999969482422,4976.43994140625,4.308000087738037,5743300,3845600000,0
2024-02-15,99.24650573730469,5029.72998046875,4.239999771118164,106.05000305175781,5029.72998046875,4.239999771118164,107.33999633789062,5032.72021484375,4.255000114440918,105.83000183105469,4999.43994140625,4.190999984741211,107.0199966430664,5003.14013671875,4.22599983215332,7201300,4137970000,0
2024-02-16,96.86947631835938,5005.56982421875,4.295000076293945,103.51000213623047,5005.56982421875,4.295000076293945,104.69999694824219,5038.7001953125,4.328000068664551,101.6500015258789,4999.52001953125,4.2769999504089355,104.62999725341797,5031.1298828125,4.2789998054504395,14590100,3833270000,0
2024-02-20,96.67292022705078,4975.509765625,4.275000095367432,103.30000305175781,4975.509765625,4.275000095367432,103.83999633789062,4993.7099609375,4.289000034332275,102.16999816894531,4955.02001953125,4.24399995803833,103.12999725341797,4989.31982421875,4.2829999923706055,8759500,4034880000,0
2024-02-21,98.51653289794922,4981.7998046875,4.324999809265137,105.2699966430664,4981.7998046875,4.324999809265137,105.5199966430664,4983.2099609375,4.330999851226807,102.93000030517578,4946.0,4.257999897003174,103.3499984741211,4963.02978515625,4.263999938964844,8888100,3788390000,0
2024-02-22,98.3387451171875,5087.02978515625,4.327000141143799,105.08000183105469,5087.02978515625,4.327000141143799,106.01000213623047,5094.39013671875,4.354000091552734,104.08000183105469,5038.830078125,4.296999931335449,105.80000305175781,5038.830078125,4.336999893188477,6705500,4051710000,0
2024-02-23,98.85345458984375,5088.7998046875,4.260000228881836,105.62999725341797,5088.7998046875,4.260000228881836,106.62000274658203,5111.06005859375,4.328999996185303,105.19000244140625,5081.4599609375,4.245999813079834,105.26000213623047,5100.919921875,4.307000160217285,6947300,3672790000,0
2024-02-26,97.8333740234375,5069.52978515625,4.298999786376953,104.54000091552734,5069.52978515625,4.298999786376953,106.0999984741211,5097.66015625,4.309000015258789,103.76000213623047,5068.91015625,4.23799991607666,105.30999755859375,5093.0,4.24399995803833,5831500,3683930000,0
2024-02-27,98.40424346923828,5078.18017578125,4.315000057220459,105.1500015258789,5078.18017578125,4.315000057220459,105.25,5080.68994140625,4.321000099182129,103.98999786376953,5057.2900390625,4.263999938964844,104.83000183105469,5074.60009765625,4.271999835968018,5317400,3925950000,0
2024-02-28,97.65557098388672,5069.759765625,4.27400016784668,104.3499984741211,5069.759765625,4.27400016784668,105.44000244140625,5077.3701171875,4.309000015258789,103.69999694824219,5058.35009765625,4.271999835968018,104.0999984741211,5067.2001953125,4.28000020980835,4219800,3789370000,0
2024-02-29,97.26251983642578,5096.27001953125,4.251999855041504,103.93000030517578,5096.27001953125,4.251999855041504,105.56999969482422,5104.990234375,4.315000057220459,103.68000030517578,5061.89013671875,4.224999904632568,104.9800033569336,5085.35986328125,4.310999870300293,10811600,5219740000,0
2024-03-01,95.6846694946289,5137.080078125,4.179999828338623,101.87999725341797,5137.080078125,4.179999828338623,103.94000244140625,5140.330078125,4.296000003814697,101.83000183105469,5094.16015625,4.177999973297119,103.87000274658203,5098.509765625,4.26800012588501,7349300,4748110000,0
2024-03-04,93.48696899414062,5130.9501953125,4.218999862670898,99.54000091552734,5130.9501953125,4.218999862670898,101.7699966430664,5149.669921875,4.235000133514404,99.01000213623047,5127.18017578125,4.204999923706055,101.6500015258789,5130.990234375,4.218999862670898,11050900,4758440000,0
2024-03-05,92.33177947998047,5078.64990234375,4.13700008392334,98.30999755859375,5078.64990234375,4.13700008392334,99.16999816894531,5114.5400390625,4.165999889373779,98.0,5056.81982421875,4.113999843597412,99.0,5110.52001953125,4.164000034332275,8670600,4418410000,0
2024-03-06,91.69312286376953,5104.759765625,4.104000091552734,97.62999725341797,5104.759765625,4.104000091552734,100.0999984741211,5127.97021484375,4.146999835968018,97.05999755859375,5092.22021484375,4.078999996185303,100.0,5108.02978515625,4.138999938964844,10045300,4559050000,0
2024-03-07,92.21907043457031,5157.35986328125,4.0920000076293945,98.19000244140625,5157.35986328125,4.0920000076293945,98.4000015258789,5165.6201171875,4.123000144958496,97.68000030517578,5128.2099609375,4.053999900817871,97.98999786376953,5132.3798828125,4.080999851226807,8133900,4137980000,0
2024-03-08,93.13008117675781,5123.68994140625,4.089000225067139,99.16000366210938,5123.68994140625,4.089000225067139,99.31999969482422,5189.259765625,4.129000186920166,98.0199966430664,5117.5,4.038000106811523,98.48999786376953,5164.4599609375,4.066999912261963,9043500,4208870000,0
2024-03-11,94.9333267211914,5117.93994140625,4.104000091552734,101.08000183105469,5117.93994140625,4.104000091552734,101.76000213623047,5124.66015625,4.116000175476074,99.44000244140625,5091.14013671875,4.074999809265137,99.9000015258789,5111.9599609375,4.077000141143799,8537400,3896430000,0
2024-03-12,94.08805084228516,5175.27001953125,4.15500020980835,100.18000030517578,5175.27001953125,4.15500020980835,101.37000274658203,5179.8701171875,4.171999931335449,99.6500015258789,5114.47998046875,4.083000183105469,100.79000091552734,5134.2998046875,4.089000225067139,7040900,4080510000,0
2024-03-13,95.19629669189453,5165.31005859375,4.191999912261963,101.36000061035156,5165.31005859375,4.191999912261963,102.0,5179.14013671875,4.196000099182129,100.33000183105469,5151.8798828125,4.170000076293945,100.61000061035156,5173.490234375,4.185999870300293,7326400,4282890000,0
2024-03-14,94.16320037841797,5150.47998046875,4.297999858856201,100.26000213623047,5150.47998046875,4.297999858856201,102.48999786376953,5176.85009765625,4.300000190734863,100.08999633789062,5123.2998046875,4.191999912261963,102.19999694824219,5175.14013671875,4.196000099182129,8350900,4687970000,0
2024-03-15,93.58088684082031,5117.08984375,4.303999900817871,99.63999938964844,5117.08984375,4.303999900817871,101.16000366210938,5136.85986328125,4.320000171661377,99.33999633789062,5104.35009765625,4.281000137329102,100.30000305175781,5123.31005859375,4.281000137329102,15208500,7753670000,0
2024-03-18,92.7356185913086,5149.419921875,4.340000152587891,98.73999786376953,5149.419921875,4.340000152587891,99.66000366210938,5175.60009765625,4.3480000495910645,98.5199966430664,5145.47021484375,4.303999900817871,98.9800033569336,5154.77001953125,4.314000129699707,7207000,4036220000,0
2024-03-19,93.88142395019531,5178.509765625,4.296999931335449,99.95999908447266,5178.509765625,4.296999931335449,100.04000091552734,5180.31005859375,4.335999965667725,98.44000244140625,5131.58984375,4.289000034332275,98.5,5139.08984375,4.326000213623047,6168900,4031760000,0
2024-03-20,94.17257690429688,5224.6201171875,4.2729997634887695,100.2699966430664,5224.6201171875,4.2729997634887695,100.44000244140625,5226.18994140625,4.323999881744385,99.02999877929688,5171.5498046875,4.238999843597412,99.44999694824219,5181.68994140625,4.2829999923706055,7771700,4064850000,0
2024-03-21,94.68912506103516,5241.52978515625,4.270999908447266,100.81999969482422,5241.52978515625,4.270999908447266,101.91999816894531,5261.10009765625,4.293000221252441,99.76000213623047,5240.66015625,4.228000164031982,100.44000244140625,5253.43017578125,4.232999801635742,17176000,4207730000,0
2024-03-22,88.1523666381836,5234.18017578125,4.2179999351501465,93.86000061035156,5234.18017578125,4.2179999351501465,95.16999816894531,5246.08984375,4.22599983215332,91.72000122070312,5229.8701171875,4.199999809265137,93.8499984741211,5242.47998046875,4.21999979019165,41837400,3374700000,0
2024-03-25,88.04906463623047,5218.18994140625,4.252999782562256,93.75,5218.18994140625,4.252999782562256,95.5199966430664,5229.08984375,4.261000156402588,92.7699966430664,5216.08984375,4.2220001220703125,94.06999969482422,5219.52001953125,4.23199987411499,14548800,3331360000,0
2024-03-26,86.9501953125,5203.580078125,4.234000205993652,92.58000183105469,5203.580078125,4.234000205993652,93.86000061035156,5235.16015625,4.2729997634887695,92.41000366210938,5203.419921875,4.23199987411499,93.73999786376953,5228.85009765625,4.236000061035156,10816900,3871790000,0
2024-03-27,88.40596008300781,5248.490234375,4.196000099182129,94.12999725341797,5248.490234375,4.196000099182129,94.1500015258789,5249.259765625,4.228000164031982,92.31999969482422,5213.919921875,4.183000087738037,93.2699966430664,5226.31005859375,4.21999979019165,11095700,3850500000,0
2024-03-28,88.26507568359375,5254.35009765625,4.205999851226807,93.9800033569336,5254.35009765625,4.205999851226807,94.80999755859375,5264.85009765625,4.234000205993652,93.43000030517578,5245.81982421875,4.183000087738037,94.37000274658203,5248.02978515625,4.230000019073486,11331700,3998270000,0
2024-04-01,86.93141174316406,5243.77001953125,4.328999996185303,92.55999755859375,5243.77001953125,4.328999996185303,93.91999816894531,5263.9501953125,4.336999893188477,91.69000244140625,5229.2001953125,4.234000205993652,93.80999755859375,5257.97021484375,4.234000205993652,10360000,3325930000,0
2024-04-02,85.41932678222656,5205.81005859375,4.364999771118164,90.94999694824219,5205.81005859375,4.364999771118164,91.9000015258789,5208.33984375,4.40500020980835,90.63999938964844,5184.0498046875,4.355000019073486,91.76000213623047,5204.2900390625,4.375,11107300,3886590000,0
2024-04-03,84.8370361328125,5211.490234375,4.355000019073486,90.33000183105469,5211.490234375,4.355000019073486,91.44000244140625,5228.75,4.428999900817871,90.27999877929688,5194.3701171875,4.3470001220703125,91.01000213623047,5194.3701171875,4.382999897003174,8876600,3703250000,0
2024-04-04,83.65364837646484,5147.2099609375,4.309000015258789,89.06999969482422,5147.2099609375,4.309000015258789,91.05000305175781,5256.58984375,4.38100004196167,88.88999938964844,5146.06005859375,4.307000160217285,90.94999694824219,5244.0498046875,4.370999813079834,12110300,4075680000,0
2024-04-05,83.43763732910156,5204.33984375,4.377999782562256,88.83999633789062,5204.33984375,4.377999782562256,90.25,5222.18017578125,4.4039998054504395,88.80000305175781,5157.2099609375,4.317999839782715,89.1500015258789,5158.9501953125,4.328000068664551,9716700,3386780000,0
2024-04-08,84.527099609375,5202.39013671875,4.423999786376953,90.0,5202.39013671875,4.423999786376953,90.26000213623047,5219.56982421875,4.461999893188477,88.80000305175781,5197.35009765625,4.406000137329102,89.11000061035156,5211.3701171875,4.458000183105469,8452500,3278180000,0
2024-04-09,85.4662857055664,5209.91015625,4.366000175476074,91.0,5209.91015625,4.366000175476074,91.16000366210938,5224.81005859375,4.395999908447266,89.87000274658203,5160.77978515625,4.357999801635742,90.0,5217.02978515625,4.383999824523926,7191900,3400680000,0
2024-04-10,83.58789825439453,5160.64013671875,4.559999942779541,89.0,5160.64013671875,4.559999942779541,90.0999984741211,5178.43017578125,4.567999839782715,88.7699966430664,5138.7001953125,4.343999862670898,89.9000015258789,5167.8798828125,4.3460001945495605,7932900,3845930000,0
2024-04-11,86.40547943115234,5199.06005859375,4.576000213623047,92.0,5199.06005859375,4.576000213623047,92.41000366210938,5211.77978515625,4.591000080108643,90.83000183105469,5138.77001953125,4.514999866485596,91.2300033569336,5172.9501953125,4.576000213623047,15330200,3509380000,0
2024-04-12,86.40547943115234,5123.41015625,4.499000072479248,92.0,5123.41015625,4.499000072479248,92.87000274658203,5175.02978515625,4.5320000648498535,91.12000274658203,5107.93994140625,4.482999801635742,92.01000213623047,5171.509765625,4.513999938964844,10905900,3963220000,0
2024-04-15,87.43858337402344,5061.81982421875,4.627999782562256,93.0999984741211,5061.81982421875,4.627999782562256,93.91999816894531,5168.43017578125,4.663000106811523,92.54000091552734,5052.47021484375,4.583000183105469,93.58999633789062,5149.669921875,4.585000038146973,11597300,3950210000,0
2024-04-16,87.71094512939453,5051.41015625,4.658999919891357,93.38999938964844,5051.41015625,4.658999919891357,94.19000244140625,5079.83984375,4.696000099182129,91.6500015258789,5039.830078125,4.625999927520752,93.04000091552734,5064.58984375,4.644999980926514,10388200,4006200000,0
2024-04-17,89.07276916503906,5022.2099609375,4.585000038146973,94.83999633789062,5022.2099609375,4.585000038146973,95.06999969482422,5077.9599609375,4.660999774932861,93.66000366210938,5007.25,4.574999809265137,94.61000061035156,5068.97021484375,4.65500020980835,10181200,3596130000,0
2024-04-18,89.91805267333984,5011.1201171875,4.646999835968018,95.73999786376953,5011.1201171875,4.646999835968018,95.87999725341797,5056.66015625,4.6529998779296875,94.52999877929688,5001.89013671875,4.5920000076293945,95.16000366210938,5031.52001953125,4.5920000076293945,10062900,3619760000,0
2024-04-19,88.78162384033203,4967.22998046875,4.614999771118164,94.52999877929688,4967.22998046875,4.614999771118164,96.22000122070312,5019.02001953125,4.63100004196167,94.48999786376953,4953.56005859375,4.581999778747559,95.41999816894531,5005.43994140625,4.590000152587891,11241900,3878750000,0
2024-04-22,88.4623031616211,5010.60009765625,4.623000144958496,94.19000244140625,5010.60009765625,4.623000144958496,95.05999755859375,5038.83984375,4.6519999504089355,93.8499984741211,4969.39990234375,4.611000061035156,94.62999725341797,4987.330078125,4.6519999504089355,8642000,3820250000,0
2024-04-23,88.30264282226562,5070.5498046875,4.5980000495910645,94.0199966430664,5070.5498046875,4.5980000495910645,94.72000122070312,5076.1201171875,4.650000095367432,93.91000366210938,5027.9599609375,4.567999839782715,94.37000274658203,5028.85009765625,4.650000095367432,6582700,3751400000,0
2024-04-24,88.88494110107422,5071.6298828125,4.6519999504089355,94.63999938964844,5071.6298828125,4.6519999504089355,95.19000244140625,5089.47998046875,4.671000003814697,94.0999984741211,5047.02001953125,4.626999855041504,94.0999984741211,5084.85986328125,4.642000198364258,6493200,3656740000,0
2024-04-25,88.22750854492188,5048.419921875,4.705999851226807,93.94000244140625,5048.419921875,4.705999851226807,94.79000091552734,5057.75,4.736999988555908,92.44000244140625,4990.580078125,4.625,94.0,5019.8798828125,4.6579999923706055,5317900,3958050000,0
2024-04-26,88.39655303955078,5099.9599609375,4.669000148773193,94.12000274658203,5099.9599609375,4.669000148773193,95.41999816894531,5114.6201171875,4.690000057220459,93.91000366210938,5073.14013671875,4.644000053405762,94.58999633789062,5084.64990234375,4.685999870300293,6115700,3604140000,0
2024-04-29,88.34021759033203,5116.169921875,4.613999843597412,94.05999755859375,5116.169921875,4.613999843597412,94.88999938964844,5123.490234375,4.64900016784668,93.69999694824219,5088.64990234375,4.611999988555908,94.44000244140625,5114.1298828125,4.625999927520752,5030700,3447450000,0
2024-04-30,86.64966583251953,5035.68994140625,4.685999870300293,92.26000213623047,5035.68994140625,4.685999870300293,93.51000213623047,5110.830078125,4.685999870300293,92.25,5035.31005859375,4.616000175476074,92.91000366210938,5103.77978515625,4.616000175476074,6493300,4082470000,0
2024-05-01,84.8464126586914,5018.39013671875,4.59499979019165,90.33999633789062,5018.39013671875,4.59499979019165,91.87000274658203,5096.1201171875,4.676000118255615,90.08999633789062,5013.4501953125,4.580999851226807,91.80999755859375,5029.02978515625,4.670000076293945,9783100,4544170000,0
2024-05-02,86.79054260253906,5064.2001953125,4.571000099182129,92.41000366210938,5064.2001953125,4.571000099182129,92.44999694824219,5073.2099609375,4.651000022888184,90.91000366210938,5011.0498046875,4.566999912261963,91.33000183105469,5049.31982421875,4.611999988555908,7333300,4381660000,0
2024-05-03,86.5463638305664,5127.7900390625,4.5,92.1500015258789,5127.7900390625,4.5,93.6500015258789,5139.1201171875,4.571000099182129,91.87000274658203,5101.22021484375,4.453000068664551,93.08999633789062,5122.77978515625,4.551000118255615,5736700,3924990000,0
2024-05-06,87.68277740478516,5180.740234375,4.488999843597412,93.36000061035156,5180.740234375,4.488999843597412,93.37000274658203,5181.0,4.513999938964844,92.4800033569336,5142.419921875,4.4710001945495605,92.80999755859375,5142.419921875,4.486999988555908,6696300,3683250000,0
2024-05-07,88.07723999023438,5187.7001953125,4.4629998207092285,93.77999877929688,5187.7001953125,4.4629998207092285,94.31999969482422,5200.22998046875,4.4730000495910645,93.20999908447266,5178.9599609375,4.422999858856201,94.08000183105469,5187.2001953125,4.4730000495910645,7113500,3987890000,0
2024-05-08,87.89878845214844,5187.669921875,4.492000102996826,93.58999633789062,5187.669921875,4.492000102996826,93.63999938964844,5191.9501953125,4.498000144958496,92.7300033569336,5165.85986328125,4.474999904632568,93.12000274658203,5168.97998046875,4.484000205993652,5372900,3842100000,0
2024-05-09,87.71094512939453,5214.080078125,4.448999881744385,93.38999938964844,5214.080078125,4.448999881744385,93.9800033569336,5215.2998046875,4.515999794006348,93.01000213623047,5180.41015625,4.447000026702881,93.63999938964844,5189.02978515625,4.515999794006348,6429800,3727370000,0
2024-05-10,85.4099349975586,5222.68017578125,4.504000186920166,90.94000244140625,5222.68017578125,4.504000186920166,93.13999938964844,5239.66015625,4.507999897003174,90.87999725341797,5209.68017578125,4.4710001945495605,93.06999969482422,5225.490234375,4.4770002365112305,10548400,3617900000,0
2024-05-13,87.08170318603516,5221.419921875,4.480999946594238,92.72000122070312,5221.419921875,4.480999946594238,92.7699966430664,5237.259765625,4.488999843597412,91.1500015258789,5211.16015625,4.459000110626221,91.2699966430664,5233.080078125,4.486999988555908,8792100,4255710000,0
2024-05-14,87.14744567871094,5246.68017578125,4.445000171661377,92.79000091552734,5246.68017578125,4.445000171661377,94.33999633789062,5250.3701171875,4.5320000648498535,92.5999984741211,5217.97998046875,4.442999839782715,92.98999786376953,5221.10009765625,4.480999946594238,7811000,4763580000,0
2024-05-15,86.09554290771484,5308.14990234375,4.355999946594238,91.66999816894531,5308.14990234375,4.355999946594238,92.62000274658203,5311.759765625,4.418000221252441,90.8499984741211,5263.259765625,4.340000152587891,92.29000091552734,5263.259765625,4.418000221252441,15614400,4360810000,0
2024-05-16,86.18946075439453,5297.10009765625,4.376999855041504,91.7699966430664,5297.10009765625,4.376999855041504,92.83999633789062,5325.490234375,4.379000186920166,91.52999877929688,5296.18994140625,4.318999767303467,91.69000244140625,5310.06982421875,4.329999923706055,12711700,3817470000,0
2024-05-17,86.57453918457031,5303.27001953125,4.420000076293945,92.18000030517578,5303.27001953125,4.420000076293945,92.29000091552734,5305.4501953125,4.426000118255615,91.33999633789062,5283.58984375,4.390999794006348,92.01000213623047,5303.10009765625,4.395999908447266,12019600,3578120000,0
2024-05-20,86.18946075439453,5308.1298828125,4.436999797821045,91.7699966430664,5308.1298828125,4.436999797821045,92.69999694824219,5325.31982421875,4.454999923706055,90.83000183105469,5302.39990234375,4.420000076293945,92.25,5305.35009765625,4.421999931335449,9701500,3420100000,0
2024-05-21,87.17562103271484,5321.41015625,4.414000034332275,92.81999969482422,5321.41015625,4.414000034332275,92.8499984741211,5324.31982421875,4.435999870300293,91.44999694824219,5297.8701171875,4.3979997634887695,91.56999969482422,5298.68994140625,4.429999828338623,7809700,3662240000,0
2024-05-22,86.87507629394531,5307.009765625,4.434000015258789,92.5,5307.009765625,4.434000015258789,92.76000213623047,5323.18017578125,4.460999965667725,91.6500015258789,5286.009765625,4.4120001792907715,91.94999694824219,5319.27978515625,4.453000068664551,7611900,3847130000,0
2024-05-23,85.84197235107422,5267.83984375,4.474999904632568,91.4000015258789,5267.83984375,4.474999904632568,92.58000183105469,5341.8798828125,4.495999813079834,91.1500015258789,5256.93017578125,4.4079999923706055,92.44999694824219,5340.259765625,4.418000221252441,7729000,3869520000,0
2024-05-24,86.17068481445312,5304.72021484375,4.4670000076293945,91.75,5304.72021484375,4.4670000076293945,92.19999694824219,5311.64990234375,4.501999855041504,91.48999786376953,5278.39013671875,4.459000110626221,91.7699966430664,5281.4501953125,4.488999843597412,6936800,3005510000,0
2024-05-28,86.40547943115234,5306.0400390625,4.541999816894531,92.0,5306.0400390625,4.541999816894531,92.5199966430664,5315.91015625,4.546000003814697,91.3499984741211,5280.89013671875,4.448999881744385,91.73999786376953,5315.91015625,4.453000068664551,10835000,3751540000,0
2024-05-29,86.09554290771484,5266.9501953125,4.624000072479248,91.66999816894531,5266.9501953125,4.624000072479248,92.72000122070312,5282.27001953125,4.638000011444092,91.37999725341797,5262.7001953125,4.559999942779541,91.68000030517578,5278.72998046875,4.565999984741211,7237300,3552750000,0
2024-05-30,87.76729583740234,5235.47998046875,4.553999900817871,93.44999694824219,5235.47998046875,4.553999900817871,93.87999725341797,5260.2099609375,4.599999904632568,91.95999908447266,5222.10009765625,4.541999816894531,92.2300033569336,5259.77001953125,4.593999862670898,9300100,3818750000,0
2024-05-31,89.27001953125,5277.509765625,4.513999938964844,95.05000305175781,5277.509765625,4.513999938964844,95.06999969482422,5280.330078125,4.556000232696533,92.97000122070312,5191.68017578125,4.485000133514404,93.5,5243.2099609375,4.552000045776367,12565600,5437160000,0
2024-06-03,89.00599670410156,5283.39990234375,4.4019999504089355,94.4000015258789,5283.39990234375,4.4019999504089355,95.25,5302.10986328125,4.4730000495910645,94.05000305175781,5234.31982421875,4.392000198364258,94.5199966430664,5297.14990234375,4.4730000495910645,9668100,4046920000,0
2024-06-04,89.32657623291016,5291.33984375,4.335999965667725,94.73999786376953,5291.33984375,4.335999965667725,95.11000061035156,5298.7998046875,4.367000102996826,93.41000366210938,5257.6298828125,4.314000129699707,94.29000091552734,5278.240234375,4.361000061035156,7838400,3707900000,0
2024-06-05,88.9305648803711,5354.02978515625,4.289000034332275,94.31999969482422,5354.02978515625,4.289000034332275,95.31999969482422,5354.16015625,4.35099983215332,93.69999694824219,5297.64013671875,4.2870001792907715,95.31999969482422,5314.47998046875,4.326000213623047,7463300,3591460000,0
2024-06-06,90.25057983398438,5352.9599609375,4.281000137329102,95.72000122070312,5352.9599609375,4.281000137329102,96.80000305175781,5362.35009765625,4.322000026702881,93.98999786376953,5335.35986328125,4.2769999504089355,94.86000061035156,5357.7998046875,4.301000118255615,9760100,3609990000,0
2024-06-07,91.03315734863281,5346.990234375,4.429999828338623,96.55000305175781,5346.990234375,4.429999828338623,97.94000244140625,5375.080078125,4.434000015258789,95.30000305175781,5331.330078125,4.289000034332275,95.38999938964844,5343.81005859375,4.296999931335449,9397400,3692760000,0
2024-06-10,90.51458740234375,5360.7900390625,4.468999862670898,96.0,5360.7900390625,4.468999862670898,96.98999786376953,5365.7900390625,4.479000091552734,95.5999984741211,5331.52001953125,4.447000026702881,95.7300033569336,5341.22021484375,4.453000068664551,7035100,3622280000,0
2024-06-11,90.39201354980469,5375.31982421875,4.4039998054504395,95.87000274658203,5375.31982421875,4.4039998054504395,96.0,5375.9501953125,4.460999965667725,94.5199966430664,5327.25,4.4019999504089355,95.5199966430664,5353.0,4.435999870300293,7301500,3568030000,0
2024-06-12,88.32713317871094,5421.02978515625,4.295000076293945,93.68000030517578,5421.02978515625,4.295000076293945,96.5,5447.25,4.406000137329102,93.5,5409.1298828125,4.25,96.3499984741211,5409.1298828125,4.388000011444092,9861300,3962840000,0
2024-06-13,88.79856872558594,5433.740234375,4.23799991607666,94.18000030517578,5433.740234375,4.23799991607666,94.52999877929688,5441.93017578125,4.309999942779541,93.72000122070312,5402.509765625,4.2230000495910645,94.04000091552734,5441.93017578125,4.309999942779541,8348200,3530380000,0
2024-06-14,88.05371856689453,5431.60009765625,4.2129998207092285,93.38999938964844,5431.60009765625,4.2129998207092285,94.77999877929688,5432.39013671875,4.236000061035156,93.30000305175781,5403.75,4.188000202178955,93.80000305175781,5424.080078125,4.196000099182129,7426800,3438650000,0
2024-06-17,89.57170867919922,5473.22998046875,4.2789998054504395,95.0,5473.22998046875,4.2789998054504395,95.12000274658203,5488.5,4.295000076293945,92.01000213623047,5420.39990234375,4.260000228881836,92.01000213623047,5431.10986328125,4.264999866485596,6365400,3447840000,0
2024-06-18,89.36429595947266,5487.02978515625,4.2170000076293945,94.77999877929688,5487.02978515625,4.2170000076293945,95.26000213623047,5490.3798828125,4.289000034332275,94.20999908447266,5471.31982421875,4.206999778747559,94.66999816894531,5476.14990234375,4.2870001792907715,6712000,3544330000,0
2024-06-20,90.10913848876953,5473.169921875,4.254000186920166,95.56999969482422,5473.169921875,4.254000186920166,96.08999633789062,5505.52978515625,4.293000221252441,93.5199966430664,5455.56005859375,4.230000019073486,93.87999725341797,5499.990234375,4.23799991607666,9393800,3847060000,0
2024-06-21,91.62716674804688,5464.6201171875,4.256999969482422,97.18000030517578,5464.6201171875,4.256999969482422,97.20999908447266,5478.31005859375,4.2789998054504395,95.41999816894531,5452.02978515625,4.2170000076293945,95.95999908447266,5466.77001953125,4.223999977111816,15124400,6773800000,0
2024-06-24,91.61771392822266,5447.8701171875,4.248000144958496,97.16999816894531,5447.8701171875,4.248000144958496,98.04000091552734,5490.66015625,4.275000095367432,96.68000030517578,5447.58984375,4.245999813079834,97.30000305175781,5459.580078125,4.275000095367432,9466900,3696750000,0
2024-06-25,89.33599090576172,5469.2998046875,4.23799991607666,94.75,5469.2998046875,4.23799991607666,97.63999938964844,5472.8798828125,4.258999824523926,94.5,5446.56005859375,4.210999965667725,97.30999755859375,5460.72998046875,4.2170000076293945,9006500,3591960000,0
2024-06-26,88.68543243408203,5477.89990234375,4.315999984741211,94.05999755859375,5477.89990234375,4.315999984741211,94.4800033569336,5483.14013671875,4.320000171661377,93.1500015258789,5451.8701171875,4.281000137329102,94.08999633789062,5460.7099609375,4.284999847412109,10160400,3563920000,0
2024-06-27,88.8080062866211,5482.8701171875,4.288000106811523,94.19000244140625,5482.8701171875,4.288000106811523,94.73999786376953,5490.81005859375,4.3429999351501465,93.38999938964844,5467.5400390625,4.275000095367432,93.7699966430664,5473.58984375,4.327000141143799,25772700,3589530000,0
2024-06-28,71.0633773803711,5460.47998046875,4.3429999351501465,75.37000274658203,5460.47998046875,4.3429999351501465,79.05000305175781,5523.64013671875,4.359000205993652,74.55000305175781,5451.1201171875,4.261000156402588,77.12999725341797,5488.47998046875,4.303999900817871,129967000,7199220000,0
2024-07-01,72.43994903564453,5475.08984375,4.479000091552734,76.83000183105469,5475.08984375,4.479000091552734,77.05999755859375,5479.5498046875,4.493000030517578,74.29000091552734,5446.52978515625,4.415999889373779,75.5,5471.080078125,4.423999786376953,44369000,3488760000,0
2024-07-02,71.69508361816406,5509.009765625,4.435999870300293,76.04000091552734,5509.009765625,4.435999870300293,76.94000244140625,5509.68994140625,4.454999923706055,75.38999938964844,5458.43017578125,4.414000034332275,76.81999969482422,5461.83984375,4.441999912261963,26183400,3329950000,0
2024-07-03,70.94080352783203,5537.02001953125,4.355000019073486,75.23999786376953,5537.02001953125,4.355000019073486,75.91999816894531,5539.27001953125,4.429999828338623,75.0199966430664,5507.419921875,4.339000225067139,75.5,5507.43994140625,4.426000118255615,15952000,2179470000,0
2024-07-05,71.11994934082031,5567.18994140625,4.271999835968018,75.43000030517578,5567.18994140625,4.271999835968018,76.08999633789062,5570.330078125,4.374000072479248,74.77999877929688,5531.6298828125,4.270999908447266,75.36000061035156,5537.91015625,4.330999851226807,19603700,3253080000,0
2024-07-08,68.87593078613281,5572.85009765625,4.269000053405762,73.05000305175781,5572.85009765625,4.269000053405762,75.48999786376953,5583.10986328125,4.306000232696533,73.0,5562.509765625,4.267000198364258,75.41000366210938,5572.75,4.306000232696533,29905000,3185670000,0
2024-07-09,68.31964874267578,5576.97998046875,4.300000190734863,72.45999908447266,5576.97998046875,4.300000190734863,74.13999938964844,5590.75,4.328999996185303,72.37999725341797,5574.56982421875,4.2820000648498535,73.30000305175781,5584.240234375,4.300000190734863,23445500,3232920000,0
2024-07-10,68.39508056640625,5633.91015625,4.28000020980835,72.54000091552734,5633.91015625,4.28000020980835,72.63999938964844,5635.39013671875,4.303999900817871,71.66999816894531,5586.43994140625,4.271999835968018,72.26000213623047,5591.259765625,4.2779998779296875,21378200,3336100000,0
2024-07-11,69.1965103149414,5584.5400390625,4.192999839782715,73.38999938964844,5584.5400390625,4.192999839782715,73.75,5642.4501953125,4.289999961853027,72.29000091552734,5576.52978515625,4.168000221252441,72.69999694824219,5635.2099609375,4.288000106811523,15876700,4020950000,0
2024-07-12,69.22480010986328,5615.35009765625,4.189000129699707,73.41999816894531,5615.35009765625,4.189000129699707,74.05000305175781,5655.56005859375,4.238999843597412,73.16999816894531,5590.43994140625,4.186999797821045,73.56999969482422,5590.759765625,4.205999851226807,14527500,3700280000,0
2024-07-15,67.23535919189453,5631.22021484375,4.229000091552734,71.30999755859375,5631.22021484375,4.229000091552734,73.01000213623047,5666.93994140625,4.241000175476074,71.23999786376953,5614.75,4.199999809265137,73.0,5638.16015625,4.236999988555908,20775800,3620470000,0
2024-07-16,68.64965057373047,5667.2001953125,4.166999816894531,72.80999755859375,5667.2001953125,4.166999816894531,72.95999908447266,5669.669921875,4.216000080108643,71.51000213623047,5639.02001953125,4.163000106811523,71.51000213623047,5644.08984375,4.175000190734863,20980700,4041760000,0
2024-07-17,68.89479064941406,5588.27001953125,4.145999908447266,73.06999969482422,5588.27001953125,4.145999908447266,73.33999633789062,5622.490234375,4.196000099182129,72.5,5584.81005859375,4.144000053405762,72.52999877929688,5610.06982421875,4.178999900817871,11161600,4246450000,0
2024-07-18,68.24422454833984,5544.58984375,4.189000129699707,72.37999725341797,5544.58984375,4.189000129699707,73.93000030517578,5614.0498046875,4.190000057220459,72.3499984741211,5522.81005859375,4.156000137329102,72.97000122070312,5608.56005859375,4.183000087738037,14440100,4007510000,0
2024-07-19,68.54593658447266,5505.0,4.238999843597412,72.69999694824219,5505.0,4.238999843597412,72.81999969482422,5557.5,4.249000072479248,71.8499984741211,5497.0400390625,4.224999904632568,72.30000305175781,5543.3701171875,4.224999904632568,11913300,3760570000,0
2024-07-22,70.58251190185547,5564.41015625,4.260000228881836,74.86000061035156,5564.41015625,4.260000228881836,75.33999633789062,5570.35986328125,4.2779998779296875,73.06999969482422,5529.0400390625,4.211999893188477,73.12000274658203,5544.5400390625,4.224999904632568,19385500,3375180000,0
2024-07-23,69.2059555053711,5555.740234375,4.238999843597412,73.4000015258789,5555.740234375,4.238999843597412,75.04000091552734,5585.33984375,4.247000217437744,73.23999786376953,5550.89990234375,4.2210001945495605,74.62999725341797,5565.2998046875,4.236999988555908,11041800,3500210000,0
2024-07-24,67.02792358398438,5427.1298828125,4.285999774932861,71.08999633789062,5427.1298828125,4.285999774932861,73.38999938964844,5508.0400390625,4.291999816894531,71.08000183105469,5419.97998046875,4.210000038146973,73.25,5505.83984375,4.229000091552734,18563300,3945550000,0
2024-07-25,67.32964324951172,5399.22021484375,4.25600004196167,71.41000366210938,5399.22021484375,4.25600004196167,72.43000030517578,5491.58984375,4.265999794006348,70.91000366210938,5390.9501953125,4.196000099182129,71.52999877929688,5428.7001953125,4.205999851226807,13855400,4592120000,0
2024-07-26,68.41393280029297,5459.10009765625,4.199999809265137,72.55999755859375,5459.10009765625,4.199999809265137,72.77999877929688,5488.31982421875,4.251999855041504,71.87000274658203,5430.7001953125,4.191999912261963,72.0,5433.669921875,4.244999885559082,8892000,3638770000,0
2024-07-29,69.34737396240234,5463.5400390625,4.177999973297119,73.55000305175781,5463.5400390625,4.177999973297119,73.87000274658203,5487.740234375,4.185999870300293,72.19999694824219,5444.43994140625,4.151000022888184,72.5,5476.5498046875,4.163000106811523,10471800,3379970000,0
2024-07-30,70.07337951660156,5436.43994140625,4.14300012588501,74.31999969482422,5436.43994140625,4.14300012588501,74.48999786376953,5489.4599609375,4.184000015258789,73.45999908447266,5401.7001953125,4.130000114440918,73.69000244140625,5478.72998046875,4.173999786376953,8515700,3777740000,0
2024-07-31,70.58251190185547,5522.2998046875,4.109000205993652,74.86000061035156,5522.2998046875,4.109000205993652,75.43000030517578,5551.509765625,4.133999824523926,73.91999816894531,5493.75,4.091000080108643,74.5,5505.58984375,4.127999782562256,14632900,4546910000,0
2024-08-01,69.63021850585938,5446.68017578125,3.9760000705718994,73.8499984741211,5446.68017578125,3.9760000705718994,74.79000091552734,5566.16015625,4.052999973297119,73.26000213623047,5410.419921875,3.9649999141693115,74.69999694824219,5537.83984375,4.052999973297119,9563500,4703620000,0
2024-08-02,69.78107452392578,5346.56005859375,3.7920000553131104,74.01000213623047,5346.56005859375,3.7920000553131104,74.12999725341797,5383.89013671875,3.940000057220459,71.91999816894531,5302.02978515625,3.7920000553131104,72.83000183105469,5376.6298828125,3.940000057220459,11526600,5156450000,0
2024-08-05,67.33908081054688,5186.330078125,3.7850000858306885,71.41999816894531,5186.330078125,3.7850000858306885,72.62000274658203,5250.89013671875,3.8320000171661377,70.75,5119.259765625,3.6689999103546143,71.05999755859375,5151.14013671875,3.697000026702881,13191500,5333250000,0
2024-08-06,68.35736846923828,5240.02978515625,3.888000011444092,72.5,5240.02978515625,3.888000011444092,73.23999786376953,5312.33984375,3.9089999198913574,71.51000213623047,5193.56005859375,3.805000066757202,71.66000366210938,5206.419921875,3.8350000381469727,13469700,4690190000,0
2024-08-07,68.47051239013672,5199.5,3.9679999351501465,72.62000274658203,5199.5,3.9679999351501465,74.20999908447266,5330.64013671875,3.9769999980926514,72.52999877929688,5195.5400390625,3.927999973297119,72.87999725341797,5293.1298828125,3.937000036239624,9571200,4558260000,0
2024-08-08,69.95079803466797,5319.31005859375,3.996999979019165,74.19000244140625,5319.31005859375,3.996999979019165,74.20999908447266,5328.02978515625,4.021999835968018,73.05000305175781,5233.85009765625,3.9260001182556152,73.2300033569336,5252.56982421875,3.931999921798706,8828000,4016830000,0
2024-08-09,70.09222412109375,5344.16015625,3.941999912261963,74.33999633789062,5344.16015625,3.941999912261963,74.58000183105469,5358.669921875,3.947000026702881,73.37000274658203,5300.83984375,3.9210000038146973,74.12000274658203,5314.66015625,3.947000026702881,7186600,3516400000,0
2024-08-12,70.37507629394531,5344.39013671875,3.9089999198913574,74.63999938964844,5344.39013671875,3.9089999198913574,75.0,5371.2001953125,3.9670000076293945,74.05000305175781,5324.3701171875,3.8959999084472656,74.70999908447266,5351.8798828125,3.940000057220459,7067300,3360160000,0
2024-08-13,74.0145263671875,5434.43017578125,3.8519999980926514,78.5,5434.43017578125,3.8519999980926514,79.05000305175781,5436.5,3.8980000019073486,75.06999969482422,5376.97998046875,3.8480000495910645,75.25,5376.97998046875,3.8959999084472656,22114800,3648980000,0
2024-08-14,74.03337860107422,5455.2099609375,3.819999933242798,78.5199966430664,5455.2099609375,3.819999933242798,79.08999633789062,5463.22021484375,3.871000051498413,77.41999816894531,5415.91015625,3.811000108718872,78.0,5442.35986328125,3.8310000896453857,13613000,3380050000,0
2024-08-15,77.78597259521484,5543.22021484375,3.9260001182556152,82.5,5543.22021484375,3.9260001182556152,83.05999755859375,5546.22998046875,3.953000068664551,80.66999816894531,5501.1298828125,3.8450000286102295,82.0999984741211,5501.1298828125,3.8469998836517334,23583600,3723310000,0
2024-08-16,78.47425842285156,5554.25,3.8919999599456787,83.2300033569336,5554.25,3.8919999599456787,83.94000244140625,5561.97998046875,3.924999952316284,82.44000244140625,5525.169921875,3.86899995803833,82.87999725341797,5530.5,3.878999948501587,13794200,3357690000,0
2024-08-19,78.52140045166016,5608.25,3.867000102996826,83.27999877929688,5608.25,3.867000102996826,83.98999786376953,5608.2998046875,3.9000000953674316,82.91999816894531,5550.740234375,3.8519999980926514,83.2300033569336,5557.22998046875,3.859999895095825,9627300,3222050000,0
2024-08-20,78.78539276123047,5597.1201171875,3.818000078201294,83.55999755859375,5597.1201171875,3.818000078201294,83.9000015258789,5620.509765625,3.865000009536743,82.7699966430664,5585.5,3.813999891281128,83.48999786376953,5602.8798828125,3.864000082015991,7863100,2994420000,0
2024-08-21,79.20026397705078,5620.85009765625,3.7780001163482666,84.0,5620.85009765625,3.7780001163482666,84.23999786376953,5632.68017578125,3.8310000896453857,83.22000122070312,5591.56982421875,3.763000011444092,83.66999816894531,5603.08984375,3.809999942779541,6915900,3119670000,0
2024-08-22,78.64396667480469,5570.64013671875,3.861999988555908,83.41000366210938,5570.64013671875,3.861999988555908,84.68000030517578,5643.22021484375,3.877000093460083,83.20999908447266,5560.9501953125,3.822000026702881,84.44999694824219,5637.77001953125,3.8369998931884766,8485500,2981530000,0
2024-08-23,79.2474136352539,5634.60986328125,3.806999921798706,84.05000305175781,5634.60986328125,3.806999921798706,84.23999786376953,5641.81982421875,3.8559999465942383,83.22000122070312,5585.16015625,3.7909998893737793,83.33999633789062,5602.490234375,3.8459999561309814,9219700,3291940000,0
2024-08-26,79.4642562866211,5616.83984375,3.818000078201294,84.27999877929688,5616.83984375,3.818000078201294,84.51000213623047,5651.6201171875,3.822000026702881,83.37999725341797,5602.33984375,3.7739999294281006,83.47000122070312,5639.66015625,3.809999942779541,7853300,2938570000,0
2024-08-27,80.41654968261719,5625.7998046875,3.8329999446868896,85.29000091552734,5625.7998046875,3.8329999446868896,85.38999938964844,5631.18017578125,3.867000102996826,83.61000061035156,5593.47998046875,3.822000026702881,84.06999969482422,5602.89013671875,3.8499999046325684,14954000,2798990000,0
2024-08-28,78.05939483642578,5592.18017578125,3.8410000801086426,82.79000091552734,5592.18017578125,3.8410000801086426,85.43000030517578,5627.02978515625,3.8440001010894775,81.87999725341797,5560.9501953125,3.819999933242798,85.05000305175781,5624.509765625,3.8239998817443848,11088600,3053450000,0
2024-08-29,78.50254821777344,5591.9599609375,3.867000102996826,83.26000213623047,5591.9599609375,3.867000102996826,83.88999938964844,5646.9501953125,3.888000011444092,82.86000061035156,5583.7099609375,3.8310000896453857,83.44999694824219,5607.2998046875,3.8310000896453857,7477200,3065640000,0
2024-08-30,78.5591049194336,5648.39990234375,3.9110000133514404,83.31999969482422,5648.39990234375,3.9110000133514404,83.87999725341797,5651.3701171875,3.9149999618530273,82.05000305175781,5581.7900390625,3.8519999980926514,83.5999984741211,5612.740234375,3.8610000610351562,13755300,4185850000,0
2024-09-03,77.01538848876953,5528.93017578125,3.8440001010894775,81.31999969482422,5528.93017578125,3.8440001010894775,82.94000244140625,5623.89013671875,3.9230000972747803,81.01000213623047,5504.330078125,3.825000047683716,82.70999908447266,5623.89013671875,3.9149999618530273,10133700,3866350000,0
2024-09-04,76.73127746582031,5520.06982421875,3.7679998874664307,81.0199966430664,5520.06982421875,3.7679998874664307,81.08999633789062,5552.990234375,3.8420000076293945,79.66999816894531,5503.66015625,3.7669999599456787,80.0999984741211,5506.68017578125,3.822999954223633,12837400,3478140000,0
2024-09-05,76.55133819580078,5503.41015625,3.7309999465942383,80.83000183105469,5503.41015625,3.7309999465942383,81.23999786376953,5546.2998046875,3.7720000743865967,80.20999908447266,5480.5400390625,3.7209999561309814,81.12999725341797,5520.080078125,3.740000009536743,7596300,3521650000,0
2024-09-06,76.3619155883789,5408.419921875,3.7100000381469727,80.62999725341797,5408.419921875,3.7100000381469727,81.87999725341797,5522.47021484375,3.760999917984009,80.3499984741211,5402.6201171875,3.6480000019073486,80.87999725341797,5507.330078125,3.7079999446868896,8512200,3822800000,0
2024-09-09,75.28226470947266,5471.0498046875,3.697000026702881,79.48999786376953,5471.0498046875,3.697000026702881,81.58000183105469,5484.2001953125,3.747999906539917,79.0199966430664,5434.490234375,3.690999984741211,80.75,5442.06982421875,3.747999906539917,8003300,3825940000,0
2024-09-10,73.95637512207031,5495.52001953125,3.6459999084472656,78.08999633789062,5495.52001953125,3.6459999084472656,79.55999755859375,5497.91015625,3.7149999141693115,77.55000305175781,5441.72021484375,3.6389999389648438,79.55999755859375,5490.509765625,3.7149999141693115,9748400,3848180000,0
2024-09-11,74.24996185302734,5554.1298828125,3.6530001163482666,78.4000015258789,5554.1298828125,3.6530001163482666,78.58999633789062,5560.41015625,3.688999891281128,76.73999786376953,5406.9599609375,3.614000082015991,78.0,5496.419921875,3.614000082015991,8265500,3839450000,0
2024-09-12,74.24996185302734,5595.759765625,3.680000066757202,78.4000015258789,5595.759765625,3.680000066757202,79.06999969482422,5600.7099609375,3.7039999961853027,77.52999877929688,5535.5,3.640000104904175,78.2300033569336,5557.47998046875,3.6610000133514404,7176900,3655070000,0
2024-09-13,74.82767486572266,5626.02001953125,3.6500000953674316,79.01000213623047,5626.02001953125,3.6500000953674316,79.48999786376953,5636.27001953125,3.6760001182556152,78.11000061035156,5601.64990234375,3.6440000534057617,78.30000305175781,5603.33984375,3.6589999198913574,5814200,3500790000,0
2024-09-16,75.57585906982422,5633.08984375,3.621000051498413,79.80000305175781,5633.08984375,3.621000051498413,79.98999786376953,5636.0498046875,3.6630001068115234,78.69000244140625,5604.52978515625,3.618000030517578,79.33000183105469,5615.2099609375,3.638000011444092,9547700,3437070000,0
2024-09-17,76.37138366699219,5634.580078125,3.6419999599456787,80.63999938964844,5634.580078125,3.6419999599456787,80.9800033569336,5670.81005859375,3.6549999713897705,79.86000061035156,5614.0498046875,3.6029999256134033,80.01000213623047,5655.509765625,3.614000082015991,7580600,3443600000,0
2024-09-18,76.61763763427734,5618.259765625,3.684999942779541,80.9000015258789,5618.259765625,3.684999942779541,81.76000213623047,5689.75,3.696000099182129,80.2300033569336,5615.080078125,3.638000011444092,80.66000366210938,5641.68017578125,3.680999994277954,7637000,3691390000,0
2024-09-19,76.69339752197266,5713.64013671875,3.740000009536743,80.9800033569336,5713.64013671875,3.740000009536743,83.12000274658203,5733.56982421875,3.7679998874664307,80.47000122070312,5686.419921875,3.7109999656677246,82.5999984741211,5702.6298828125,3.7190001010894775,15067100,4024530000,0
2024-09-20,81.94013214111328,5702.5498046875,3.7279999256134033,86.5199966430664,5702.5498046875,3.7279999256134033,88.0,5715.14013671875,3.7639999389648438,84.80999755859375,5674.490234375,3.7149999141693115,87.87000274658203,5709.64013671875,3.7339999675750732,52039300,7867260000,0
2024-09-23,81.63707733154297,5718.56982421875,3.739000082015991,86.19999694824219,5718.56982421875,3.739000082015991,86.52999877929688,5725.35986328125,3.7939999103546143,85.05000305175781,5704.22021484375,3.7300000190734863,85.4000015258789,5711.89990234375,3.757999897003174,17712400,3529550000,0
2024-09-24,82.83038330078125,5732.93017578125,3.7360000610351562,87.45999908447266,5732.93017578125,3.7360000610351562,88.27999877929688,5735.31982421875,3.809999942779541,86.66000366210938,5698.990234375,3.7279999256134033,87.44000244140625,5727.66015625,3.7939999103546143,21123300,3872710000,0
2024-09-25,83.34178924560547,5722.259765625,3.7809998989105225,88.0,5722.259765625,3.7809998989105225,88.0999984741211,5741.02978515625,3.7829999923706055,87.23999786376953,5712.06005859375,3.75600004196167,87.8499984741211,5733.64990234375,3.7750000953674316,12392800,3624910000,0
2024-09-26,84.65821838378906,5745.3701171875,3.7909998893737793,89.38999938964844,5745.3701171875,3.7909998893737793,90.62000274658203,5767.3701171875,3.821000099182129,89.05000305175781,5721.009765625,3.755000114440918,89.91999816894531,5762.22021484375,3.757999897003174,13592800,4391180000,0
2024-09-27,84.70556640625,5738.169921875,3.749000072479248,89.44000244140625,5738.169921875,3.749000072479248,90.26000213623047,5763.77978515625,3.7829999923706055,89.20999908447266,5727.33984375,3.740999937057495,89.44999694824219,5755.35986328125,3.7769999504089355,9181000,3898530000,0
2024-09-30,83.72061157226562,5762.47998046875,3.802000045776367,88.4000015258789,5762.47998046875,3.802000045776367,89.75,5765.14013671875,3.805999994277954,87.7300033569336,5703.52978515625,3.753999948501587,89.69999694824219,5726.52001953125,3.7899999618530273,12027100,4425730000,0
2024-10-01,84.41197967529297,5708.75,3.743000030517578,89.12999725341797,5708.75,3.743000030517578,89.63999938964844,5757.72998046875,3.752000093460083,87.70999908447266,5681.27978515625,3.696000099182129,88.0,5757.72998046875,3.744999885559082,20623400,4025180000,0
2024-10-02,78.701171875,5709.5400390625,3.7850000858306885,83.0999984741211,5709.5400390625,3.7850000858306885,85.2300033569336,5719.6298828125,3.816999912261963,81.7699966430664,5674.0,3.7750000953674316,82.88999938964844,5698.14013671875,3.7829999923706055,33208800,3829050000,0
2024-10-03,77.75409698486328,5699.93994140625,3.8499999046325684,82.0999984741211,5699.93994140625,3.8499999046325684,83.77999877929688,5718.77978515625,3.8499999046325684,81.9800033569336,5677.3701171875,3.802000045776367,82.4000015258789,5698.18994140625,3.806999921798706,18143800,3597450000,0
2024-10-04,77.89615631103516,5751.06982421875,3.9809999465942383,82.25,5751.06982421875,3.9809999465942383,83.54000091552734,5753.2099609375,3.9809999465942383,82.0999984741211,5702.830078125,3.867000102996826,82.62999725341797,5737.47998046875,3.867000102996826,10322600,3479400000,0
2024-10-07,76.55133819580078,5695.93994140625,4.026000022888184,80.83000183105469,5695.93994140625,4.026000022888184,82.47000122070312,5739.33984375,4.0329999923706055,80.08999633789062,5686.85009765625,4.004000186920166,82.13999938964844,5737.7998046875,4.00600004196167,12767400,3637790000,0
2024-10-08,76.4945068359375,5751.1298828125,4.0329999923706055,80.7699966430664,5751.1298828125,4.0329999923706055,81.41999816894531,5757.60009765625,4.057000160217285,79.93000030517578,5714.56005859375,4.021999835968018,80.75,5719.14013671875,4.0329999923706055,10569600,3393400000,0
2024-10-09,78.08556365966797,5792.0400390625,4.066999912261963,82.44999694824219,5792.0400390625,4.066999912261963,82.93000030517578,5796.7998046875,4.078000068664551,81.06999969482422,5745.02001953125,4.0320000648498535,81.13999938964844,5751.7998046875,4.043000221252441,11750600,3650340000,0
2024-10-10,77.75409698486328,5780.0498046875,4.0960001945495605,82.0999984741211,5780.0498046875,4.0960001945495605,83.44999694824219,5795.02978515625,4.119999885559082,82.02999877929688,5764.759765625,4.052999973297119,83.4000015258789,5778.35986328125,4.078999996185303,8370200,3208790000,0
2024-10-11,77.80146026611328,5815.02978515625,4.072999954223633,82.1500015258789,5815.02978515625,4.072999954223633,82.2699966430664,5822.1298828125,4.116000175476074,81.18000030517578,5775.08984375,4.066999912261963,82.04000091552734,5775.08984375,4.0920000076293945,10171100,3208720000,0
2024-10-14,77.28057098388672,5859.85009765625,4.0980000495910645,81.5999984741211,5859.85009765625,4.0980000495910645,82.04000091552734,5871.41015625,4.0980000495910645,80.80000305175781,5829.56982421875,4.0980000495910645,82.0,5829.81005859375,4.0980000495910645,8177700,3005250000,0
2024-10-15,77.77305603027344,5815.259765625,4.038000106811523,82.12000274658203,5815.259765625,4.038000106811523,82.72000122070312,5870.35986328125,4.074999809265137,81.05000305175781,5804.47998046875,4.0320000648498535,81.05000305175781,5866.740234375,4.068999767303467,11804400,3882120000,0
2024-10-16,79.4967041015625,5842.47021484375,4.015999794006348,83.94000244140625,5842.47021484375,4.015999794006348,84.08999633789062,5846.52001953125,4.0279998779296875,82.05000305175781,5808.33984375,3.994999885559082,82.13999938964844,5816.580078125,4.010000228881836,11220600,3467230000,0
2024-10-17,78.98529815673828,5841.47021484375,4.0960001945495605,83.4000015258789,5841.47021484375,4.0960001945495605,84.76000213623047,5878.4599609375,4.099999904632568,83.37999725341797,5840.25,4.0320000648498535,84.11000061035156,5875.6201171875,4.0320000648498535,9204500,3480010000,0
2024-10-18,78.53070068359375,5864.669921875,4.072999954223633,82.91999816894531,5864.669921875,4.072999954223633,83.94999694824219,5872.169921875,4.110000133514404,82.62999725341797,5846.10986328125,4.065000057220459,83.77999877929688,5859.43017578125,4.107999801635742,7214800,3374490000,0
2024-10-21,77.16692352294922,5853.97998046875,4.182000160217285,81.4800033569336,5853.97998046875,4.182000160217285,83.08999633789062,5866.919921875,4.185999870300293,81.44000244140625,5824.7900390625,4.124000072479248,82.8499984741211,5857.81982421875,4.138000011444092,7550200,3407010000,0
2024-10-22,77.11009216308594,5851.2001953125,4.203999996185303,81.41999816894531,5851.2001953125,4.203999996185303,82.41999816894531,5863.0400390625,4.216000080108643,81.2300033569336,5821.169921875,4.165999889373779,81.3499984741211,5832.7001953125,4.185999870300293,7308800,3342080000,0
2024-10-23,75.81262969970703,5797.419921875,4.242000102996826,80.05000305175781,5797.419921875,4.242000102996826,81.04000091552734,5834.85009765625,4.257999897003174,79.79000091552734,5762.41015625,4.21999979019165,81.0,5834.5,4.236000061035156,7253100,3532650000,0
2024-10-24,74.85608673095703,5809.85986328125,4.199999809265137,79.04000091552734,5809.85986328125,4.199999809265137,80.80000305175781,5817.7998046875,4.239999771118164,79.02999877929688,5784.919921875,4.182000160217285,80.5,5817.7998046875,4.197999954223633,7424500,3543030000,0
2024-10-25,74.67615509033203,5808.1201171875,4.23199987411499,78.8499984741211,5808.1201171875,4.23199987411499,79.58000183105469,5862.81982421875,4.234000205993652,78.5199966430664,5799.97998046875,4.177999973297119,79.22000122070312,5826.75,4.203999996185303,9385400,3501280000,0
2024-10-28,74.73297119140625,5823.52001953125,4.2779998779296875,78.91000366210938,5823.52001953125,4.2779998779296875,79.63999938964844,5842.919921875,4.300000190734863,78.81999969482422,5823.080078125,4.230000019073486,79.31999969482422,5833.93017578125,4.248000144958496,6617200,3691280000,0
2024-10-29,74.24996185302734,5832.919921875,4.27400016784668,78.4000015258789,5832.919921875,4.27400016784668,79.47000122070312,5847.18994140625,4.339000225067139,78.19999694824219,5802.169921875,4.271999835968018,78.87999725341797,5819.68017578125,4.306000232696533,7241100,3879100000,0
2024-10-30,72.4031753540039,5813.669921875,4.265999794006348,76.44999694824219,5813.669921875,4.265999794006348,78.11000061035156,5850.93994140625,4.2779998779296875,76.41999816894531,5811.27978515625,4.197999954223633,78.0,5832.64990234375,4.260000228881836,15691300,3851120000,0
2024-10-31,73.04718780517578,5705.4501953125,4.283999919891357,77.12999725341797,5705.4501953125,4.283999919891357,77.33999633789062,5775.33984375,4.333000183105469,75.19999694824219,5702.85986328125,4.260000228881836,76.19999694824219,5775.33984375,4.288000106811523,13990100,4425660000,0
2024-11-01,73.9279556274414,5728.7998046875,4.361000061035156,78.05999755859375,5728.7998046875,4.361000061035156,78.12999725341797,5772.52001953125,4.364999771118164,76.95999908447266,5723.22021484375,4.2230000495910645,77.05000305175781,5723.22021484375,4.307000160217285,9623700,3796450000,0
2024-11-04,73.10401916503906,5712.68994140625,4.309000015258789,77.19000244140625,5712.68994140625,4.309000015258789,78.55000305175781,5741.43017578125,4.328999996185303,77.11000061035156,5696.509765625,4.263000011444092,77.98999786376953,5725.14990234375,4.281000137329102,6593800,3602060000,0
2024-11-05,73.8521957397461,5782.759765625,4.289000034332275,77.9800033569336,5782.759765625,4.289000034332275,78.0,5783.43994140625,4.366000175476074,77.0,5722.10009765625,4.284999847412109,77.25,5722.43017578125,4.330999851226807,5629200,3768310000,0
2024-11-06,71.33300018310547,5929.0400390625,4.426000118255615,75.31999969482422,5929.0400390625,4.426000118255615,76.94999694824219,5936.14013671875,4.4770002365112305,75.12000274658203,5864.89013671875,4.4019999504089355,76.87000274658203,5864.89013671875,4.432000160217285,16193700,6329530000,0
2024-11-07,71.90123748779297,5973.10009765625,4.341000080108643,75.91999816894531,5973.10009765625,4.341000080108643,76.37000274658203,5983.83984375,4.433000087738037,75.20999908447266,5947.2099609375,4.339000225067139,75.69999694824219,5947.2099609375,4.415999889373779,11831100,4925740000,0
2024-11-08,71.86335754394531,5995.5400390625,4.306000232696533,75.87999725341797,5995.5400390625,4.306000232696533,76.55999755859375,6012.4501953125,4.329999923706055,75.25,5976.759765625,4.263999938964844,75.5,5976.759765625,4.314000129699707,8140800,4666740000,0
2024-11-11,72.54524993896484,6001.35009765625,4.308000087738037,76.5999984741211,6001.35009765625,4.308000087738037,77.4000015258789,6017.31005859375,4.308000087738037,76.0999984741211,5986.68994140625,4.308000087738037,76.1500015258789,6008.85986328125,4.308000087738037,9877200,4333000000,0
2024-11-12,72.6020736694336,5983.990234375,4.432000160217285,76.66000366210938,5983.990234375,4.432000160217285,77.43000030517578,6009.919921875,4.442999839782715,76.13999938964844,5960.080078125,4.361000061035156,76.45999908447266,6003.60009765625,4.370999813079834,9013900,4243400000,0
2024-11-13,72.46947479248047,5985.3798828125,4.451000213623047,76.5199966430664,5985.3798828125,4.451000213623047,77.29000091552734,6008.18994140625,4.460999965667725,76.47000122070312,5965.91015625,4.359000205993652,76.91000366210938,5985.75,4.433000087738037,6835300,4220180000,0
2024-11-14,71.6739501953125,5949.169921875,4.418000221252441,75.68000030517578,5949.169921875,4.418000221252441,76.9800033569336,5993.8798828125,4.482999801635742,75.66999816894531,5942.27978515625,4.386000156402588,76.68000030517578,5989.68017578125,4.445000171661377,6991600,4184570000,0
2024-11-15,72.6020736694336,5870.6201171875,4.427999973297119,76.66000366210938,5870.6201171875,4.427999973297119,77.6500015258789,5915.31982421875,4.505000114440918,75.61000061035156,5853.009765625,4.400000095367432,76.0,5912.7900390625,4.429999828338623,13584900,4590960000,0
2024-11-18,70.92576599121094,5893.6201171875,4.414000034332275,74.88999938964844,5893.6201171875,4.414000034332275,76.19999694824219,5908.1201171875,4.491000175476074,74.25,5865.9501953125,4.4079999923706055,76.16000366210938,5874.169921875,4.480999946594238,12595100,3983860000,0
2024-11-19,69.99764251708984,5916.97998046875,4.379000186920166,73.91000366210938,5916.97998046875,4.379000186920166,74.7300033569336,5923.509765625,4.392000198364258,73.5999984741211,5855.2900390625,4.336999893188477,74.5,5870.0498046875,4.36299991607666,12028400,4036940000,0
2024-11-20,69.47676086425781,5917.10986328125,4.406000137329102,73.36000061035156,5917.10986328125,4.406000137329102,73.83999633789062,5920.669921875,4.438000202178955,72.70999908447266,5860.56005859375,4.388000011444092,73.66000366210938,5914.33984375,4.421999931335449,12290300,3772620000,0
2024-11-21,71.12464141845703,5948.7099609375,4.432000160217285,75.0999984741211,5948.7099609375,4.432000160217285,75.55999755859375,5963.31982421875,4.438000202178955,73.19999694824219,5887.259765625,4.376999855041504,73.36000061035156,5940.580078125,4.4039998054504395,12818600,4230120000,0
2024-11-22,73.30289459228516,5969.33984375,4.409999847412109,77.4000015258789,5969.33984375,4.409999847412109,77.5,5972.89990234375,4.429999828338623,75.83000183105469,5944.35986328125,4.382999897003174,76.12999725341797,5944.35986328125,4.389999866485596,12248600,4141420000,0
2024-11-25,75.06444549560547,5987.3701171875,4.264999866485596,79.26000213623047,5987.3701171875,4.264999866485596,79.86000061035156,6020.75,4.331999778747559,78.41000366210938,5963.91015625,4.261000156402588,78.5,5992.27978515625,4.317999839782715,18328900,5633150000,0
2024-11-26,73.50179290771484,6021.6298828125,4.302000045776367,77.61000061035156,6021.6298828125,4.302000045776367,78.9000015258789,6025.419921875,4.323999881744385,77.56999969482422,5992.27001953125,4.281000137329102,78.9000015258789,6000.02978515625,4.289000034332275,9495600,3835170000,0
2024-11-27,74.1931381225586,5998.740234375,4.242000102996826,78.33999633789062,5998.740234375,4.242000102996826,79.05000305175781,6020.16015625,4.275000095367432,77.58999633789062,5984.8701171875,4.2270002365112305,77.61000061035156,6014.10986328125,4.25,8713500,3363340000,0
2024-11-29,74.60037231445312,6032.3798828125,4.177999973297119,78.7699966430664,6032.3798828125,4.177999973297119,79.18000030517578,6044.169921875,4.224999904632568,78.02999877929688,6003.97998046875,4.171999931335449,78.19999694824219,6003.97998046875,4.224999904632568,7123500,2444420000,0
2024-12-02,75.28573608398438,6047.14990234375,4.196000099182129,79.08999633789062,6047.14990234375,4.196000099182129,79.0999984741211,6053.580078125,4.248000144958496,77.19999694824219,6035.330078125,4.173999786376953,77.91999816894531,6040.10986328125,4.206999778747559,11221000,4412470000,0
2024-12-03,75.06681060791016,6049.8798828125,4.2230000495910645,78.86000061035156,6049.8798828125,4.2230000495910645,79.4000015258789,6052.06982421875,4.2270002365112305,77.61000061035156,6033.39013671875,4.164999961853027,79.0,6042.97021484375,4.210999965667725,9414500,4095000000,0
2024-12-04,74.60037231445312,6086.490234375,4.179999828338623,78.37000274658203,6086.490234375,4.179999828338623,78.51000213623047,6089.83984375,4.281000137329102,77.0999984741211,6061.06005859375,4.176000118255615,77.81999969482422,6069.39013671875,4.270999908447266,15042600,4003390000,0
2024-12-05,74.80027770996094,6075.10986328125,4.179999828338623,78.58000183105469,6075.10986328125,4.179999828338623,78.9000015258789,6094.5498046875,4.224999904632568,78.0999984741211,6072.89990234375,4.173999786376953,78.26000213623047,6089.02978515625,4.206999778747559,8316500,4212020000,0
2024-12-06,75.09537506103516,6090.27001953125,4.151000022888184,78.88999938964844,6090.27001953125,4.151000022888184,81.18000030517578,6099.97021484375,4.215000152587891,78.83999633789062,6079.97998046875,4.125999927520752,79.22000122070312,6081.3798828125,4.184000015258789,13931100,3924830000,0
2024-12-09,73.9054946899414,6052.85009765625,4.198999881744385,77.63999938964844,6052.85009765625,4.198999881744385,79.44999694824219,6088.509765625,4.198999881744385,77.5199966430664,6048.6298828125,4.164000034332275,79.44000244140625,6083.009765625,4.182000160217285,12043400,4556460000,0
2024-12-10,73.04877471923828,6034.91015625,4.2210001945495605,76.73999786376953,6034.91015625,4.2210001945495605,78.08000183105469,6065.39990234375,4.24399995803833,76.62000274658203,6029.89013671875,4.2170000076293945,77.5,6057.58984375,4.234000205993652,12193100,4048410000,0
2024-12-11,75.05729675292969,6084.18994140625,4.270999908447266,78.8499984741211,6084.18994140625,4.270999908447266,78.9800033569336,6092.58984375,4.2769999504089355,76.30999755859375,6060.14990234375,4.201000213623047,76.79000091552734,6060.14990234375,4.25,12033200,4269950000,0
2024-12-12,74.21009826660156,6051.25,4.323999881744385,77.95999908447266,6051.25,4.323999881744385,79.37000274658203,6079.68017578125,4.331999778747559,77.86000061035156,6051.25,4.269000053405762,78.70999908447266,6074.2900390625,4.300000190734863,6983200,3678010000,0
2024-12-13,73.53424835205078,6051.08984375,4.39900016784668,77.25,6051.08984375,4.39900016784668,77.83000183105469,6078.580078125,4.4029998779296875,76.7699966430664,6035.77001953125,4.3420000076293945,77.3499984741211,6068.169921875,4.343999862670898,8037300,3584960000,0
2024-12-16,73.48665618896484,6074.080078125,4.396999835968018,77.19999694824219,6074.080078125,4.396999835968018,79.0199966430664,6085.18994140625,4.410999774932861,76.66000366210938,6059.14013671875,4.361000061035156,76.76000213623047,6063.7900390625,4.36899995803833,13034000,4391100000,0
2024-12-17,74.24817657470703,6050.60986328125,4.385000228881836,78.0,6050.60986328125,4.385000228881836,78.7699966430664,6057.68017578125,4.434000015258789,77.25,6035.18994140625,4.373000144958496,77.36000061035156,6052.5498046875,4.429999828338623,12452400,4544500000,0
2024-12-18,73.20108795166016,5872.16015625,4.49399995803833,76.9000015258789,5872.16015625,4.49399995803833,79.0,6070.669921875,4.498000144958496,76.83999633789062,5867.7900390625,4.382999897003174,77.9800033569336,6047.64990234375,4.418000221252441,14376900,5246960000,0
2024-12-19,73.39146423339844,5867.080078125,4.570000171661377,77.0999984741211,5867.080078125,4.570000171661377,77.94000244140625,5935.52001953125,4.593999862670898,76.43000030517578,5866.06982421875,4.5279998779296875,76.94000244140625,5912.7099609375,4.5320000648498535,27067600,4896880000,0
2024-12-20,73.23916625976562,5930.85009765625,4.52400016784668,76.94000244140625,5930.85009765625,4.52400016784668,78.0,5982.06005859375,4.546000003814697,74.86000061035156,5832.2998046875,4.484000205993652,75.95999908447266,5842.0,4.541999816894531,49883400,8223220000,0
2024-12-23,73.06782531738281,5974.06982421875,4.598999977111816,76.76000213623047,5974.06982421875,4.598999977111816,78.41000366210938,5978.25,4.598999977111816,75.73999786376953,5902.56982421875,4.533999919891357,76.33000183105469,5940.25,4.550000190734863,14203800,3593280000,0
2024-12-24,73.09638977050781,6040.0400390625,4.591000080108643,76.79000091552734,6040.0400390625,4.591000080108643,77.11000061035156,6040.10009765625,4.629000186920166,76.36000061035156,5981.43994140625,4.583000183105469,76.75,5984.6298828125,4.609000205993652,4919100,1757720000,0
2024-12-26,73.23916625976562,6037.58984375,4.578999996185303,76.94000244140625,6037.58984375,4.578999996185303,77.45999908447266,6049.75,4.640999794006348,76.54000091552734,6007.3701171875,4.572999954223633,76.5999984741211,6024.97021484375,4.63100004196167,6363500,2904530000,0
2024-12-27,72.74417114257812,5970.83984375,4.61899995803833,76.41999816894531,5970.83984375,4.61899995803833,76.93000030517578,6006.169921875,4.623000144958496,75.80000305175781,5932.9501953125,4.574999809265137,76.5199966430664,6006.169921875,4.603000164031982,6334400,3159610000,0
2024-12-30,71.05931854248047,5906.93994140625,4.545000076293945,74.6500015258789,5906.93994140625,4.545000076293945,75.7699966430664,5940.7900390625,4.577000141143799,74.55000305175781,5869.16015625,4.5370001792907715,75.5999984741211,5920.669921875,4.577000141143799,9042900,3433250000,0
2024-12-31,72.0302505493164,5881.6298828125,4.572999954223633,75.66999816894531,5881.6298828125,4.572999954223633,76.38999938964844,5929.740234375,4.586999893188477,74.77999877929688,5868.85986328125,4.520999908447266,74.9000015258789,5919.740234375,4.5289998054504395,9425600,3128350000,0
2025-01-02,70.1264419555664,5868.5498046875,4.574999809265137,73.66999816894531,5868.5498046875,4.574999809265137,76.69000244140625,5935.08984375,4.598999977111816,73.23999786376953,5829.52978515625,4.517000198364258,76.25,5903.259765625,4.520999908447266,10883400,3621680000,0
2025-01-03,69.78375244140625,5942.47021484375,4.5960001945495605,73.30999755859375,5942.47021484375,4.5960001945495605,74.19000244140625,5949.33984375,4.599999904632568,73.01000213623047,5888.66015625,4.539000034332275,73.91999816894531,5891.06982421875,4.545000076293945,10083500,3667340000,0
2025-01-06,68.53678131103516,5975.3798828125,4.618000030517578,72.0,5975.3798828125,4.618000030517578,74.31999969482422,6021.0400390625,4.644000053405762,71.97000122070312,5960.009765625,4.578999996185303,73.75,5982.81005859375,4.585000038146973,14947300,4940120000,0
2025-01-07,68.62245178222656,5909.02978515625,4.683000087738037,72.08999633789062,5909.02978515625,4.683000087738037,73.44000244140625,6000.68017578125,4.698999881744385,71.9800033569336,5890.68017578125,4.625999927520752,72.4000015258789,5993.259765625,4.633999824523926,10463500,4517330000,0
2025-01-08,67.86093139648438,5918.25,4.692999839782715,71.29000091552734,5918.25,4.692999839782715,71.81999969482422,5927.89013671875,4.716000080108643,71.01000213623047,5874.77978515625,4.672999858856201,71.55999755859375,5910.66015625,4.704999923706055,11855000,4441740000,0
2025-01-10,67.77526092529297,5827.0400390625,4.776000022888184,71.19999694824219,5827.0400390625,4.776000022888184,72.38999938964844,5890.35009765625,4.789999961853027,71.08999633789062,5807.77978515625,4.693999767303467,71.8499984741211,5890.35009765625,4.693999767303467,15677400,4751930000,0
2025-01-13,68.61293029785156,5836.22021484375,4.802999973297119,72.08000183105469,5836.22021484375,4.802999973297119,72.5999984741211,5838.60986328125,4.804999828338623,70.77999877929688,5773.31005859375,4.758999824523926,71.16999816894531,5782.02001953125,4.76800012588501,14584300,4421200000,0
2025-01-14,67.7467041015625,5842.91015625,4.788000106811523,71.16999816894531,5842.91015625,4.788000106811523,72.20999908447266,5871.919921875,4.809000015258789,70.52999877929688,5805.419921875,4.755000114440918,72.06999969482422,5859.27001953125,4.788000106811523,16732900,4142280000,0
2025-01-15,67.6515121459961,5949.91015625,4.6529998779296875,71.06999969482422,5949.91015625,4.6529998779296875,72.25,5960.60986328125,4.77400016784668,70.83999633789062,5905.2099609375,4.63700008392334,71.98999786376953,5905.2099609375,4.76200008392334,13468100,4544570000,0
2025-01-16,67.68959045410156,5937.33984375,4.605999946594238,71.11000061035156,5937.33984375,4.605999946594238,71.2300033569336,5964.68994140625,4.693999767303467,70.31999969482422,5930.72021484375,4.5879998207092285,70.9000015258789,5963.60986328125,4.684000015258789,13694600,4285810000,0
2025-01-17,67.43257141113281,5996.66015625,4.609000205993652,70.83999633789062,5996.66015625,4.609000205993652,71.5199966430664,6014.9599609375,4.625,70.83999633789062,5978.43994140625,4.567999839782715,71.43000030517578,5995.39990234375,4.572000026702881,9711300,4366830000,0
2025-01-21,69.6504898071289,6049.240234375,4.573999881744385,73.16999816894531,6049.240234375,4.573999881744385,73.2699966430664,6051.509765625,4.585000038146973,71.13999938964844,6006.8798828125,4.552000045776367,71.30000305175781,6014.1201171875,4.573999881744385,14199900,4702920000,0
2025-01-22,70.47865295410156,6086.3701171875,4.598999977111816,74.04000091552734,6086.3701171875,4.598999977111816,74.69999694824219,6100.81005859375,4.617000102996826,73.01000213623047,6076.1298828125,4.559999942779541,73.37999725341797,6081.39013671875,4.559999942779541,13029300,4323040000,0
2025-01-23,70.71662139892578,6118.7099609375,4.638000011444092,74.29000091552734,6118.7099609375,4.638000011444092,74.5,6118.72998046875,4.664000034332275,72.37000274658203,6074.669921875,4.617000102996826,73.33999633789062,6076.31982421875,4.638000011444092,10677400,4432250000,0
2025-01-24,70.03125762939453,6101.240234375,4.625999927520752,73.56999969482422,6101.240234375,4.625999927520752,74.25,6128.18017578125,4.6620001792907715,73.25,6088.740234375,4.605000019073486,74.06999969482422,6121.43017578125,4.642000198364258,8106700,4214250000,0
2025-01-27,71.944580078125,6012.27978515625,4.5279998779296875,75.58000183105469,6012.27978515625,4.5279998779296875,75.8499984741211,6017.169921875,4.565000057220459,73.41999816894531,5962.919921875,4.521999835968018,73.44000244140625,5969.0400390625,4.5320000648498535,11665400,5198750000,0
2025-01-28,70.81181335449219,6067.7001953125,4.551000118255615,74.38999938964844,6067.7001953125,4.551000118255615,75.5999984741211,6074.5400390625,4.578999996185303,74.16000366210938,5994.6298828125,4.545000076293945,75.33000183105469,6026.97021484375,4.568999767303467,8694400,4473640000,0
2025-01-29,72.89647674560547,6039.31005859375,4.554999828338623,76.58000183105469,6039.31005859375,4.554999828338623,77.11000061035156,6062.830078125,4.591000080108643,74.31999969482422,6012.9599609375,4.510000228881836,74.44999694824219,6057.7001953125,4.526000022888184,11764800,4115310000,0
2025-01-30,74.56229400634766,6071.169921875,4.51200008392334,78.33000183105469,6071.169921875,4.51200008392334,78.7699966430664,6086.64013671875,4.5370001792907715,76.8499984741211,6027.4599609375,4.48799991607666,76.8499984741211,6050.75,4.49399995803833,10902100,4634620000,0
2025-01-31,73.20108795166016,6040.52978515625,4.568999767303467,76.9000015258789,6040.52978515625,4.568999767303467,78.86000061035156,6120.91015625,4.568999767303467,76.76000213623047,6030.93017578125,4.501999855041504,78.11000061035156,6096.7900390625,4.525000095367432,13098000,4843770000,0
2025-02-03,72.90599060058594,5994.56982421875,4.543000221252441,76.58999633789062,5994.56982421875,4.543000221252441,76.69000244140625,6022.1298828125,4.557000160217285,73.22000122070312,5923.93017578125,4.461999893188477,74.9000015258789,5969.64990234375,4.50600004196167,18539200,4797210000,0
2025-02-04,73.02974700927734,6037.8798828125,4.513000011444092,76.72000122070312,6037.8798828125,4.513000011444092,78.16000366210938,6042.47998046875,4.5980000495910645,76.04000091552734,5990.8701171875,4.508999824523926,77.55000305175781,5998.14013671875,4.577000141143799,11943700,4410160000,0
2025-02-05,70.983154296875,6061.47998046875,4.421999931335449,74.56999969482422,6061.47998046875,4.421999931335449,76.79000091552734,6062.85986328125,4.473999977111816,74.4000015258789,6007.06005859375,4.400000095367432,76.30000305175781,6020.4501953125,4.464000225067139,9807400,4756250000,0
2025-02-06,68.2892837524414,6083.56982421875,4.440000057220459,71.73999786376953,6083.56982421875,4.440000057220459,75.4000015258789,6084.02978515625,4.460000038146973,71.62999725341797,6046.830078125,4.4120001792907715,75.23999786376953,6072.22021484375,4.447999954223633,16059400,4847120000,0
2025-02-07,65.37647247314453,6025.990234375,4.486999988555908,68.68000030517578,6025.990234375,4.486999988555908,70.80999755859375,6101.27978515625,4.513000011444092,68.62000274658203,6019.9599609375,4.3979997634887695,70.55999755859375,6083.1298828125,4.443999767303467,27428700,4766900000,0
2025-02-10,67.52777099609375,6066.43994140625,4.493000030517578,70.94000244140625,6066.43994140625,4.493000030517578,70.94999694824219,6073.3798828125,4.499000072479248,69.12000274658203,6044.83984375,4.458000183105469,69.36000061035156,6046.39990234375,4.491000175476074,16201300,4458760000,0
2025-02-11,67.90851593017578,6068.5,4.5370001792907715,71.33999633789062,6068.5,4.5370001792907715,71.98999786376953,6076.27978515625,4.546999931335449,70.51000213623047,6042.33984375,4.525000095367432,70.56999969482422,6049.31982421875,4.534999847412109,9636600,4324880000,0
2025-02-12,68.78427124023438,6051.97021484375,4.63700008392334,72.26000213623047,6051.97021484375,4.63700008392334,72.44999694824219,6063.0,4.659999847412109,70.33000183105469,6003.0,4.5269999504089355,70.5999984741211,6025.080078125,4.534999847412109,10810900,4627960000,0
2025-02-13,69.6885757446289,6115.06982421875,4.525000095367432,73.20999908447266,6115.06982421875,4.525000095367432,73.5999984741211,6116.91015625,4.61899995803833,71.62999725341797,6050.9501953125,4.514999866485596,72.44999694824219,6060.58984375,4.60099983215332,9739600,4763800000,0
2025-02-14,69.52674865722656,6114.6298828125,4.4720001220703125,73.04000091552734,6114.6298828125,4.4720001220703125,73.5,6127.47021484375,4.5329999923706055,72.33999633789062,6107.6201171875,4.447000026702881,73.16999816894531,6115.52001953125,4.531000137329102,9254400,4335190000,0
2025-02-18,73.85790252685547,6129.580078125,4.544000148773193,77.58999633789062,6129.580078125,4.544000148773193,77.68000030517578,6129.6298828125,4.546000003814697,74.5,6099.509765625,4.506999969482422,74.5,6121.60009765625,4.519000053405762,28252400,4684980000,0
2025-02-19,73.08685302734375,6144.14990234375,4.534999847412109,76.77999877929688,6144.14990234375,4.534999847412109,77.68000030517578,6147.43017578125,4.576000213623047,76.08999633789062,6111.14990234375,4.5289998054504395,76.81999969482422,6117.759765625,4.565999984741211,14184100,4562330000,0
2025-02-20,73.51521301269531,6117.52001953125,4.5,77.2300033569336,6117.52001953125,4.5,77.2699966430664,6134.5,4.525000095367432,76.33999633789062,6084.58984375,4.492000102996826,76.91000366210938,6134.5,4.506999969482422,10689600,4813690000,0
2025-02-21,72.82032775878906,6013.1298828125,4.420000076293945,76.5,6013.1298828125,4.420000076293945,77.98999786376953,6114.81982421875,4.500999927520752,75.86000061035156,6008.56005859375,4.406000137329102,77.4000015258789,6114.10009765625,4.484000205993652,12823400,5434560000,0
2025-02-24,76.41849517822266,5983.25,4.39300012588501,80.27999877929688,5983.25,4.39300012588501,81.08999633789062,6043.64990234375,4.451000213623047,78.75,5977.830078125,4.388999938964844,78.87999725341797,6026.68994140625,4.436999797821045,24553500,4990120000,0
2025-02-25,77.78924560546875,5955.25,4.297999858856201,81.72000122070312,5955.25,4.297999858856201,81.95999908447266,5992.64990234375,4.335000038146973,80.05000305175781,5908.490234375,4.2829999923706055,80.30999755859375,5982.72998046875,4.328999996185303,15522500,5374690000,0
2025-02-26,77.26570129394531,5956.06005859375,4.249000072479248,81.16999816894531,5956.06005859375,4.249000072479248,82.44000244140625,6009.81982421875,4.314000129699707,80.83999633789062,5932.68994140625,4.247000217437744,82.0999984741211,5970.8701171875,4.290999889373779,16058100,4869580000,0
2025-02-27,76.17101287841797,5861.56982421875,4.284999847412109,80.0199966430664,5861.56982421875,4.284999847412109,81.48999786376953,5993.68994140625,4.308000087738037,79.45999908447266,5858.77978515625,4.26800012588501,81.48999786376953,5981.8798828125,4.284999847412109,11651900,5057680000,0
2025-02-28,75.6093978881836,5954.5,4.230999946594238,79.43000030517578,5954.5,4.230999946594238,80.0199966430664,5959.39990234375,4.2769999504089355,78.18000030517578,5837.66015625,4.214000225067139,79.25,5856.740234375,4.25600004196167,14113800,6441140000,0
2025-03-03,75.01622772216797,5849.72021484375,4.179999828338623,78.41000366210938,5849.72021484375,4.179999828338623,80.95999908447266,5986.08984375,4.25600004196167,77.88999938964844,5810.91015625,4.170000076293945,79.98999786376953,5968.330078125,4.254000186920166,8628800,5613850000,0
2025-03-04,73.97340393066406,5778.14990234375,4.210000038146973,77.31999969482422,5778.14990234375,4.210000038146973,78.6500015258789,5865.080078125,4.2179999351501465,76.77999877929688,5732.58984375,4.105999946594238,77.69999694824219,5811.97998046875,4.133999824523926,10034100,6138110000,0
2025-03-05,74.44219207763672,5842.6298828125,4.264999866485596,77.80999755859375,5842.6298828125,4.264999866485596,78.30999755859375,5860.58984375,4.283999919891357,76.45999908447266,5742.35009765625,4.184999942779541,77.33000183105469,5781.35986328125,4.230999946594238,9853600,5285970000,0
2025-03-06,74.34652709960938,5738.52001953125,4.285999774932861,77.70999908447266,5738.52001953125,4.285999774932861,78.33000183105469,5812.080078125,4.343999862670898,76.73999786376953,5711.64013671875,4.267000198364258,76.73999786376953,5785.8701171875,4.2769999504089355,9623700,5165080000,0
2025-03-07,75.18843078613281,5770.2001953125,4.316999912261963,78.58999633789062,5770.2001953125,4.316999912261963,79.0,5783.009765625,4.328000068664551,76.97000122070312,5666.2900390625,4.210999965667725,77.4800033569336,5726.009765625,4.250999927520752,9294300,5705140000,0
2025-03-10,73.09322357177734,5614.56005859375,4.2129998207092285,76.4000015258789,5614.56005859375,4.2129998207092285,80.19000244140625,5705.3701171875,4.250999927520752,76.05999755859375,5564.02001953125,4.197999954223633,77.51000213623047,5705.3701171875,4.23199987411499,15822600,6409370000,0
2025-03-11,70.9597396850586,5572.06982421875,4.288000106811523,74.16999816894531,5572.06982421875,4.288000106811523,76.08000183105469,5636.2998046875,4.295000076293945,73.62000274658203,5528.41015625,4.188000202178955,75.91000366210938,5603.64990234375,4.23799991607666,12837000,6221240000,0
2025-03-12,70.39527893066406,5599.2998046875,4.317999839782715,73.58000183105469,5599.2998046875,4.317999839782715,74.5,5642.18994140625,4.331999778747559,73.2300033569336,5546.08984375,4.250999927520752,74.36000061035156,5624.83984375,4.309000015258789,12304900,5219830000,0
2025-03-13,69.49595642089844,5521.52001953125,4.27400016784668,72.63999938964844,5521.52001953125,4.27400016784668,73.94000244140625,5597.77978515625,4.353000164031982,71.66999816894531,5504.64990234375,4.258999824523926,73.18000030517578,5594.4501953125,4.329999923706055,10195900,5018980000,0
2025-03-14,68.55838775634766,5638.93994140625,4.308000087738037,71.66000366210938,5638.93994140625,4.308000087738037,73.54000091552734,5645.27001953125,4.323999881744385,71.31999969482422,5563.85009765625,4.290999889373779,73.27999877929688,5563.85009765625,4.315999984741211,12183000,4863180000,0
2025-03-17,70.51008605957031,5675.1201171875,4.306000232696533,73.69999694824219,5675.1201171875,4.306000232696533,73.94999694824219,5703.52001953125,4.330999851226807,72.02999877929688,5631.1201171875,4.257999897003174,72.13999938964844,5635.60009765625,4.2789998054504395,15996900,5031770000,0
2025-03-18,70.136962890625,5614.66015625,4.281000137329102,73.30999755859375,5614.66015625,4.281000137329102,74.16000366210938,5654.52978515625,4.339000225067139,72.72000122070312,5597.759765625,4.265999794006348,73.88999938964844,5654.52978515625,4.320000171661377,8972300,4666270000,0
2025-03-19,69.83081817626953,5675.2900390625,4.25600004196167,72.98999786376953,5675.2900390625,4.25600004196167,73.43000030517578,5715.330078125,4.322999954223633,72.29000091552734,5622.2001953125,4.251999855041504,72.63999938964844,5632.3701171875,4.293000221252441,10830500,4660090000,0
2025-03-20,68.7497329711914,5662.89013671875,4.232999801635742,71.86000061035156,5662.89013671875,4.232999801635742,73.6500015258789,5711.14990234375,4.245999813079834,71.5199966430664,5632.330078125,4.173999786376953,72.91999816894531,5646.919921875,4.190999984741211,25202300,4678420000,0
2025-03-21,64.9993896484375,5667.56005859375,4.251999855041504,67.94000244140625,5667.56005859375,4.251999855041504,68.7300033569336,5670.83984375,4.25600004196167,65.16999816894531,5603.10009765625,4.199999809265137,66.58999633789062,5630.72998046875,4.210000038146973,77287000,9367460000,0
2025-03-24,64.47319793701172,5767.56982421875,4.330999851226807,67.38999938964844,5767.56982421875,4.330999851226807,68.88999938964844,5775.14013671875,4.339000225067139,66.69000244140625,5718.080078125,4.288000106811523,68.55999755859375,5718.080078125,4.302000045776367,26552500,4517990000,0
2025-03-25,63.659996032714844,5776.64990234375,4.307000160217285,66.54000091552734,5776.64990234375,4.307000160217285,68.05000305175781,5786.9501953125,4.363999843597412,66.23999786376953,5760.419921875,4.297999858856201,67.55999755859375,5775.9599609375,4.361999988555908,17394100,4467340000,0
2025-03-26,62.89461898803711,5712.2001953125,4.3379998207092285,65.73999786376953,5712.2001953125,4.3379998207092285,66.58999633789062,5783.6201171875,4.361999988555908,64.94999694824219,5694.41015625,4.327000141143799,66.37999725341797,5771.66015625,4.3480000495910645,18688300,4183140000,0
2025-03-27,62.95201873779297,5693.31005859375,4.36899995803833,65.80000305175781,5693.31005859375,4.36899995803833,67.0999984741211,5732.27978515625,4.38700008392334,65.29000091552734,5670.93994140625,4.355999946594238,65.5,5695.64013671875,4.385000228881836,16435800,4403460000,0
2025-03-28,60.550662994384766,5580.93994140625,4.255000114440918,63.290000915527344,5580.93994140625,4.255000114440918,65.86000061035156,5685.89013671875,4.340000152587891,63.13999938964844,5572.419921875,4.250999927520752,65.86000061035156,5679.2001953125,4.326000213623047,19600300,4513330000,0
2025-03-31,60.7324333190918,5611.85009765625,4.245999813079834,63.47999954223633,5611.85009765625,4.245999813079834,63.9900016784668,5627.56005859375,4.258999824523926,62.650001525878906,5488.72998046875,4.191999912261963,62.84000015258789,5527.91015625,4.203000068664551,17400000,5257250000,0
2025-04-01,61.95703887939453,5633.06982421875,4.156000137329102,64.76000213623047,5633.06982421875,4.156000137329102,65.16000366210938,5650.56982421875,4.185999870300293,63.29999923706055,5558.52001953125,4.132999897003174,63.83000183105469,5597.52978515625,4.158999919891357,13489500,4434500000,0
2025-04-02,62.14836883544922,5670.97021484375,4.196000099182129,64.95999908447266,5670.97021484375,4.196000099182129,65.4000015258789,5695.31005859375,4.22599983215332,64.16000366210938,5571.47998046875,4.110000133514404,64.30000305175781,5580.759765625,4.142000198364258,11161400,4243830000,0
2025-04-03,53.17436218261719,5396.52001953125,4.054999828338623,55.58000183105469,5396.52001953125,4.054999828338623,58.68000030517578,5499.52978515625,4.073999881744385,55.400001525878906,5390.830078125,4.004000186920166,56.369998931884766,5492.740234375,4.073999881744385,71499500,7210470000,0
2025-04-04,54.77207565307617,5074.080078125,3.984999895095825,57.25,5074.080078125,3.984999895095825,59.220001220703125,5292.14013671875,4.014999866485596,52.5,5069.89990234375,3.885999917984009,53.220001220703125,5292.14013671875,3.9119999408721924,67775700,8853500000,0
2025-04-07,53.20306396484375,5062.25,4.15500020980835,55.61000061035156,5062.25,4.15500020980835,57.18000030517578,5246.56982421875,4.210000038146973,53.400001525878906,4835.0400390625,3.9719998836517334,55.400001525878906,4953.7900390625,3.9769999980926514,45374400,8691980000,0
2025-04-08,50.96434783935547,4982.77001953125,4.26200008392334,53.27000045776367,4982.77001953125,4.26200008392334,58.77000045776367,5267.47021484375,4.275000095367432,52.369998931884766,4910.419921875,4.164000034332275,58.77000045776367,5193.56982421875,4.2179999351501465,30404300,7408140000,0
2025-04-09,56.75249099731445,5456.89990234375,4.400000095367432,59.31999969482422,5456.89990234375,4.400000095367432,59.54999923706055,5481.33984375,4.473999977111816,52.47999954223633,4948.43017578125,4.3429999351501465,53.279998779296875,4965.27978515625,4.455999851226807,44732500,9489600000,0
2025-04-10,52.04543685913086,5268.0498046875,4.394000053405762,54.400001525878906,5268.0498046875,4.394000053405762,57.25,5353.14990234375,4.400000095367432,52.279998779296875,5115.27001953125,4.289000034332275,57.22999954223633,5353.14990234375,4.328000068664551,53919800,6677140000,0
2025-04-11,52.035865783691406,5363.35986328125,4.493000030517578,54.38999938964844,5363.35986328125,4.493000030517578,55.029998779296875,5381.4599609375,4.5920000076293945,52.86000061035156,5220.77001953125,4.427000045776367,54.400001525878906,5255.56005859375,4.440000057220459,22617100,5602550000,0
2025-04-14,53.011722564697266,5405.97021484375,4.363999843597412,55.40999984741211,5405.97021484375,4.363999843597412,56.689998626708984,5459.4599609375,4.458000183105469,54.66999816894531,5358.02001953125,4.360000133514404,55.63999938964844,5441.9599609375,4.438000202178955,28346600,5031440000,0
2025-04-15,52.45682907104492,5396.6298828125,4.322999954223633,54.83000183105469,5396.6298828125,4.322999954223633,55.38999938964844,5450.41015625,4.39900016784668,54.16999816894531,5386.43994140625,4.308000087738037,54.68000030517578,5411.990234375,4.380000114440918,15977100,4317110000,0
2025-04-16,51.23222732543945,5275.7001953125,4.2789998054504395,53.54999923706055,5275.7001953125,4.2789998054504395,55.150001525878906,5367.240234375,4.3520002365112305,53.34000015258789,5220.7900390625,4.275000095367432,54.720001220703125,5335.75,4.315999984741211,19094900,4607750000,0
2025-04-17,53.3465690612793,5282.7001953125,4.333000183105469,55.7599983215332,5282.7001953125,4.333000183105469,56.02000045776367,5328.31005859375,4.343999862670898,53.650001525878906,5255.580078125,4.2779998779296875,53.81999969482422,5305.4501953125,4.291999816894531,18935100,4714880000,0
2025-04-21,53.69098663330078,5158.2001953125,4.40500020980835,56.119998931884766,5158.2001953125,4.40500020980835,56.36000061035156,5232.93994140625,4.4070000648498535,53.5,5101.6298828125,4.333000183105469,55.22999954223633,5232.93994140625,4.396999835968018,17280900,4226340000,0
2025-04-22,54.590309143066406,5287.759765625,4.388999938964844,57.060001373291016,5287.759765625,4.388999938964844,58.09000015258789,5309.60986328125,4.4070000648498535,56.2400016784668,5207.669921875,4.370999813079834,56.650001525878906,5207.669921875,4.4070000648498535,16852200,4666950000,0
2025-04-23,54.9060173034668,5375.85986328125,4.38700008392334,57.38999938964844,5375.85986328125,4.38700008392334,59.20000076293945,5469.68994140625,4.39900016784668,56.70000076293945,5356.169921875,4.261000156402588,59.0,5395.919921875,4.291999816894531,21660300,5371390000,0
2025-04-24,55.94884490966797,5484.77001953125,4.304999828338623,58.47999954223633,5484.77001953125,4.304999828338623,58.70000076293945,5489.39990234375,4.3480000495910645,57.130001068115234,5371.9599609375,4.302999973297119,57.810001373291016,5381.3798828125,4.343999862670898,14508500,4697710000,0
2025-04-25,55.12606430053711,5525.2099609375,4.265999794006348,57.619998931884766,5525.2099609375,4.265999794006348,58.25,5528.10986328125,4.293000221252441,56.61000061035156,5455.85986328125,4.250999927520752,58.209999084472656,5489.72998046875,4.2820000648498535,17156000,4236580000,0
2025-04-28,54.82948684692383,5528.75,4.216000080108643,57.310001373291016,5528.75,4.216000080108643,58.08000183105469,5553.66015625,4.295000076293945,56.79999923706055,5468.64013671875,4.214000225067139,57.72999954223633,5529.22021484375,4.28000020980835,13321200,4257880000,0
2025-04-29,55.049530029296875,5560.830078125,4.172999858856201,57.540000915527344,5560.830078125,4.172999858856201,57.7400016784668,5571.9501953125,4.244999885559082,56.7400016784668,5505.7001953125,4.164000034332275,57.0,5508.8701171875,4.2270002365112305,12968000,4747150000,0
2025-04-30,53.9588737487793,5569.06005859375,4.177000045776367,56.400001525878906,5569.06005859375,4.177000045776367,56.59000015258789,5581.83984375,4.229000091552734,54.75,5433.240234375,4.135000228881836,55.86000061035156,5499.43994140625,4.138999938964844,17205900,5449490000,0
2025-05-01,54.303287506103516,5604.14013671875,4.230999946594238,56.7599983215332,5604.14013671875,4.230999946594238,57.209999084472656,5658.91015625,4.241000175476074,56.2599983215332,5597.35009765625,4.124000072479248,56.68000030517578,5625.14013671875,4.150000095367432,10527000,4935270000,0
2025-05-02,56.05408477783203,5686.669921875,4.322000026702881,58.59000015258789,5686.669921875,4.322000026702881,58.70000076293945,5700.7001953125,4.331999778747559,57.310001373291016,5642.27978515625,4.224999904632568,57.869998931884766,5645.8798828125,4.224999904632568,14723900,4854380000,0
2025-05-05,54.86775207519531,5650.3798828125,4.3429999351501465,57.349998474121094,5650.3798828125,4.3429999351501465,58.34000015258789,5683.3798828125,4.370999813079834,57.290000915527344,5634.47998046875,4.297999858856201,58.119998931884766,5655.31982421875,4.301000118255615,15971000,4358260000,0
2025-05-06,54.571170806884766,5606.91015625,4.308000087738037,57.040000915527344,5606.91015625,4.308000087738037,57.720001220703125,5649.580078125,4.36299991607666,56.790000915527344,5586.0400390625,4.306000232696533,57.150001525878906,5605.8701171875,4.336999893188477,11440300,4717260000,0
2025-05-07,56.08278274536133,5631.27978515625,4.275000095367432,58.619998931884766,5631.27978515625,4.275000095367432,58.810001373291016,5654.72998046875,4.328000068664551,57.560001373291016,5578.64013671875,4.260000228881836,57.869998931884766,5614.18017578125,4.320000171661377,11883500,4987440000,0
2025-05-08,56.36023712158203,5663.93994140625,4.373000144958496,58.90999984741211,5663.93994140625,4.373000144958496,60.38999938964844,5720.10009765625,4.383999824523926,58.79999923706055,5635.3798828125,4.2829999923706055,59.689998626708984,5663.60009765625,4.300000190734863,19009000,5627400000,0
2025-05-09,55.776634216308594,5659.91015625,4.375,58.29999923706055,5659.91015625,4.375,59.380001068115234,5691.68994140625,4.3979997634887695,58.220001220703125,5644.14990234375,4.3429999351501465,59.13999938964844,5679.64990234375,4.392000198364258,13954400,4645090000,0
2025-05-12,59.87138748168945,5844.18994140625,4.456999778747559,62.58000183105469,5844.18994140625,4.456999778747559,63.470001220703125,5845.3701171875,4.468999862670898,61.810001373291016,5786.080078125,4.428999900817871,62.380001068115234,5807.2001953125,4.460999965667725,29776600,6014580000,0
2025-05-13,59.68960189819336,5886.5498046875,4.499000072479248,62.38999938964844,5886.5498046875,4.499000072479248,62.779998779296875,5906.64013671875,4.505000114440918,61.970001220703125,5845.02001953125,4.428999900817871,62.61000061035156,5854.14990234375,4.453000068664551,17003100,5516290000,0
2025-05-14,59.05817794799805,5892.580078125,4.5279998779296875,61.72999954223633,5892.580078125,4.5279998779296875,62.869998931884766,5906.5498046875,4.53000020980835,61.52000045776367,5872.10986328125,4.4770002365112305,62.04999923706055,5896.740234375,4.4770002365112305,13736300,5233450000,0
2025-05-15,59.699180603027344,5916.93017578125,4.454999923706055,62.400001525878906,5916.93017578125,4.454999923706055,62.68000030517578,5924.2099609375,4.541999816894531,60.41999816894531,5865.16015625,4.440999984741211,60.63999938964844,5869.81982421875,4.513000011444092,14371100,4991290000,0
2025-05-16,60.378448486328125,5958.3798828125,4.440999984741211,63.11000061035156,5958.3798828125,4.440999984741211,63.75,5958.6201171875,4.445000171661377,62.5,5907.35986328125,4.388000011444092,62.5,5929.08984375,4.395999908447266,12950600,4850850000,0
2025-05-19,59.393028259277344,5963.60009765625,4.474999904632568,62.08000183105469,5963.60009765625,4.474999904632568,62.43000030517578,5968.60986328125,4.561999797821045,61.7599983215332,5895.68994140625,4.4710001945495605,62.150001525878906,5902.8798828125,4.548999786376953,15105300,4144010000,0
2025-05-20,59.852256774902344,5940.4599609375,4.480999946594238,62.560001373291016,5940.4599609375,4.480999946594238,63.189998626708984,5953.06005859375,4.5229997634887695,62.279998779296875,5909.259765625,4.4730000495910645,62.5,5944.66015625,4.474999904632568,10771800,4416850000,0
2025-05-21,57.38391876220703,5844.60986328125,4.5960001945495605,59.97999954223633,5844.60986328125,4.5960001945495605,61.7599983215332,5938.3701171875,4.604000091552734,59.880001068115234,5830.91015625,4.5229997634887695,61.16999816894531,5910.18017578125,4.543000221252441,17354700,5254250000,0
2025-05-22,58.66592788696289,5842.009765625,4.552999973297119,61.31999969482422,5842.009765625,4.552999973297119,61.619998931884766,5878.080078125,4.629000186920166,60.15999984741211,5825.81982421875,4.540999889373779,60.58000183105469,5841.259765625,4.61299991607666,16764500,5157050000,0
2025-05-23,57.42219161987305,5802.81982421875,4.508999824523926,60.02000045776367,5802.81982421875,4.508999824523926,60.380001068115234,5829.509765625,4.5269999504089355,59.4900016784668,5767.41015625,4.465000152587891,59.86000061035156,5781.89013671875,4.4730000495910645,14282400,4662820000,0
2025-05-27,60.11056900024414,5921.5400390625,4.434000015258789,62.83000183105469,5921.5400390625,4.434000015258789,62.84000015258789,5924.330078125,4.486999988555908,60.84000015258789,5854.06982421875,4.432000160217285,61.130001068115234,5854.06982421875,4.468999862670898,16642100,5366380000,0
2025-05-28,59.10601043701172,5888.5498046875,4.4770002365112305,61.779998779296875,5888.5498046875,4.4770002365112305,63.11000061035156,5939.919921875,4.500999927520752,61.560001373291016,5881.8798828125,4.438000202178955,62.7400016784668,5925.5400390625,4.443999767303467,10015600,4665050000,0
2025-05-29,58.78072738647461,5912.169921875,4.423999786376953,61.439998626708984,5912.169921875,4.423999786376953,62.900001525878906,5943.1298828125,4.499000072479248,61.130001068115234,5873.7998046875,4.415999889373779,62.4900016784668,5939.9599609375,4.497000217437744,12218000,4569750000,0
2025-05-30,57.96752166748047,5911.68994140625,4.415999889373779,60.59000015258789,5911.68994140625,4.415999889373779,61.119998931884766,5922.14013671875,4.441999912261963,60.099998474121094,5843.66015625,4.394000053405762,61.0,5903.669921875,4.421999931335449,18155100,6378540000,0
2025-06-02,59.29655838012695,5935.93994140625,4.461999893188477,61.56999969482422,5935.93994140625,4.461999893188477,61.599998474121094,5937.39990234375,4.46999979019165,59.599998474121094,5861.43017578125,4.418000221252441,60.04999923706055,5896.68017578125,4.438000202178955,14065300,4832240000,0
2025-06-03,60.06702423095703,5970.3701171875,4.460000038146973,62.369998931884766,5970.3701171875,4.460000038146973,62.45000076293945,5981.35009765625,4.473999977111816,60.459999084472656,5929.0,4.406000137329102,61.2400016784668,5938.56005859375,4.409999847412109,10286100,5026680000,0
2025-06-04,60.45225143432617,5970.81005859375,4.364999771118164,62.77000045776367,5970.81005859375,4.364999771118164,63.040000915527344,5990.47998046875,4.429999828338623,62.27000045776367,5966.10986328125,4.348999977111816,62.380001068115234,5978.93994140625,4.427999973297119,10242300,4767050000,0
2025-06-05,60.3559455871582,5939.2998046875,4.394000053405762,62.66999816894531,5939.2998046875,4.394000053405762,63.65999984741211,5999.7001953125,4.400000095367432,62.22999954223633,5921.2001953125,4.317999839782715,62.939998626708984,5985.669921875,4.3379998207092285,12336300,5091850000,0
2025-06-06,60.48114776611328,6000.35986328125,4.510000228881836,62.79999923706055,6000.35986328125,4.510000228881836,63.09000015258789,6016.8701171875,4.51200008392334,62.119998931884766,5978.6298828125,4.400000095367432,62.66999816894531,5987.06005859375,4.4029998779296875,13299600,4355710000,0
2025-06-09,59.6240119934082,6005.8798828125,4.48199987411499,61.90999984741211,6005.8798828125,4.48199987411499,63.4900016784668,6021.31005859375,4.51800012588501,61.880001068115234,5994.18017578125,4.46999979019165,63.29999923706055,6004.6298828125,4.501999855041504,11640000,4642360000,0
2025-06-10,61.51163864135742,6038.81005859375,4.473999977111816,63.869998931884766,6038.81005859375,4.473999977111816,64.16000366210938,6043.009765625,4.48199987411499,62.25,6000.27978515625,4.440000057220459,62.380001068115234,6009.91015625,4.449999809265137,15287000,4882880000,0
2025-06-11,60.779701232910156,6022.240234375,4.4120001792907715,63.11000061035156,6022.240234375,4.4120001792907715,64.8499984741211,6059.39990234375,4.50600004196167,62.58000183105469,6002.31982421875,4.4070000648498535,64.4000015258789,6049.3798828125,4.498000144958496,10238700,5111550000,0
2025-06-12,60.48114776611328,6045.259765625,4.35699987411499,62.79999923706055,6045.259765625,4.35699987411499,62.93000030517578,6045.43017578125,4.38700008392334,61.7599983215332,6003.8798828125,4.343999862670898,62.7400016784668,6009.89990234375,4.367000102996826,9830500,4669500000,0
2025-06-13,58.29496765136719,5976.97021484375,4.423999786376953,60.529998779296875,5976.97021484375,4.423999786376953,62.779998779296875,6026.16015625,4.446000099182129,60.11000061035156,5963.2099609375,4.340000152587891,61.75,6000.56005859375,4.343999862670898,16509700,5258910000,0
2025-06-16,59.614376068115234,6033.10986328125,4.452000141143799,61.900001525878906,6033.10986328125,4.452000141143799,62.18000030517578,6050.830078125,4.453999996185303,61.2400016784668,6004.0,4.4029998779296875,61.380001068115234,6004.0,4.441999912261963,13681600,5111710000,0
2025-06-17,57.7845344543457,5982.72021484375,4.39300012588501,60.0,5982.72021484375,4.39300012588501,61.29999923706055,6023.25,4.441999912261963,59.68000030517578,5974.7998046875,4.38100004196167,61.29999923706055,6012.14990234375,4.4029998779296875,13649700,4955700000,0
2025-06-18,57.312625885009766,5980.8701171875,4.396999835968018,59.5099983215332,5980.8701171875,4.396999835968018,60.45000076293945,6018.25,4.39900016784668,59.369998931884766,5971.89013671875,4.3460001945495605,60.0,5987.93017578125,4.364999771118164,14194300,5106470000,0
2025-06-20,57.5822868347168,5967.83984375,4.375,59.790000915527344,5967.83984375,4.375,60.040000915527344,6018.2001953125,4.442999839782715,59.189998626708984,5952.56005859375,4.361000061035156,59.75,5999.669921875,4.436999797821045,19084000,7451500000,0
2025-06-23,58.53573226928711,6025.169921875,4.320000171661377,60.779998779296875,6025.169921875,4.320000171661377,61.29999923706055,6028.77001953125,4.361000061035156,59.439998626708984,5943.22998046875,4.290999889373779,59.58000183105469,5969.669921875,4.361000061035156,15921300,5597000000,0
2025-06-24,59.152099609375,6092.18017578125,4.293000221252441,61.41999816894531,6092.18017578125,4.293000221252441,61.97999954223633,6101.759765625,4.370999813079834,60.47999954223633,6059.25,4.284999847412109,61.33000183105469,6061.2099609375,4.3520002365112305,12564000,5443690000,0
2025-06-25,58.583892822265625,6092.16015625,4.293000221252441,60.83000183105469,6092.16015625,4.293000221252441,61.529998779296875,6108.509765625,4.3379998207092285,60.36000061035156,6080.08984375,4.293000221252441,61.45000076293945,6104.22998046875,4.308000087738037,12186200,5171110000,0
2025-06-26,60.230743408203125,6141.02001953125,4.252999782562256,62.540000915527344,6141.02001953125,4.252999782562256,62.72999954223633,6146.52001953125,4.293000221252441,60.81999969482422,6107.27001953125,4.25,61.560001373291016,6112.08984375,4.2769999504089355,39659800,5308140000,0
2025-06-27,69.37996673583984,6173.06982421875,4.2829999923706055,72.04000091552734,6173.06982421875,4.2829999923706055,74.19000244140625,6187.68017578125,4.293000221252441,69.69000244140625,6132.35009765625,4.239999771118164,69.79000091552734,6150.7001953125,4.270999908447266,117530300,7889350000,0
2025-06-30,68.4168930053711,6204.9501953125,4.230000019073486,71.04000091552734,6204.9501953125,4.230000019073486,71.70999908447266,6215.080078125,4.2769999504089355,70.05999755859375,6174.97021484375,4.230000019073486,71.44999694824219,6193.35986328125,4.252999782562256,31090400,5782900000,0
2025-07-01,70.69938659667969,6198.009765625,4.250999927520752,73.41000366210938,6198.009765625,4.250999927520752,73.94000244140625,6210.77978515625,4.2769999504089355,71.83000183105469,6177.97021484375,4.204999923706055,71.98999786376953,6187.25,4.206999778747559,27512900,6275310000,0
2025-07-02,73.5693359375,6227.419921875,4.293000221252441,76.38999938964844,6227.419921875,4.293000221252441,76.83999633789062,6227.60009765625,4.308000087738037,73.0,6188.2900390625,4.263000011444092,73.16999816894531,6193.8798828125,4.269000053405762,36882300,5645710000,0
2025-07-03,73.5693359375,6279.35009765625,4.3480000495910645,76.38999938964844,6279.35009765625,4.3480000495910645,77.02999877929688,6284.64990234375,4.363999843597412,75.58000183105469,6246.4599609375,4.255000114440918,76.2699966430664,6246.4599609375,4.256999969482422,12022600,3378110000,0
2025-07-07,73.70417022705078,6229.97998046875,4.394999980926514,76.52999877929688,6229.97998046875,4.394999980926514,77.5,6262.06982421875,4.39900016784668,75.8499984741211,6201.0,4.349999904632568,76.04000091552734,6259.0400390625,4.363999843597412,17296900,5236740000,0
2025-07-08,71.19054412841797,6225.52001953125,4.414999961853027,73.91999816894531,6225.52001953125,4.414999961853027,76.30000305175781,6242.7001953125,4.434999942779541,73.6500015258789,6217.75,4.413000106811523,76.12999725341797,6234.02978515625,4.414999961853027,19572400,5739030000,0
2025-07-09,70.84384155273438,6263.259765625,4.3420000076293945,73.55999755859375,6263.259765625,4.3420000076293945,74.91999816894531,6269.16015625,4.422999858856201,73.41999816894531,6231.43017578125,4.340000152587891,74.12999725341797,6243.330078125,4.416999816894531,12076700,4813340000,0
2025-07-10,71.86470794677734,6280.4599609375,4.3460001945495605,74.62000274658203,6280.4599609375,4.3460001945495605,75.5,6290.22021484375,4.375999927520752,72.94999694824219,6251.43994140625,4.3420000076293945,73.12000274658203,6266.7998046875,4.3460001945495605,13033000,5367350000,0
2025-07-11,69.94818115234375,6259.75,4.422999858856201,72.62999725341797,6259.75,4.422999858856201,73.83999633789062,6269.43994140625,4.425000190734863,72.4000015258789,6237.60009765625,4.380000114440918,73.69000244140625,6255.68017578125,4.388000011444092,12771400,4656210000,0
2025-07-14,69.58221435546875,6268.56005859375,4.427000045776367,72.25,6268.56005859375,4.427000045776367,72.58000183105469,6273.31005859375,4.447000026702881,71.02999877929688,6239.22021484375,4.4029998779296875,72.33999633789062,6255.14990234375,4.433000087738037,11385400,4722250000,0
2025-07-15,69.3318099975586,6243.759765625,4.488999843597412,71.98999786376953,6243.759765625,4.488999843597412,72.87999725341797,6302.0400390625,4.491000175476074,71.58000183105469,6241.68017578125,4.395999908447266,72.26000213623047,6295.2900390625,4.431000232696533,9708300,5133670000,0
2025-07-16,69.43775177001953,6263.7001953125,4.454999923706055,72.0999984741211,6263.7001953125,4.454999923706055,72.70999908447266,6268.1201171875,4.488999843597412,71.1500015258789,6201.58984375,4.436999797821045,71.9000015258789,6254.5,4.474999904632568,9008600,5177460000,0
2025-07-17,70.28526306152344,6297.35986328125,4.4629998207092285,72.9800033569336,6297.35986328125,4.4629998207092285,73.20999908447266,6304.68994140625,4.493000030517578,72.04000091552734,6262.27001953125,4.428999900817871,72.12000274658203,6263.39990234375,4.4770002365112305,9180400,5512290000,0
2025-07-18,69.7940902709961,6296.7900390625,4.432000160217285,72.47000122070312,6296.7900390625,4.432000160217285,73.27999877929688,6315.60986328125,4.441999912261963,72.12000274658203,6285.27001953125,4.415999889373779,73.27999877929688,6312.9501953125,4.423999786376953,8801000,5184700000,0
2025-07-21,71.28684997558594,6305.60009765625,4.372000217437744,74.0199966430664,6305.60009765625,4.372000217437744,74.80999755859375,6336.080078125,4.383999824523926,72.91000366210938,6303.7900390625,4.3520002365112305,72.93000030517578,6304.740234375,4.368000030517578,12743900,5010840000,0
2025-07-22,72.60627746582031,6309.6201171875,4.335999965667725,75.38999938964844,6309.6201171875,4.335999965667725,75.54000091552734,6316.1201171875,4.377999782562256,74.04000091552734,6281.7099609375,4.328000068664551,74.06999969482422,6306.60009765625,4.372000217437744,11297500,5662040000,0
2025-07-23,73.91604614257812,6358.91015625,4.388000011444092,76.75,6358.91015625,4.388000011444092,77.20999908447266,6360.64013671875,4.3979997634887695,75.81999969482422,6317.490234375,4.357999801635742,76.1500015258789,6326.89990234375,4.357999801635742,16428100,5642510000,0
2025-07-24,72.63516235351562,6363.35009765625,4.4079999923706055,75.41999816894531,6363.35009765625,4.4079999923706055,77.54000091552734,6381.31005859375,4.441999912261963,75.41000366210938,6360.56982421875,4.394000053405762,76.51000213623047,6368.60009765625,4.4079999923706055,10037800,5282720000,0
2025-07-25,73.45377349853516,6388.64013671875,4.386000156402588,76.2699966430664,6388.64013671875,4.386000156402588,76.56999969482422,6395.81982421875,4.429999828338623,75.52999877929688,6368.52978515625,4.381999969482422,75.91000366210938,6370.009765625,4.415999889373779,7208400,4470720000,0
2025-07-28,76.3141098022461,6389.77001953125,4.420000076293945,79.23999786376953,6389.77001953125,4.420000076293945,79.98999786376953,6401.06982421875,4.420000076293945,77.55999755859375,6375.7900390625,4.392000198364258,79.0,6397.68994140625,4.400000095367432,22631100,4565620000,0
2025-07-29,75.43771362304688,6370.85986328125,4.329999923706055,78.33000183105469,6370.85986328125,4.329999923706055,79.37000274658203,6409.259765625,4.4039998054504395,77.76000213623047,6363.919921875,4.326000213623047,78.76000213623047,6405.6201171875,4.381999969482422,12885500,5076120000,0
2025-07-30,73.84862518310547,6362.89990234375,4.375999927520752,76.68000030517578,6362.89990234375,4.375999927520752,78.30000305175781,6396.5400390625,4.380000114440918,75.95999908447266,6336.3798828125,4.331999778747559,77.77999877929688,6381.22998046875,4.343999862670898,14601700,5375070000,0
2025-07-31,71.93211364746094,6339.39013671875,4.360000133514404,74.69000244140625,6339.39013671875,4.360000133514404,76.4000015258789,6427.02001953125,4.360000133514404,74.30999755859375,6327.64013671875,4.326000213623047,76.3499984741211,6427.02001953125,4.343999862670898,16700000,6077080000,0
2025-08-01,71.86470794677734,6238.009765625,4.21999979019165,74.62000274658203,6238.009765625,4.21999979019165,74.69999694824219,6287.27978515625,4.4079999923706055,72.52999877929688,6212.68994140625,4.216000080108643,73.44000244140625,6287.27978515625,4.4039998054504395,11911600,5827150000,0
2025-08-04,72.05731201171875,6329.93994140625,4.199999809265137,74.81999969482422,6329.93994140625,4.199999809265137,75.26000213623047,6330.68994140625,4.236000061035156,74.16000366210938,6271.7099609375,4.197999954223633,75.02999877929688,6271.7099609375,4.223999977111816,8839000,4842580000,0
2025-08-05,71.6335678100586,6299.18994140625,4.196000099182129,74.37999725341797,6299.18994140625,4.196000099182129,75.70999908447266,6346.0,4.22599983215332,74.23999786376953,6289.3701171875,4.188000202178955,74.91000366210938,6336.6298828125,4.211999893188477,6533800,5517410000,0
2025-08-06,72.69295501708984,6345.06005859375,4.21999979019165,75.4800033569336,6345.06005859375,4.21999979019165,75.9800033569336,6352.830078125,4.281000137329102,74.25,6301.10986328125,4.214000225067139,74.47000122070312,6309.2998046875,4.230000019073486,7579800,5408560000,0
2025-08-07,71.60467529296875,6340.0,4.24399995803833,74.3499984741211,6340.0,4.24399995803833,76.3499984741211,6389.7099609375,4.254000186920166,74.0,6310.31982421875,4.2210001945495605,76.31999969482422,6374.31982421875,4.236999988555908,8717600,5306090000,0
2025-08-08,71.45057678222656,6389.4501953125,4.284999847412109,74.19000244140625,6389.4501953125,4.284999847412109,74.95999908447266,6395.16015625,4.289000034332275,73.38999938964844,6355.22021484375,4.254000186920166,74.19999694824219,6355.22021484375,4.260000228881836,6739000,4769910000,0
2025-08-11,71.28684997558594,6373.4501953125,4.2729997634887695,74.0199966430664,6373.4501953125,4.2729997634887695,74.79000091552734,6407.25,4.284999847412109,73.05000305175781,6364.06005859375,4.257999897003174,74.31999969482422,6389.669921875,4.269000053405762,6985700,4652400000,0
2025-08-12,72.13436126708984,6445.759765625,4.293000221252441,74.9000015258789,6445.759765625,4.293000221252441,75.72000122070312,6446.5498046875,4.317999839782715,74.33999633789062,6385.759765625,4.245999813079834,74.72000122070312,6395.169921875,4.293000221252441,6397700,5135300000,0
2025-08-13,74.34943389892578,6466.580078125,4.23799991607666,77.19999694824219,6466.580078125,4.23799991607666,77.69000244140625,6480.27978515625,4.260000228881836,75.19000244140625,6445.02001953125,4.224999904632568,75.4800033569336,6462.669921875,4.260000228881836,13472600,5195950000,0
2025-08-14,73.5693359375,6468.5400390625,4.293000221252441,76.38999938964844,6468.5400390625,4.293000221252441,76.5999984741211,6473.919921875,4.296000003814697,75.3499984741211,6441.06982421875,4.203999996185303,75.91000366210938,6453.4599609375,4.208000183105469,7990500,4462050000,0
2025-08-15,74.1279296875,6449.7998046875,4.328000068664551,76.97000122070312,6449.7998046875,4.328000068664551,77.5,6481.33984375,4.331999778747559,76.16000366210938,6441.85009765625,4.281000137329102,76.73999786376953,6477.3798828125,4.293000221252441,9767700,4575060000,0
2025-08-18,74.57093811035156,6449.14990234375,4.341000080108643,77.43000030517578,6449.14990234375,4.341000080108643,78.26000213623047,6455.35009765625,4.35099983215332,76.8499984741211,6437.7001953125,4.295000076293945,77.11000061035156,6445.02001953125,4.297999858856201,9069100,4162290000,0
2025-08-19,74.04125213623047,6411.3701171875,4.302000045776367,76.87999725341797,6411.3701171875,4.302000045776367,78.79000091552734,6456.47998046875,4.326000213623047,76.68000030517578,6400.22021484375,4.297999858856201,78.19999694824219,6446.240234375,4.323999881744385,7684800,4377440000,0
2025-08-20,73.44414520263672,6395.77978515625,4.296000003814697,76.26000213623047,6395.77978515625,4.296000003814697,77.55999755859375,6408.39990234375,4.309999942779541,76.16000366210938,6343.85986328125,4.275000095367432,76.69000244140625,6406.6201171875,4.297999858856201,6282600,4470390000,0
2025-08-21,73.36709594726562,6370.169921875,4.329999923706055,76.18000030517578,6370.169921875,4.329999923706055,76.2300033569336,6393.64990234375,4.3470001220703125,75.12999725341797,6352.7099609375,4.296000003814697,75.69999694824219,6380.830078125,4.315999984741211,6354900,4013560000,0
2025-08-22,75.48585510253906,6466.91015625,4.260000228881836,78.37999725341797,6466.91015625,4.260000228881836,79.13999938964844,6478.89013671875,4.320000171661377,76.25,6384.58984375,4.242000102996826,76.54000091552734,6384.58984375,4.315999984741211,10985900,5046860000,0
2025-08-25,76.24668884277344,6439.31982421875,4.275000095367432,79.16999816894531,6439.31982421875,4.275000095367432,80.16999816894531,6466.89013671875,4.295000076293945,78.38999938964844,6438.06005859375,4.267000198364258,78.47000122070312,6457.669921875,4.281000137329102,12488900,4059070000,0
2025-08-26,75.74589538574219,6465.93994140625,4.257999897003174,78.6500015258789,6465.93994140625,4.257999897003174,79.4800033569336,6468.3701171875,4.290999889373779,78.37999725341797,6429.2099609375,4.254000186920166,79.0,6435.490234375,4.2769999504089355,6874800,4867680000,0
2025-08-27,75.17768859863281,6481.39990234375,4.23799991607666,78.05999755859375,6481.39990234375,4.23799991607666,79.51000213623047,6487.06005859375,4.290999889373779,77.6500015258789,6457.83984375,4.236000061035156,78.95999908447266,6462.259765625,4.2729997634887695,12636700,4143680000,0
2025-08-28,75.0428466796875,6501.85986328125,4.206999778747559,77.91999816894531,6501.85986328125,4.206999778747559,78.66000366210938,6508.22998046875,4.25,77.72000122070312,6466.9599609375,4.203000068664551,78.58000183105469,6483.83984375,4.234000205993652,7478600,4283760000,0
2025-08-29,74.51315307617188,6460.259765625,4.2270002365112305,77.37000274658203,6460.259765625,4.2270002365112305,79.12999725341797,6491.759765625,4.242000102996826,77.12000274658203,6444.56982421875,4.215000152587891,77.75,6489.27978515625,4.228000164031982,14208800,4234840000,0
2025-09-02,71.918701171875,6415.5400390625,4.2769999504089355,74.29000091552734,6415.5400390625,4.2769999504089355,76.05000305175781,6416.5400390625,4.306000232696533,74.0,6360.580078125,4.260000228881836,75.63999938964844,6401.509765625,4.297999858856201,15078700,4784000000,0
2025-09-03,72.35433959960938,6448.259765625,4.210999965667725,74.73999786376953,6448.259765625,4.210999965667725,75.18000030517578,6453.669921875,4.2829999923706055,73.91000366210938,6416.169921875,4.203000068664551,74.4000015258789,6445.81982421875,4.269000053405762,8300100,4465360000,0
2025-09-04,72.94486999511719,6502.080078125,4.176000118255615,75.3499984741211,6502.080078125,4.176000118255615,75.7699966430664,6502.5400390625,4.206999778747559,74.51000213623047,6445.97998046875,4.173999786376953,74.75,6456.60009765625,4.190000057220459,11096200,4670770000,0
2025-09-05,71.55082702636719,6481.5,4.085999965667725,73.91000366210938,6481.5,4.085999965667725,75.41000366210938,6532.64990234375,4.138000011444092,73.62999725341797,6443.97998046875,4.063000202178955,74.80000305175781,6529.080078125,4.138000011444092,13758400,5066120000,0
2025-09-08,71.78317260742188,6495.14990234375,4.046000003814697,74.1500015258789,6495.14990234375,4.046000003814697,74.58000183105469,6508.669921875,4.0879998207092285,73.70999908447266,6483.2900390625,4.044000148773193,74.26000213623047,6498.08984375,4.072000026702881,13793300,5211500000,0
2025-09-09,71.25072479248047,6512.60986328125,4.073999881744385,73.5999984741211,6512.60986328125,4.073999881744385,74.55000305175781,6518.22998046875,4.091000080108643,73.05000305175781,6483.080078125,4.039999961853027,73.98999786376953,6503.330078125,4.065000057220459,8740200,4798350000,0
2025-09-10,71.87997436523438,6532.0400390625,4.0320000648498535,74.25,6532.0400390625,4.0320000648498535,75.45999908447266,6555.97021484375,4.091000080108643,73.33000183105469,6516.33984375,4.026000022888184,75.25,6550.2900390625,4.0879998207092285,11359300,5253010000,0
2025-09-11,71.95742797851562,6587.47021484375,4.011000156402588,74.33000183105469,6587.47021484375,4.011000156402588,75.52999877929688,6592.89013671875,4.064000129699707,74.01000213623047,6545.7998046875,3.996000051498413,74.41000366210938,6554.41015625,4.051000118255615,9803400,5426460000,0
2025-09-12,70.66987609863281,6584.2900390625,4.060999870300293,73.0,6584.2900390625,4.060999870300293,74.27999877929688,6600.2099609375,4.083000183105469,71.93000030517578,6579.490234375,4.051000118255615,74.23999786376953,6590.66015625,4.052999973297119,11806000,4641640000,0
2025-09-15,70.69892120361328,6615.27978515625,4.033999919891357,73.02999877929688,6615.27978515625,4.033999919891357,73.20999908447266,6619.6201171875,4.059000015258789,72.58000183105469,6602.06982421875,4.03000020980835,73.18000030517578,6603.490234375,4.059000015258789,10323800,5045020000,0
2025-09-16,70.4278564453125,6606.759765625,4.026000022888184,72.75,6606.759765625,4.026000022888184,73.37999725341797,6626.990234375,4.064000129699707,72.08999633789062,6600.10986328125,4.021999835968018,72.80000305175781,6624.1298828125,4.040999889373779,8813600,5359510000,0
2025-09-17,70.00190734863281,6600.35009765625,4.076000213623047,72.30999755859375,6600.35009765625,4.076000213623047,73.31999969482422,6624.39013671875,4.080999851226807,71.61000061035156,6551.14990234375,3.992000102996826,73.06999969482422,6604.8701171875,4.02400016784668,11108700,5805340000,0
2025-09-18,69.79859924316406,6631.9599609375,4.104000091552734,72.0999984741211,6631.9599609375,4.104000091552734,73.5999984741211,6656.7998046875,4.13700008392334,71.62999725341797,6611.89013671875,4.061999797821045,73.44000244140625,6626.85009765625,4.064000129699707,14918400,5292400000,0
2025-09-19,68.62722778320312,6664.35986328125,4.138999938964844,70.88999938964844,6664.35986328125,4.138999938964844,72.25,6671.81982421875,4.14300012588501,70.73999786376953,6630.31005859375,4.116000175476074,72.01000213623047,6647.10986328125,4.13100004196167,33415600,9125960000,0
2025-09-22,69.00477600097656,6693.75,4.14300012588501,71.27999877929688,6693.75,4.14300012588501,72.48999786376953,6698.8798828125,4.150000095367432,70.43000030517578,6648.06982421875,4.122000217437744,70.79000091552734,6654.27978515625,4.13100004196167,12336300,5642620000,0
2025-09-23,68.66594696044922,6656.919921875,4.119999885559082,70.93000030517578,6656.919921875,4.119999885559082,72.41999816894531,6699.52001953125,4.14900016784668,70.7300033569336,6645.580078125,4.110000133514404,71.56999969482422,6692.43994140625,4.135000228881836,10432400,5633620000,0
2025-09-24,68.94670104980469,6637.97021484375,4.146999835968018,71.22000122070312,6637.97021484375,4.146999835968018,71.52999877929688,6672.66015625,4.1519999504089355,70.44999694824219,6621.759765625,4.126999855041504,70.66999816894531,6669.7900390625,4.129000186920166,10024500,5459180000,0
2025-09-25,67.02989959716797,6604.72021484375,4.171999931335449,69.23999786376953,6604.72021484375,4.171999931335449,71.16000366210938,6619.0,4.201000213623047,69.05000305175781,6569.22021484375,4.150000095367432,71.16000366210938,6608.18994140625,4.1539998054504395,13075300,5874670000,0
2025-09-26,67.09765625,6643.7001953125,4.186999797821045,69.30999755859375,6643.7001953125,4.186999797821045,69.44000244140625,6648.97021484375,4.197000026702881,68.02999877929688,6604.43017578125,4.1519999504089355,69.37999725341797,6615.3798828125,4.164000034332275,15627600,5103110000,0
2025-09-29,67.33000946044922,6661.2099609375,4.140999794006348,69.55000305175781,6661.2099609375,4.140999794006348,69.95999908447266,6677.31005859375,4.168000221252441,68.73999786376953,6644.490234375,4.135000228881836,69.7699966430664,6661.580078125,4.150000095367432,18479300,5358760000,0
2025-09-30,67.50425720214844,6688.4599609375,4.1479997634887695,69.7300033569336,6688.4599609375,4.1479997634887695,70.20999908447266,6691.25,4.1519999504089355,68.81999969482422,6641.0,4.105999946594238,70.06999969482422,6656.18994140625,4.132999897003174,40567700,6057210000,0
2025-10-01,71.83157348632812,6711.2001953125,4.105999946594238,74.19999694824219,6711.2001953125,4.105999946594238,74.69000244140625,6718.47998046875,4.129000186920166,71.61000061035156,6656.2001953125,4.089000225067139,74.3499984741211,6664.919921875,4.107999801635742,57921900,6037950000,0
2025-10-02,72.18976593017578,6715.35009765625,4.0879998207092285,74.56999969482422,6715.35009765625,4.0879998207092285,76.97000122070312,6731.93994140625,4.126999855041504,73.87999725341797,6693.22998046875,4.083000183105469,75.0,6731.31005859375,4.105999946594238,26254400,5416130000,0
2025-10-03,69.634033203125,6715.7900390625,4.11899995803833,71.93000030517578,6715.7900390625,4.11899995803833,74.77999877929688,6750.8701171875,4.11899995803833,71.91999816894531,6705.669921875,4.080999851226807,74.77999877929688,6722.14013671875,4.083000183105469,18794900,5713110000,0
2025-10-06,68.8982925415039,6740.27978515625,4.1620001792907715,71.16999816894531,6740.27978515625,4.1620001792907715,72.38999938964844,6749.52001953125,4.165999889373779,71.01000213623047,6717.77978515625,4.132999897003174,72.0199966430664,6733.85986328125,4.1620001792907715,14039600,5604460000,0
2025-10-07,66.71043395996094,6714.58984375,4.126999855041504,68.91000366210938,6714.58984375,4.126999855041504,71.58000183105469,6754.490234375,4.171000003814697,68.9000015258789,6699.9599609375,4.11299991607666,71.2300033569336,6746.14013671875,4.164000034332275,17368000,5546150000,0
2025-10-08,66.88468170166016,6753.72021484375,4.129000186920166,69.08999633789062,6753.72021484375,4.129000186920166,69.43000030517578,6755.64013671875,4.136000156402588,68.66999816894531,6718.08984375,4.0960001945495605,68.91000366210938,6723.8701171875,4.104000091552734,13051800,5383130000,0
2025-10-09,65.88755798339844,6735.10986328125,4.1479997634887695,68.05999755859375,6735.10986328125,4.1479997634887695,69.66000366210938,6764.580078125,4.1519999504089355,67.88999938964844,6716.169921875,4.126999855041504,69.55000305175781,6760.5,4.132999897003174,13410900,5385020000,0
2025-10-10,63.13821029663086,6552.509765625,4.051000118255615,65.22000122070312,6552.509765625,4.051000118255615,68.48999786376953,6762.39990234375,4.105000019073486,64.87999725341797,6550.77978515625,4.044000148773193,68.18000030517578,6740.490234375,4.0980000495910645,18806100,6596610000,0
2025-10-13,65.22926330566406,6654.72021484375,4.051000118255615,67.37999725341797,6654.72021484375,4.051000118255615,67.5199966430664,6668.68017578125,4.051000118255615,65.55000305175781,6620.7099609375,4.051000118255615,65.69999694824219,6622.52978515625,4.051000118255615,13191200,5303960000,0
2025-10-14,65.48096466064453,6644.31005859375,4.021999835968018,67.63999938964844,6644.31005859375,4.021999835968018,68.0,6680.7001953125,4.051000118255615,66.05999755859375,6555.06982421875,4.014999866485596,66.47000122070312,6602.490234375,4.019000053405762,9483700,5666920000,0
2025-10-15,66.27478790283203,6671.06005859375,4.046000003814697,68.45999908447266,6671.06005859375,4.046000003814697,69.52999877929688,6724.1201171875,4.046999931335449,68.12999725341797,6612.10986328125,4.000999927520752,68.58000183105469,6688.27001953125,4.02400016784668,13001500,5633060000,0
2025-10-16,64.70650482177734,6629.06982421875,3.9760000705718994,66.83999633789062,6629.06982421875,3.9760000705718994,69.04000091552734,6709.33984375,4.051000118255615,66.58000183105469,6593.990234375,3.9709999561309814,68.5999984741211,6689.02001953125,4.019000053405762,15349700,6048180000,0
2025-10-17,65.21958923339844,6664.009765625,4.006999969482422,67.37000274658203,6664.009765625,4.006999969482422,67.7699966430664,6678.8798828125,4.017000198364258,66.31999969482422,6603.759765625,3.990000009536743,66.62999725341797,6613.27001953125,3.994999885559082,10054000,5358120000,0
2025-10-20,65.46160125732422,6735.1298828125,3.9860000610351562,67.62000274658203,6735.1298828125,3.9860000610351562,68.18000030517578,6744.35009765625,4.005000114440918,67.47000122070312,6690.0498046875,3.9860000610351562,67.55999755859375,6690.0498046875,4.005000114440918,9670000,4672170000,0
2025-10-21,66.17798614501953,6735.35009765625,3.9630000591278076,68.36000061035156,6735.35009765625,3.9630000591278076,69.29000091552734,6752.16015625,3.9760000705718994,67.41000366210938,6722.02978515625,3.947000026702881,67.75,6736.75,3.9760000705718994,9659200,5245020000,0
2025-10-22,66.87500762939453,6699.39990234375,3.953000068664551,69.08000183105469,6699.39990234375,3.953000068664551,69.36000061035156,6741.75,3.9779999256134033,67.95999908447266,6655.68994140625,3.947000026702881,68.22000122070312,6741.33984375,3.9509999752044678,8096100,5710010000,0
2025-10-23,67.45585632324219,6738.43994140625,3.990999937057495,69.68000030517578,6738.43994140625,3.990999937057495,69.88999938964844,6749.52978515625,4.005000114440918,68.73999786376953,6700.14013671875,3.9779999256134033,69.08999633789062,6703.64990234375,3.989000082015991,9124900,5565750000,0
2025-10-24,66.90404510498047,6791.68994140625,3.996999979019165,69.11000061035156,6791.68994140625,3.996999979019165,70.08000183105469,6807.10986328125,4.015999794006348,68.91000366210938,6772.06982421875,3.9639999866485596,69.70999908447266,6772.06982421875,4.01200008392334,7102900,5058220000,0
2025-10-27,66.40064239501953,6875.16015625,3.996999979019165,68.58999633789062,6875.16015625,3.996999979019165,70.44000244140625,6877.27978515625,4.0329999923706055,68.26000213623047,6843.93994140625,3.994999885559082,70.04000091552734,6845.4599609375,4.019999980926514,9838100,5290650000,0
2025-10-28,65.27767181396484,6890.89013671875,3.9830000400543213,67.43000030517578,6890.89013671875,3.9830000400543213,68.61000061035156,6911.2998046875,4.004000186920166,67.05000305175781,6870.72998046875,3.9700000286102295,68.11000061035156,6897.740234375,3.9830000400543213,11262400,5695930000,0
2025-10-29,63.26406478881836,6890.58984375,4.058000087738037,65.3499984741211,6890.58984375,4.058000087738037,67.19000244140625,6920.33984375,4.058000087738037,64.94999694824219,6851.91015625,3.9830000400543213,67.01000213623047,6910.9501953125,3.994999885559082,15143100,6280130000,0
2025-10-30,62.828426361083984,6822.33984375,4.0929999351501465,64.9000015258789,6822.33984375,4.0929999351501465,66.0,6880.75,4.116000175476074,64.56999969482422,6820.68994140625,4.067999839782715,65.18000030517578,6860.5,4.098999977111816,13895200,6052700000,0
2025-10-31,62.5283203125,6840.2001953125,4.10099983215332,64.58999633789062,6840.2001953125,4.10099983215332,65.25,6879.169921875,4.103000164031982,64.25,6814.259765625,4.076000213623047,65.0,6879.169921875,4.10099983215332,17822500,6398280000,0
2025-11-03,60.650245666503906,6851.97021484375,4.105999946594238,62.650001525878906,6851.97021484375,4.105999946594238,64.8499984741211,6882.31982421875,4.122000217437744,62.34000015258789,6820.6201171875,4.0970001220703125,64.72000122070312,6882.31982421875,4.105999946594238,22633300,6065720000,0
2025-11-04,59.275569915771484,6771.5498046875,4.089000225067139,61.22999954223633,6771.5498046875,4.089000225067139,62.59000015258789,6820.2099609375,4.10099983215332,61.119998931884766,6766.7099609375,4.078999996185303,62.41999816894531,6788.52001953125,4.0970001220703125,13725400,5739510000,0
2025-11-05,60.12748336791992,6796.2900390625,4.1570000648498535,62.11000061035156,6796.2900390625,4.1570000648498535,62.849998474121094,6829.77978515625,4.160999774932861,60.86000061035156,6763.10986328125,4.0929999351501465,61.279998779296875,6769.77001953125,4.0970001220703125,20979800,5939600000,0
2025-11-06,59.91450500488281,6720.31982421875,4.0929999351501465,61.88999938964844,6720.31982421875,4.0929999351501465,62.47999954223633,6796.68017578125,4.131999969482422,61.66999816894531,6707.509765625,4.077000141143799,61.880001068115234,6787.58984375,4.131999969482422,15164600,6051900000,0
2025-11-07,59.14004135131836,6728.7998046875,4.0929999351501465,61.09000015258789,6728.7998046875,4.0929999351501465,62.18000030517578,6730.10986328125,4.111999988555908,60.290000915527344,6631.43994140625,4.065999984741211,61.7400016784668,6696.18017578125,4.086999893188477,15504800,5926070000,0
2025-11-10,58.85929870605469,6832.43017578125,4.110000133514404,60.79999923706055,6832.43017578125,4.110000133514404,62.09000015258789,6841.31982421875,4.138000011444092,60.4900016784668,6770.56005859375,4.0980000495910645,61.75,6785.35986328125,4.136000156402588,13063100,5366050000,0
2025-11-11,61.1342887878418,6846.60986328125,4.119999885559082,63.150001525878906,6846.60986328125,4.119999885559082,63.599998474121094,6855.1298828125,4.119999885559082,61.2400016784668,6806.8701171875,4.119999885559082,61.72999954223633,6815.64013671875,4.119999885559082,17646400,4983490000,0
2025-11-12,62.15076446533203,6850.919921875,4.065000057220459,64.19999694824219,6850.919921875,4.065000057220459,65.19000244140625,6869.91015625,4.091000080108643,63.7400016784668,6829.6201171875,4.056000232696533,64.0999984741211,6867.77001953125,4.074999809265137,14812200,5293610000,0
2025-11-13,63.922359466552734,6737.490234375,4.111999988555908,66.02999877929688,6737.490234375,4.111999988555908,66.26000213623047,6828.0498046875,4.117000102996826,64.87999725341797,6724.72021484375,4.0879998207092285,65.70999908447266,6826.47021484375,4.104000091552734,21923600,5473720000,0
2025-11-14,62.12172317504883,6734.10986328125,4.1479997634887695,64.16999816894531,6734.10986328125,4.1479997634887695,65.05999755859375,6774.31005859375,4.1479997634887695,63.75,6646.8701171875,4.065000057220459,64.94000244140625,6672.14013671875,4.066999912261963,17760100,5042660000,0
2025-11-17,60.89226531982422,6672.41015625,4.132999897003174,62.900001525878906,6672.41015625,4.132999897003174,63.540000915527344,6754.5,4.145999908447266,62.2599983215332,6638.89990234375,4.125,63.06999969482422,6713.60986328125,4.138999938964844,17064700,5204220000,0
2025-11-18,60.49535369873047,6617.31982421875,4.123000144958496,62.4900016784668,6617.31982421875,4.123000144958496,62.7599983215332,6666.6298828125,4.138999938964844,61.68000030517578,6574.31982421875,4.085000038146973,62.400001525878906,6641.18994140625,4.105999946594238,14614600,5159390000,0
2025-11-19,60.640567779541016,6642.16015625,4.132999897003174,62.63999938964844,6642.16015625,4.132999897003174,63.220001220703125,6689.75,4.135000228881836,62.0099983215332,6603.5,4.0980000495910645,62.43000030517578,6625.83984375,4.110000133514404,11732100,5021610000,0
2025-11-20,59.46918487548828,6538.759765625,4.105999946594238,61.43000030517578,6538.759765625,4.105999946594238,63.83000183105469,6770.35009765625,4.1620001792907715,61.40999984741211,6534.0498046875,4.085999965667725,62.95000076293945,6737.93017578125,4.145999908447266,13886600,5596080000,0
2025-11-21,60.79545593261719,6602.990234375,4.063000202178955,62.79999923706055,6602.990234375,4.063000202178955,63.5,6660.0498046875,4.085999965667725,61.540000915527344,6521.919921875,4.053999900817871,62.0099983215332,6555.77001953125,4.071000099182129,12476900,5929930000,0
2025-11-24,59.95322799682617,6705.1201171875,4.038000106811523,61.93000030517578,6705.1201171875,4.038000106811523,63.06999969482422,6715.75,4.060999870300293,61.93000030517578,6630.7001953125,4.0320000648498535,62.5099983215332,6636.5400390625,4.056000232696533,16681700,6039740000,0
2025-11-25,61.64736557006836,6765.8798828125,4.001999855041504,63.68000030517578,6765.8798828125,4.001999855041504,64.12000274658203,6776.39990234375,4.0269999504089355,61.869998931884766,6659.97998046875,3.98799991607666,62.34000015258789,6697.02978515625,4.013000011444092,11527200,5003330000,0
2025-11-26,62.2766227722168,6812.60986328125,3.997999906539917,64.33000183105469,6812.60986328125,3.997999906539917,64.87000274658203,6831.43994140625,4.041999816894531,62.970001220703125,6783.8701171875,3.996000051498413,63.5,6793.5498046875,4.0,13791000,4485000000,0
2025-11-28,62.567047119140625,6849.08984375,4.017000198364258,64.62999725341797,6849.08984375,4.017000198364258,64.77999877929688,6850.85986328125,4.035999774932861,63.970001220703125,6819.75,3.990000009536743,64.47000122070312,6822.52001953125,3.990000009536743,4941400,2558540000,0
2025-12-01,63.70692443847656,6812.6298828125,4.0960001945495605,65.38999938964844,6812.6298828125,4.0960001945495605,65.98999786376953,6843.64990234375,4.0980000495910645,63.58000183105469,6799.93994140625,4.050000190734863,63.77000045776367,6812.2998046875,4.050000190734863,12047300,4549370000,0
2025-12-02,63.25876998901367,6829.3701171875,4.085999965667725,64.93000030517578,6829.3701171875,4.085999965667725,65.47000122070312,6851.5498046875,4.113999843597412,64.58000183105469,6806.7099609375,4.080999851226807,65.44999694824219,6830.9599609375,4.110000133514404,9051200,4582290000,0
2025-12-03,63.960235595703125,6849.72021484375,4.057000160217285,65.6500015258789,6849.72021484375,4.057000160217285,66.66000366210938,6862.419921875,4.085999965667725,64.9800033569336,6810.43017578125,4.052000045776367,65.08000183105469,6815.2900390625,4.053999900817871,12028300,4736780000,0
2025-12-04,63.99920654296875,6857.1201171875,4.107999801635742,65.69000244140625,6857.1201171875,4.107999801635742,66.0999984741211,6866.47021484375,4.110000133514404,65.01000213623047,6827.1201171875,4.083000183105469,65.5999984741211,6866.47021484375,4.093999862670898,10619500,4872440000,0
2025-12-05,64.16482543945312,6870.39990234375,4.138999938964844,65.86000061035156,6870.39990234375,4.138999938964844,66.08000183105469,6895.77978515625,4.144999980926514,64.87999725341797,6858.2900390625,4.0980000495910645,65.69999694824219,6866.31982421875,4.118000030517578,10917900,4944560000,0
2025-12-08,61.90454864501953,6846.509765625,4.171999931335449,63.540000915527344,6846.509765625,4.171999931335449,65.80000305175781,6878.27001953125,4.191999912261963,63.27000045776367,6827.18994140625,4.14300012588501,65.5999984741211,6875.2001953125,4.14300012588501,12867300,4757130000,0
2025-12-09,61.699954986572266,6840.509765625,4.185999870300293,63.33000183105469,6840.509765625,4.185999870300293,63.95000076293945,6864.919921875,4.190000057220459,62.970001220703125,6837.43017578125,4.14300012588501,63.5099983215332,6840.60986328125,4.1620001792907715,9300200,4508050000,0
2025-12-10,64.09663391113281,6886.68017578125,4.164000034332275,65.79000091552734,6886.68017578125,4.164000034332275,66.1500015258789,6900.669921875,4.203999996185303,63.7599983215332,6824.68994140625,4.146999835968018,63.97999954223633,6833.490234375,4.202000141143799,20302100,5526570000,0
2025-12-11,65.99644470214844,6901.0,4.140999794006348,67.73999786376953,6901.0,4.140999794006348,67.81999969482422,6903.4599609375,4.14300012588501,65.55999755859375,6833.4501953125,4.1020002365112305,65.83000183105469,6861.2998046875,4.13100004196167,16153500,5021060000,0
2025-12-12,65.73339080810547,6827.41015625,4.193999767303467,67.47000122070312,6827.41015625,4.193999767303467,69.13999938964844,6899.85009765625,4.199999809265137,67.12000274658203,6801.7900390625,4.177999973297119,68.16999816894531,6886.85009765625,4.177999973297119,14829200,4910160000,0
2025-12-15,66.03540802001953,6816.509765625,4.182000160217285,67.77999877929688,6816.509765625,4.182000160217285,68.3499984741211,6861.58984375,4.185999870300293,66.69000244140625,6801.490234375,4.151000022888184,67.41000366210938,6860.18994140625,4.170000076293945,15287500,4975600000,0
2025-12-16,65.39240264892578,6800.259765625,4.14900016784668,67.12000274658203,6800.259765625,4.14900016784668,68.19999694824219,6819.27001953125,4.196000099182129,66.73999786376953,6759.740234375,4.14300012588501,67.29000091552734,6800.1201171875,4.170000076293945,16376700,4983180000,0
2025-12-17,63.99920654296875,6721.43017578125,4.151000022888184,65.69000244140625,6721.43017578125,4.151000022888184,66.83000183105469,6812.259765625,4.170000076293945,65.62000274658203,6720.43017578125,4.14300012588501,66.55999755859375,6802.8798828125,4.163000106811523,13205500,5122120000,0
2025-12-18,63.94075012207031,6774.759765625,4.116000175476074,65.62999725341797,6774.759765625,4.116000175476074,67.0,6816.1298828125,4.13700008392334,65.4000015258789,6758.5,4.107999801635742,66.01000213623047,6778.06005859375,4.125,35650000,5101190000,0
2025-12-19,57.1988639831543,6834.5,4.151000022888184,58.709999084472656,6834.5,4.151000022888184,60.380001068115234,6840.02001953125,4.1570000648498535,58.220001220703125,6792.6201171875,4.130000114440918,59.20000076293945,6792.6201171875,4.146999835968018,108652700,8554470000,0
2025-12-22,55.74721908569336,6878.490234375,4.169000148773193,57.220001220703125,6878.490234375,4.169000148773193,59.08000183105469,6882.02978515625,4.175000190734863,57.13999938964844,6855.740234375,4.15500020980835,58.9900016784668,6865.2099609375,4.166999816894531,38695900,4465030000,0
2025-12-23,55.86412811279297,6909.7900390625,4.169000148773193,57.34000015258789,6909.7900390625,4.169000148773193,57.599998474121094,6910.8798828125,4.202000141143799,56.9900016784668,6868.81005859375,4.151000022888184,57.18000030517578,6872.41015625,4.151000022888184,23276700,3820560000,0
2025-12-24,58.455665588378906,6932.0498046875,4.136000156402588,60.0,6932.0498046875,4.136000156402588,60.58000183105469,6937.31982421875,4.166999816894531,58.880001068115234,6904.91015625,4.131999969482422,58.880001068115234,6904.91015625,4.166999816894531,36073300,1798270000,0
2025-12-26,59.361724853515625,6929.93994140625,4.136000156402588,60.93000030517578,6929.93994140625,4.136000156402588,60.93000030517578,6945.77001953125,4.144999980926514,59.86000061035156,6921.60009765625,4.110000133514404,60.0,6936.02001953125,4.122000217437744,22303600,2586550000,0
2025-12-29,59.634517669677734,6905.740234375,4.116000175476074,61.209999084472656,6905.740234375,4.116000175476074,61.75,6920.2099609375,4.130000114440918,60.5099983215332,6888.759765625,4.107999801635742,60.540000915527344,6903.60009765625,4.116000175476074,18062100,3541750000,0
2025-12-30,59.615028381347656,6896.240234375,4.130000114440918,61.189998626708984,6896.240234375,4.130000114440918,61.29999923706055,6913.25,4.140999794006348,60.63999938964844,6893.47021484375,4.116000175476074,61.29999923706055,6900.43994140625,4.140999794006348,13507800,3309930000,0
2025-12-31,62.070167541503906,6845.5,4.163000106811523,63.709999084472656,6845.5,4.163000106811523,64.19999694824219,6901.419921875,4.172999858856201,61.91999816894531,6844.5498046875,4.125999927520752,62.25,6898.81982421875,4.125999927520752,35457400,3261830000,0
2026-01-02,61.65123748779297,6858.47021484375,4.186999797821045,63.279998779296875,6858.47021484375,4.186999797821045,64.12999725341797,6894.8701171875,4.197000026702881,62.54999923706055,6824.31005859375,4.158999919891357,64.0,6878.10986328125,4.160999774932861,22284100,4184120000,0
2026-01-05,62.86906433105469,6902.0498046875,4.164999961853027,64.52999877929688,6902.0498046875,4.164999961853027,65.37000274658203,6920.3798828125,4.190999984741211,63.38999938964844,6891.56005859375,4.1529998779296875,63.7400016784668,6892.18994140625,4.183000087738037,23482500,5771930000,0
2026-01-06,63.6679573059082,6944.81982421875,4.178999900817871,65.3499984741211,6944.81982421875,4.178999900817871,65.43000030517578,6948.68994140625,4.197000026702881,63.40999984741211,6904.02001953125,4.164999961853027,64.05999755859375,6908.02978515625,4.172999858856201,19973200,5509680000,0
2026-01-07,61.59278106689453,6920.93017578125,4.138000011444092,63.220001220703125,6920.93017578125,4.138000011444092,65.61000061035156,6965.68994140625,4.160999774932861,63.189998626708984,6919.18994140625,4.124000072479248,65.5199966430664,6945.06982421875,4.131999969482422,18284100,5214480000,0
2026-01-08,63.58028030395508,6921.4599609375,4.183000087738037,65.26000213623047,6921.4599609375,4.183000087738037,65.73999786376953,6931.27978515625,4.186999797821045,61.70000076293945,6899.330078125,4.160999774932861,62.18000030517578,6914.10986328125,4.166999816894531,21573900,5333200000,0
2026-01-09,64.22328186035156,6966.27978515625,4.171000003814697,65.91999816894531,6966.27978515625,4.171000003814697,66.54000091552734,6978.35986328125,4.210999965667725,64.4000015258789,6917.64013671875,4.158999919891357,65.11000061035156,6927.830078125,4.186999797821045,18470400,5163900000,0
2026-01-12,63.950496673583984,6977.27001953125,4.186999797821045,65.63999938964844,6977.27001953125,4.186999797821045,66.33999633789062,6986.330078125,4.201000213623047,64.23999786376953,6934.06982421875,4.169000148773193,65.25,6944.1201171875,4.197000026702881,13901100,5019040000,0
2026-01-13,64.593505859375,6963.740234375,4.171000003814697,66.30000305175781,6963.740234375,4.171000003814697,67.08000183105469,6985.830078125,4.195000171661377,65.8499984741211,6938.77001953125,4.156000137329102,66.25,6977.41015625,4.192999839782715,13685200,5091730000,0
2026-01-14,63.88228988647461,6926.60009765625,4.139999866485596,65.56999969482422,6926.60009765625,4.139999866485596,67.12999725341797,6941.2998046875,4.169000148773193,65.04000091552734,6885.740234375,4.131999969482422,66.29000091552734,6937.41015625,4.159999847412109,15939100,5530830000,0
2026-01-15,62.92751693725586,6944.47021484375,4.159999847412109,64.58999633789062,6944.47021484375,4.159999847412109,65.76000213623047,6979.33984375,4.164000034332275,64.20999908447266,6937.93017578125,4.136000156402588,65.76000213623047,6969.4599609375,4.138000011444092,13295300,5114050000,0
2026-01-16,62.72291946411133,6940.009765625,4.230999946594238,64.37999725341797,6940.009765625,4.230999946594238,64.58999633789062,6967.2998046875,4.232999801635742,63.68000030517578,6925.08984375,4.181000232696533,64.38999938964844,6960.5400390625,4.195000171661377,15903000,5356550000,0
2026-01-20,61.99222946166992,6796.85986328125,4.295000076293945,63.630001068115234,6796.85986328125,4.295000076293945,64.58000183105469,6871.169921875,4.310999870300293,63.02000045776367,6789.0498046875,4.269000053405762,63.4900016784668,6865.240234375,4.2789998054504395,20406000,5769500000,0
2026-01-21,63.726417541503906,6875.6201171875,4.252999782562256,65.41000366210938,6875.6201171875,4.252999782562256,65.41999816894531,6910.39013671875,4.301000118255615,63.61000061035156,6804.9599609375,4.249000072479248,63.880001068115234,6810.7099609375,4.281000137329102,17166400,5835520000,0
2026-01-22,63.77513122558594,6913.35009765625,4.249000072479248,65.45999908447266,6913.35009765625,4.249000072479248,66.55000305175781,6934.75,4.2769999504089355,65.25,6893.6201171875,4.243000030517578,65.41000366210938,6914.43994140625,4.258999824523926,11853700,5307580000,0
2026-01-23,63.36594009399414,6915.60986328125,4.238999843597412,65.04000091552734,6915.60986328125,4.238999843597412,65.44999694824219,6932.9599609375,4.263000011444092,64.44000244140625,6895.5,4.232999801635742,65.25,6907.85009765625,4.236999988555908,11243900,4871930000,0
2026-01-26,63.31721878051758,6950.22998046875,4.2129998207092285,64.98999786376953,6950.22998046875,4.2129998207092285,65.63999938964844,6964.66015625,4.229000091552734,64.77999877929688,6921.60009765625,4.203000068664551,64.80999755859375,6923.22998046875,4.2129998207092285,14765900,4968050000,0
2026-01-27,61.466129302978516,6978.60009765625,4.2230000495910645,63.09000015258789,6978.60009765625,4.2230000495910645,64.83000183105469,6988.81982421875,4.238999843597412,62.880001068115234,6958.830078125,4.206999778747559,64.75,6965.9599609375,4.235000133514404,13536700,5331720000,0
2026-01-28,60.63800811767578,6978.02978515625,4.250999927520752,62.2400016784668,6978.02978515625,4.250999927520752,63.47999954223633,7002.27978515625,4.270999908447266,61.970001220703125,6963.4599609375,4.235000133514404,63.04999923706055,7002.0,4.235000133514404,10363600,5507670000,0
2026-01-29,60.988739013671875,6969.009765625,4.2270002365112305,62.599998474121094,6969.009765625,4.2270002365112305,62.939998626708984,6992.83984375,4.270999908447266,61.459999084472656,6870.7998046875,4.2230000495910645,61.93000030517578,6977.740234375,4.247000217437744,12739400,6877780000,0
2026-01-30,60.21907424926758,6939.02978515625,4.241000175476074,61.810001373291016,6939.02978515625,4.241000175476074,62.52000045776367,6964.08984375,4.261000156402588,61.02000045776367,6893.47998046875,4.236000061035156,62.2400016784668,6947.27001953125,4.247000217437744,14309200,6697340000,0
2026-02-02,60.579551696777344,6976.43994140625,4.275000095367432,62.18000030517578,6976.43994140625,4.275000095367432,62.56999969482422,6991.919921875,4.281000137329102,61.150001525878906,6914.33984375,4.230999946594238,61.65999984741211,6916.64013671875,4.236000061035156,11006300,5772050000,0
2026-02-03,59.361724853515625,6917.81005859375,4.27400016784668,60.93000030517578,6917.81005859375,4.27400016784668,62.529998779296875,6993.080078125,4.300000190734863,60.43000030517578,6862.0498046875,4.265999794006348,61.779998779296875,6985.4501953125,4.289999961853027,17322100,7017660000,0
2026-02-04,62.567047119140625,6882.72021484375,4.275000095367432,64.22000122070312,6882.72021484375,4.275000095367432,64.41000366210938,6936.08984375,4.289999961853027,61.5099983215332,6838.7998046875,4.261000156402588,61.720001220703125,6924.5,4.26800012588501,20957700,7475750000,0
2026-02-05,61.0861701965332,6798.39990234375,4.210000038146973,62.70000076293945,6798.39990234375,4.210000038146973,64.58000183105469,6857.85009765625,4.25600004196167,62.09000015258789,6780.1298828125,4.203999996185303,64.19000244140625,6837.39013671875,4.251999855041504,12506200,6989120000,0
2026-02-06,62.27476119995117,6932.2998046875,4.205999851226807,63.91999816894531,6932.2998046875,4.205999851226807,64.23999786376953,6944.89013671875,4.223999977111816,63.0,6816.740234375,4.193999767303467,63.0099983215332,6816.740234375,4.203999996185303,11961500,6283680000,0
2026-02-09,60.80363082885742,6964.81982421875,4.197999954223633,62.40999984741211,6964.81982421875,4.197999954223633,63.90999984741211,6980.10009765625,4.23799991607666,62.369998931884766,6905.8701171875,4.196000099182129,63.56999969482422,6917.259765625,4.23799991607666,12920800,5650260000,0
2026-02-10,61.41741943359375,6941.81005859375,4.146999835968018,63.040000915527344,6941.81005859375,4.146999835968018,64.19000244140625,6986.830078125,4.176000118255615,62.290000915527344,6937.52978515625,4.135000228881836,63.0,6974.490234375,4.176000118255615,13003400,5595950000,0
2026-02-11,60.74517059326172,6941.47021484375,4.171999931335449,62.349998474121094,6941.47021484375,4.171999931335449,64.01000213623047,6993.47998046875,4.205999851226807,61.68000030517578,6911.97021484375,4.125,63.900001525878906,6976.47998046875,4.132999897003174,15511900,6175510000,0
2026-02-12,59.527347564697266,6832.759765625,4.104000091552734,61.099998474121094,6832.759765625,4.104000091552734,62.720001220703125,6973.22021484375,4.169000148773193,60.849998474121094,6824.0400390625,4.099999904632568,62.33000183105469,6957.5400390625,4.1579999923706055,13602400,7118700000,0
2026-02-13,61.50510025024414,6836.169921875,4.056000232696533,63.130001068115234,6836.169921875,4.056000232696533,63.380001068115234,6881.9599609375,4.105999946594238,61.59000015258789,6794.5498046875,4.046000003814697,61.59000015258789,6834.27001953125,4.099999904632568,20180900,5718360000,0
2026-02-17,63.1515998840332,6843.22021484375,4.052000045776367,64.81999969482422,6843.22021484375,4.052000045776367,64.81999969482422,6866.990234375,4.059999942779541,62.939998626708984,6775.5,4.025000095367432,62.939998626708984,6819.85986328125,4.031000137329102,12347500,5418480000,0
2026-02-18,63.862815856933594,6881.31005859375,4.078999996185303,65.55000305175781,6881.31005859375,4.078999996185303,66.1500015258789,6909.1201171875,4.0879998207092285,64.30999755859375,6849.66015625,4.059999942779541,64.30999755859375,6855.47998046875,4.064000129699707,11211500,5098160000,0
2026-02-19,63.921260833740234,6861.89013671875,4.074999809265137,65.61000061035156,6861.89013671875,4.074999809265137,65.83999633789062,6879.1201171875,4.105999946594238,64.25,6833.06005859375,4.065000057220459,65.19999694824219,6861.33984375,4.104000091552734,10778300,5151690000,0
2026-02-20,63.716670989990234,6909.509765625,4.085999965667725,65.4000015258789,6909.509765625,4.085999965667725,68.48999786376953,6915.85986328125,4.104000091552734,63.33000183105469,6836.330078125,4.059999942779541,65.30000305175781,6843.259765625,4.059999942779541,33436800,5432480000,0
2026-02-23,61.466129302978516,6837.75,4.0289998054504395,63.09000015258789,6837.75,4.0289998054504395,64.97000122070312,6916.9599609375,4.074999809265137,62.04999923706055,6819.81982421875,4.01800012588501,64.5999984741211,6901.25,4.074999809265137,17748800,5638350000,0
2026-02-24,62.44038391113281,6890.06982421875,4.0329999923706055,64.08999633789062,6890.06982421875,4.0329999923706055,64.69999694824219,6899.169921875,4.046000003814697,62.599998474121094,6815.43017578125,4.0269999504089355,63.279998779296875,6837.3701171875,4.041999816894531,14296100,5266090000,0
2026-02-25,61.768150329589844,6946.1298828125,4.047999858856201,63.400001525878906,6946.1298828125,4.047999858856201,64.22000122070312,6952.509765625,4.058000087738037,63.2599983215332,6915.14990234375,4.034999847412109,63.88999938964844,6915.14990234375,4.056000232696533,9500800,5328060000,0
2026-02-26,62.30399703979492,6908.85986328125,4.017000198364258,63.95000076293945,6908.85986328125,4.017000198364258,65.05999755859375,6947.25,4.047999858856201,63.779998779296875,6859.72998046875,4.013999938964844,64.20999908447266,6944.740234375,4.041999816894531,10319100,5889550000,0
2026-02-27,60.579551696777344,6878.8798828125,3.9619998931884766,62.18000030517578,6878.8798828125,3.9619998931884766,62.720001220703125,6882.9599609375,3.99399995803833,61.52000045776367,6831.740234375,3.9560000896453857,62.720001220703125,6856.5400390625,3.9790000915527344,18017400,6665660000,0
2026-03-02,59.83419418334961,6881.6201171875,4.047999858856201,61.0099983215332,6881.6201171875,4.047999858856201,61.529998779296875,6901.009765625,4.066999912261963,59.13999938964844,6796.85009765625,3.996000051498413,59.900001525878906,6824.35986328125,3.997999906539917,15335000,6079080000,0
2026-03-03,58.245418548583984,6816.6298828125,4.056000232696533,59.38999938964844,6816.6298828125,4.056000232696533,60.11000061035156,6840.0498046875,4.117000102996826,58.619998931884766,6710.419921875,4.039999961853027,59.439998626708984,6800.259765625,4.093999862670898,17438600,6442080000,0
2026-03-04,57.50987243652344,6869.5,4.079999923706055,58.63999938964844,6869.5,4.079999923706055,59.4900016784668,6885.93994140625,4.0879998207092285,58.61000061035156,6811.64013671875,4.063000202178955,59.189998626708984,6831.68994140625,4.077000141143799,15971300,5252170000,0
2026-03-05,56.901824951171875,6830.7099609375,4.145999908447266,58.02000045776367,6830.7099609375,4.145999908447266,58.790000915527344,6870.43017578125,4.1479997634887695,57.43000030517578,6770.77978515625,4.123000144958496,58.599998474121094,6851.080078125,4.132999897003174,22040200,5989300000,0
2026-03-06,55.911285400390625,6740.02001953125,4.132999897003174,57.0099983215332,6740.02001953125,4.132999897003174,57.54999923706055,6773.419921875,4.186999797821045,56.7599983215332,6711.56005859375,4.105000019073486,57.470001220703125,6769.02978515625,4.164999961853027,16323700,5793120000,0
2026-03-09,55.44053649902344,6795.990234375,4.136000156402588,56.529998779296875,6795.990234375,4.136000156402588,56.709999084472656,6810.43994140625,4.177000045776367,55.38999938964844,6636.0400390625,4.117000102996826,55.7400016784668,6699.7998046875,4.172999858856201,18053100,6709410000,0
2026-03-10,54.99921417236328,6781.47998046875,4.136000156402588,56.08000183105469,6781.47998046875,4.136000156402588,57.2400016784668,6845.080078125,4.1539998054504395,55.79999923706055,6759.740234375,4.104000091552734,56.70000076293945,6796.56005859375,4.131999969482422,15706400,5944950000,0
2026-03-11,54.62653732299805,6775.7998046875,4.208000183105469,55.70000076293945,6775.7998046875,4.208000183105469,57.599998474121094,6811.14990234375,4.22599983215332,55.40999984741211,6745.58984375,4.164999961853027,57.599998474121094,6790.08984375,4.177000045776367,20245300,5511090000,0
2026-03-12,53.0867919921875,6672.6201171875,4.2729997634887695,54.130001068115234,6672.6201171875,4.2729997634887695,55.459999084472656,6740.8798828125,4.2729997634887695,54.029998779296875,6670.39990234375,4.216000080108643,55.279998779296875,6740.8798828125,4.22599983215332,18611800,6292170000,0
2026-03-13,52.93968200683594,6632.18994140625,4.284999847412109,53.97999954223633,6632.18994140625,4.284999847412109,54.869998931884766,6733.2998046875,4.289999961853027,53.7400016784668,6623.919921875,4.236000061035156,54.34000015258789,6673.490234375,4.263000011444092,14377100,5337120000,0
2026-03-16,53.734073638916016,6699.3798828125,4.21999979019165,54.790000915527344,6699.3798828125,4.21999979019165,55.06999969482422,6729.7900390625,4.244999885559082,53.97999954223633,6674.3701171875,4.2179999351501465,54.27000045776367,6674.3701171875,4.236000061035156,13115200,5176290000,0
2026-03-17,54.05771255493164,6716.08984375,4.202000141143799,55.119998931884766,6716.08984375,4.202000141143799,55.68000030517578,6754.2998046875,4.216000080108643,55.0,6710.7998046875,4.189000129699707,55.45000076293945,6722.35009765625,4.216000080108643,9861400,5063390000,0
2026-03-18,52.43951416015625,6624.7001953125,4.258999824523926,53.470001220703125,6624.7001953125,4.258999824523926,54.959999084472656,6705.18017578125,4.258999824523926,53.2599983215332,6621.66015625,4.195000171661377,54.5,6697.16015625,4.197000026702881,16861300,5275480000,0
2026-03-19,52.41008758544922,6606.490234375,4.281000137329102,53.439998626708984,6606.490234375,4.281000137329102,53.630001068115234,6636.740234375,4.326000213623047,52.59000015258789,6557.81982421875,4.256999969482422,52.900001525878906,6583.1201171875,4.308000087738037,12307700,5973390000,0
2026-03-20,51.36071014404297,6506.47998046875,4.390999794006348,52.369998931884766,6506.47998046875,4.390999794006348,53.61000061035156,6594.66015625,4.394000053405762,52.18000030517578,6473.52001953125,4.296000003814697,52.939998626708984,6594.66015625,4.303999900817871,19566100,10025820000,0
2026-03-23,51.694156646728516,6581.0,4.334000110626221,52.709999084472656,6581.0,4.334000110626221,53.560001373291016,6651.6201171875,4.395999908447266,52.529998779296875,6565.5498046875,4.311999797821045,53.279998779296875,6574.9599609375,4.375999927520752,15242700,6020650000,0
2026-03-24,52.459129333496094,6556.3701171875,4.392000198364258,53.4900016784668,6556.3701171875,4.392000198364258,54.08000183105469,6595.75,4.426000118255615,52.27000045776367,6525.10986328125,4.360000133514404,52.36000061035156,6552.08984375,4.375999927520752,12073800,5278580000,0
2026-03-25,51.958953857421875,6591.89990234375,4.328000068664551,52.97999954223633,6591.89990234375,4.328000068664551,54.220001220703125,6633.93994140625,4.349999904632568,52.560001373291016,6568.41015625,4.314000129699707,53.7599983215332,6598.35009765625,4.334000110626221,13427100,4936720000,0
2026-03-26,51.066490173339844,6477.16015625,4.415999889373779,52.06999969482422,6477.16015625,4.415999889373779,53.619998931884766,6573.22021484375,4.421999931335449,51.869998931884766,6473.7900390625,4.354000091552734,52.7599983215332,6555.85986328125,4.377999782562256,14486700,4845560000,0
2026-03-27,50.379981994628906,6368.85009765625,4.440000057220459,51.369998931884766,6368.85009765625,4.440000057220459,52.11000061035156,6453.89013671875,4.484000205993652,51.20000076293945,6356.080078125,4.409999847412109,51.709999084472656,6453.89013671875,4.461999893188477,13077800,5303490000,0
2026-03-30,50.25249099731445,6343.72021484375,4.3420000076293945,51.2400016784668,6343.72021484375,4.3420000076293945,52.189998626708984,6427.31005859375,4.380000114440918,50.95000076293945,6316.91015625,4.323999881744385,51.43000030517578,6403.3701171875,4.374000072479248,16869200,5458640000,0
2026-03-31,51.80203628540039,6528.52001953125,4.310999870300293,52.81999969482422,6528.52001953125,4.310999870300293,53.11000061035156,6539.0498046875,4.331999778747559,51.689998626708984,6395.8798828125,4.2870001792907715,51.93000030517578,6395.8798828125,4.307000160217285,36422800,6396100000,0
2026-04-01,43.76987838745117,6575.31982421875,4.318999767303467,44.630001068115234,6575.31982421875,4.318999767303467,46.83000183105469,6609.669921875,4.334000110626221,44.560001373291016,6554.2900390625,4.293000221252441,46.560001373291016,6556.56005859375,4.293000221252441,114225700,5637260000,0
2026-04-02,43.338356018066406,6582.68994140625,4.313000202178955,44.189998626708984,6582.68994140625,4.313000202178955,44.34000015258789,6601.91015625,4.361999988555908,43.16999816894531,6474.93994140625,4.289000034332275,43.7599983215332,6512.60986328125,4.354000091552734,63242600,4740740000,0
2026-04-06,43.18143844604492,6611.830078125,4.335000038146973,44.029998779296875,6611.830078125,4.335000038146973,44.380001068115234,6618.1298828125,4.366000175476074,43.560001373291016,6579.72021484375,4.316999912261963,44.15999984741211,6587.66015625,4.360000133514404,26999600,3906440000,0
2026-04-07,41.86726379394531,6616.85009765625,4.3429999351501465,42.689998626708984,6616.85009765625,4.3429999351501465,43.869998931884766,6618.259765625,4.380000114440918,42.36000061035156,6534.5498046875,4.324999809265137,43.70000076293945,6601.93017578125,4.34499979019165,38253000,4555680000,0
2026-04-08,42.298789978027344,6782.81005859375,4.290999889373779,43.130001068115234,6782.81005859375,4.290999889373779,44.29999923706055,6793.5,4.296999931335449,42.7599983215332,6740.27978515625,4.234000205993652,43.90999984741211,6754.35986328125,4.248000144958496,29462900,5904880000,0
2026-04-09,43.15201950073242,6824.66015625,4.293000221252441,44.0,6824.66015625,4.293000221252441,44.220001220703125,6835.31005859375,4.321000099182129,42.720001220703125,6761.5498046875,4.260000228881836,43.220001220703125,6783.68994140625,4.296999931335449,24147400,4912410000,0
2026-04-10,41.798614501953125,6816.89013671875,4.316999912261963,42.619998931884766,6816.89013671875,4.316999912261963,43.959999084472656,6845.77001953125,4.322999954223633,42.400001525878906,6808.4599609375,4.2769999504089355,43.83000183105469,6839.240234375,4.284999847412109,26094800,4393220000,0
2026-04-13,42.08302688598633,6886.240234375,4.296999931335449,42.90999984741211,6886.240234375,4.296999931335449,42.97999954223633,6887.0,4.35099983215332,42.09000015258789,6790.02001953125,4.296999931335449,42.22999954223633,6806.47021484375,4.348999977111816,21236700,4785840000,0
2026-04-14,43.34816360473633,6967.3798828125,4.25600004196167,44.20000076293945,6967.3798828125,4.25600004196167,44.209999084472656,6969.419921875,4.304999828338623,42.95000076293945,6905.169921875,4.251999855041504,42.9900016784668,6910.2001953125,4.296999931335449,22554100,5032380000,0
2026-04-15,44.564266204833984,7022.9501953125,4.2820000648498535,45.439998626708984,7022.9501953125,4.2820000648498535,45.900001525878906,7026.240234375,4.293000221252441,44.709999084472656,6967.1298828125,4.263999938964844,45.09000015258789,6978.169921875,4.271999835968018,31523500,5278610000,0
2026-04-16,44.81925582885742,7041.27978515625,4.309000015258789,45.70000076293945,7041.27978515625,4.309000015258789,46.4900016784668,7051.22998046875,4.316999912261963,45.54999923706055,7008.52001953125,4.265999794006348,45.79999923706055,7037.77978515625,4.276000022888184,21766300,5173650000,0
2026-04-17,45.14289474487305,7126.06005859375,4.245999813079834,46.029998779296875,7126.06005859375,4.245999813079834,46.779998779296875,7147.52001953125,4.296999931335449,45.779998779296875,7074.5498046875,4.22599983215332,46.380001068115234,7074.5498046875,4.296999931335449,31290400,6145300000,0
2026-04-20,45.584224700927734,7109.14013671875,4.25,46.47999954223633,7109.14013671875,4.25,46.560001373291016,7122.64990234375,4.27400016784668,45.56999969482422,7084.41015625,4.24399995803833,45.97999954223633,7117.0498046875,4.26200008392334,19003100,4661130000,0
2026-04-21,45.49595642089844,7064.009765625,4.291999816894531,46.38999938964844,7064.009765625,4.291999816894531,46.970001220703125,7137.27001953125,4.309000015258789,45.93000030517578,7050.2001953125,4.26200008392334,46.77000045776367,7122.64013671875,4.271999835968018,22194000,5160270000,0
2026-04-22,44.79964065551758,7137.89990234375,4.294000148773193,45.68000030517578,7137.89990234375,4.294000148773193,46.95000076293945,7138.64013671875,4.303999900817871,45.5,7102.91015625,4.263999938964844,46.310001373291016,7102.91015625,4.265999794006348,17985200,4919460000,0
2026-04-23,43.916988372802734,7108.39990234375,4.322999954223633,44.779998779296875,7108.39990234375,4.322999954223633,45.75,7147.77978515625,4.35099983215332,44.2400016784668,7046.5498046875,4.285999774932861,45.58000183105469,7118.7998046875,4.306000232696533,17457500,5307260000,0
2026-04-24,43.82872009277344,7165.080078125,4.309999942779541,44.689998626708984,7165.080078125,4.309999942779541,45.41999816894531,7168.58984375,4.353000164031982,44.59000015258789,7112.81982421875,4.300000190734863,44.97999954223633,7136.47998046875,4.311999797821045,15885000,4608830000,0
2026-04-27,44.270050048828125,7173.91015625,4.335999965667725,45.13999938964844,7173.91015625,4.335999965667725,45.40999984741211,7178.740234375,4.349999904632568,44.4900016784668,7146.72021484375,4.309999942779541,44.599998474121094,7152.72021484375,4.311999797821045,14583100,4783750000,0
2026-04-28,44.16217041015625,7138.7998046875,4.354000091552734,45.029998779296875,7138.7998046875,4.354000091552734,45.709999084472656,7152.52001953125,4.377999782562256,44.75,7115.169921875,4.35099983215332,45.380001068115234,7133.740234375,4.370999813079834,12426000,4900650000,0
2026-04-29,43.53450393676758,7135.9501953125,4.418000221252441,44.38999938964844,7135.9501953125,4.418000221252441,45.15999984741211,7145.6298828125,4.432000160217285,44.150001525878906,7107.85986328125,4.361999988555908,44.91999816894531,7131.60986328125,4.361999988555908,13329700,5123100000,0
2026-04-30,43.50508117675781,7209.009765625,4.389999866485596,44.36000061035156,7209.009765625,4.389999866485596,44.810001373291016,7219.830078125,4.409999847412109,43.5099983215332,7126.14990234375,4.381999969482422,44.09000015258789,7161.75,4.392000198364258,21679500,5723790000,0
2026-05-01,43.5443115234375,7230.1201171875,4.377999782562256,44.400001525878906,7230.1201171875,4.377999782562256,44.959999084472656,7272.52001953125,4.4039998054504395,44.220001220703125,7229.31982421875,4.3420000076293945,44.81999969482422,7234.5400390625,4.368000030517578,11562800,4847390000,0
2026-05-04,42.259559631347656,7200.75,4.446000099182129,43.09000015258789,7200.75,4.446000099182129,44.34000015258789,7244.5400390625,4.464000225067139,43.09000015258789,7174.1201171875,4.389999866485596,44.189998626708984,7228.3798828125,4.400000095367432,33272400,5215480000,0
2026-05-05,42.23013687133789,7259.22021484375,4.415999889373779,43.060001373291016,7259.22021484375,4.415999889373779,43.29999923706055,7273.259765625,4.429999828338623,42.650001525878906,7233.6201171875,4.406000137329102,43.040000915527344,7233.6201171875,4.426000118255615,18589700,5279760000,0
2026-05-06,43.034332275390625,7365.1201171875,4.355999946594238,43.880001068115234,7365.1201171875,4.355999946594238,44.06999969482422,7369.22021484375,4.372000217437744,43.20000076293945,7294.14013671875,4.3480000495910645,43.630001068115234,7294.14013671875,4.366000175476074,19406700,6579640000,0
2026-05-07,43.55411911010742,7337.10986328125,4.392000198364258,44.40999984741211,7337.10986328125,4.392000198364258,44.63999938964844,7385.02001953125,4.395999908447266,44.0099983215332,7321.25,4.314000129699707,44.04999923706055,7376.77978515625,4.334000110626221,17177700,6237040000,0
2026-05-08,43.28932189941406,7398.93017578125,4.363999843597412,44.13999938964844,7398.93017578125,4.363999843597412,44.65999984741211,7401.5,4.388000011444092,43.79999923706055,7362.97021484375,4.3460001945495605,44.2599983215332,7362.97021484375,4.372000217437744,17357100,5302740000,0
2026-05-11,41.57304763793945,7412.83984375,4.409999847412109,42.38999938964844,7412.83984375,4.409999847412109,44.06999969482422,7428.97021484375,4.409999847412109,42.38999938964844,7384.2001953125,4.377999782562256,44.06999969482422,7385.31005859375,4.392000198364258,24863800,5821910000,0
2026-05-12,41.533817291259766,7400.9599609375,4.4629998207092285,42.349998474121094,7400.9599609375,4.4629998207092285,42.5099983215332,7409.56982421875,4.4670000076293945,42.060001373291016,7338.5400390625,4.422999858856201,42.29999923706055,7390.6298828125,4.436999797821045,21271300,5624790000,0
2026-05-13,41.52401351928711,7444.25,4.480999946594238,42.34000015258789,7444.25,4.480999946594238,42.61000061035156,7460.0400390625,4.5,41.70000076293945,7375.1298828125,4.460999965667725,42.20000076293945,7409.1201171875,4.465000152587891,21325200,5716600000,0
2026-05-14,41.21017837524414,7501.240234375,4.460999965667725,42.02000045776367,7501.240234375,4.460999965667725,42.83000183105469,7517.1201171875,4.460999965667725,41.9900016784668,7454.39990234375,4.435999870300293,42.560001373291016,7454.39990234375,4.439000129699707,19146900,5267050000,0
2026-05-15,41.0728759765625,7408.5,4.59499979019165,41.880001068115234,7408.5,4.59499979019165,42.779998779296875,7454.85009765625,4.598999977111816,41.84000015258789,7397.5,4.546000003814697,42.0,7445.10986328125,4.547999858856201,26172600,5582070000,0
2026-05-18,41.74958038330078,7403.0498046875,4.623000144958496,42.56999969482422,7403.0498046875,4.623000144958496,42.75,7434.06005859375,4.626999855041504,41.349998474121094,7353.169921875,4.564000129699707,41.880001068115234,7415.06982421875,4.598999977111816,18694900,5489500000,0
2026-05-19,41.60246658325195,7353.60986328125,4.666999816894531,42.41999816894531,7353.60986328125,4.666999816894531,43.20000076293945,7395.31982421875,4.686999797821045,41.810001373291016,7333.68017578125,4.61299991607666,42.599998474121094,7375.75,4.617000102996826,22957900,5441140000,0
2026-05-20,43.338356018066406,7432.97021484375,4.572000026702881,44.189998626708984,7432.97021484375,4.572000026702881,44.279998779296875,7435.68994140625,4.658999919891357,41.83000183105469,7357.4599609375,4.565999984741211,42.209999084472656,7369.18994140625,4.64300012588501,27060200,5384150000,0
2026-05-21,43.53450393676758,7445.72021484375,4.585999965667725,44.38999938964844,7445.72021484375,4.585999965667725,44.7400016784668,7465.9599609375,4.635000228881836,43.15999984741211,7389.47998046875,4.553999900817871,43.88999938964844,7410.77978515625,4.609000205993652,18428100,5440620000,0
2026-05-22,43.809104919433594,7473.47021484375,4.558000087738037,44.66999816894531,7473.47021484375,4.558000087738037,44.720001220703125,7506.31982421875,4.585999965667725,44.209999084472656,7463.2900390625,4.5279998779296875,44.560001373291016,7468.81982421875,4.541999816894531,14905100,4952440000,0
2026-05-26,44.07390213012695,7519.1201171875,4.493000030517578,44.939998626708984,7519.1201171875,4.493000030517578,44.95000076293945,7539.08984375,4.51200008392334,44.099998474121094,7501.10009765625,4.479000091552734,44.70000076293945,7511.7900390625,4.488999843597412,18667600,5496060000,0
2026-05-27,45.0938606262207,7520.35986328125,4.480999946594238,45.97999954223633,7520.35986328125,4.480999946594238,46.59000015258789,7530.72021484375,4.488999843597412,45.66999816894531,7499.72021484375,4.448999881744385,45.709999084472656,7526.009765625,4.4710001945495605,24251900,5524250000,0
2026-05-28,46.45707321166992,7563.6298828125,4.454999923706055,47.369998931884766,7563.6298828125,4.454999923706055,47.650001525878906,7568.72021484375,4.510000228881836,45.560001373291016,7508.0400390625,4.436999797821045,45.970001220703125,7519.81982421875,4.507999897003174,22871300,5494860000,0
2026-05-29,45.33904266357422,7580.06005859375,4.453000068664551,46.22999954223633,7580.06005859375,4.453000068664551,47.20000076293945,7599.3798828125,4.456999778747559,46.08000183105469,7563.5498046875,4.426000118255615,47.11000061035156,7579.330078125,4.440999984741211,38949100,7858290000,0
2026-06-01,45.4478874206543,7599.9599609375,4.474999904632568,45.93000030517578,7599.9599609375,4.474999904632568,46.279998779296875,7617.66015625,4.515999794006348,45.04999923706055,7562.60986328125,4.445000171661377,45.52000045776367,7582.2900390625,4.456999778747559,26885100,6583960000,0
2026-06-02,43.27098083496094,7609.77978515625,4.454999923706055,43.72999954223633,7609.77978515625,4.454999923706055,45.779998779296875,7620.89990234375,4.4629998207092285,43.5099983215332,7582.990234375,4.427999973297119,45.779998779296875,7595.39990234375,4.429999828338623,28345000,5904410000,0
2026-06-03,43.35014343261719,7553.68017578125,4.491000175476074,43.810001373291016,7553.68017578125,4.491000175476074,43.9900016784668,7605.35009765625,4.502999782562256,43.15999984741211,7551.22021484375,4.474999904632568,43.650001525878906,7605.31005859375,4.485000133514404,18940500,5753860000,0
2026-06-04,43.162132263183594,7584.31005859375,4.4770002365112305,43.619998931884766,7584.31005859375,4.4770002365112305,44.70000076293945,7598.18994140625,4.479000091552734,43.130001068115234,7516.5400390625,4.448999881744385,44.5,7516.5400390625,4.456999778747559,17350900,5398910000,0
2026-06-05,42.52885055541992,7383.740234375,4.535999774932861,42.97999954223633,7383.740234375,4.535999774932861,43.7400016784668,7541.81005859375,4.553999900817871,42.790000915527344,7368.6298828125,4.465000152587891,43.29999923706055,7537.35986328125,4.4670000076293945,18406500,5591290000,0
2026-06-08,42.77622985839844,7405.72998046875,4.552000045776367,43.22999954223633,7405.72998046875,4.552000045776367,43.86000061035156,7466.81005859375,4.558000087738037,42.650001525878906,7395.1298828125,4.515999794006348,43.060001373291016,7440.56982421875,4.539999961853027,18192000,4898180000,0
2026-06-09,44.18132400512695,7386.64990234375,4.5279998779296875,44.650001525878906,7386.64990234375,4.5279998779296875,45.279998779296875,7483.14990234375,4.556000232696533,43.27000045776367,7237.85009765625,4.519999980926514,43.52000045776367,7438.66015625,4.546000003814697,21505800,6006390000,0
2026-06-10,43.498565673828125,7266.990234375,4.541999816894531,43.959999084472656,7266.990234375,4.541999816894531,44.58000183105469,7396.56005859375,4.559999942779541,43.310001373291016,7265.93017578125,4.513000011444092,43.77000045776367,7350.5400390625,4.533999919891357,15335600,5247300000,0
2026-06-11,45.47757339477539,7394.2998046875,4.4629998207092285,45.959999084472656,7394.2998046875,4.4629998207092285,45.97999954223633,7412.68017578125,4.550000190734863,44.220001220703125,7257.330078125,4.456999778747559,44.52000045776367,7287.669921875,4.520999908447266,16647500,5658920000,0
2026-06-12,44.4583854675293,7431.4599609375,4.486999988555908,44.93000030517578,7431.4599609375,4.486999988555908,46.310001373291016,7456.39990234375,4.506999969482422,44.849998474121094,7363.009765625,4.468999862670898,46.290000915527344,7410.85009765625,4.4730000495910645,16524300,4950530000,0
2026-06-15,44.72555160522461,7554.2900390625,4.468999862670898,45.20000076293945,7554.2900390625,4.468999862670898,46.09000015258789,7577.919921875,4.4730000495910645,45.09000015258789,7516.75,4.440999984741211,45.36000061035156,7516.75,4.454999923706055,14345100,5674670000,0
2026-06-16,44.567230224609375,7511.35009765625,4.427999973297119,45.040000915527344,7511.35009765625,4.427999973297119,46.099998474121094,7564.9599609375,4.459000110626221,45.0,7508.68017578125,4.420000076293945,45.5099983215332,7548.77978515625,4.442999839782715,19591400,5286210000,0
2026-06-17,43.72615051269531,7420.10009765625,4.4629998207092285,44.189998626708984,7420.10009765625,4.4629998207092285,45.849998474121094,7532.169921875,4.479000091552734,44.15999984741211,7402.60986328125,4.426000118255615,44.900001525878906,7524.5,4.442999839782715,20859700,5883740000,0
2026-06-18,44.72555160522461,7500.580078125,4.451000213623047,45.20000076293945,7500.580078125,4.451000213623047,45.709999084472656,7511.06982421875,4.453000068664551,44.2400016784668,7468.31982421875,4.420000076293945,44.40999984741211,7487.35986328125,4.453000068664551,32320300,9061110000,0
2026-06-22,42.73664855957031,7472.7900390625,4.508999824523926,43.189998626708984,7472.7900390625,4.508999824523926,44.90999984741211,7530.009765625,4.514999866485596,43.13999938964844,7460.009765625,4.480999946594238,44.619998931884766,7500.43994140625,4.494999885559082,25864500,5976740000,0
2026-06-23,41.935150146484375,7365.4599609375,4.493000030517578,42.380001068115234,7365.4599609375,4.493000030517578,43.189998626708984,7424.169921875,4.497000217437744,42.31999969482422,7347.60009765625,4.4770002365112305,42.38999938964844,7366.509765625,4.486999988555908,31517900,5640530000,0
2026-06-24,41.38102722167969,7358.22021484375,4.4019999504089355,41.81999969482422,7358.22021484375,4.4019999504089355,42.33000183105469,7428.06005859375,4.454999923706055,41.310001373291016,7336.81982421875,4.3979997634887695,42.040000915527344,7370.8798828125,4.453000068664551,34384300,5994860000,0
2026-06-25,40.47068786621094,7357.490234375,4.392000198364258,40.900001525878906,7357.490234375,4.392000198364258,41.86000061035156,7419.080078125,4.414000034332275,40.439998626708984,7323.5,4.36299991607666,41.79999923706055,7404.91015625,4.4120001792907715,29228300,5565760000,0
2026-06-26,40.322261810302734,7354.02001953125,4.372000217437744,40.75,7354.02001953125,4.372000217437744,41.470001220703125,7392.9501953125,4.409999847412109,40.0,7294.18017578125,4.367000102996826,40.06999969482422,7312.740234375,4.388000011444092,33970700,9105600000,0
2026-06-29,41.04459762573242,7440.43017578125,4.374000072479248,41.47999954223633,7440.43017578125,4.374000072479248,41.689998626708984,7444.31982421875,4.389999866485596,40.77000045776367,7348.8798828125,4.367000102996826,41.13999938964844,7391.8798828125,4.377999782562256,27824700,5794570000,0
2026-06-30,40.619110107421875,7499.35986328125,4.418000221252441,41.04999923706055,7499.35986328125,4.418000221252441,41.63999938964844,7508.2900390625,4.421999931335449,40.88999938964844,7438.0400390625,4.388000011444092,41.380001068115234,7441.27001953125,4.392000198364258,73891500,6037540000,0
2026-07-01,42.60801315307617,7483.22998046875,4.474999904632568,43.060001373291016,7483.22998046875,4.474999904632568,43.279998779296875,7521.81005859375,4.500999927520752,40.11000061035156,7449.6298828125,4.456999778747559,41.400001525878906,7478.83984375,4.482999801635742,80185700,5782730000,0
2026-07-02,43.627201080322266,7483.240234375,4.485000133514404,44.09000015258789,7483.240234375,4.485000133514404,45.040000915527344,7540.75,4.505000114440918,43.599998474121094,7427.5498046875,4.453000068664551,44.11000061035156,7495.14013671875,4.502999782562256,34233400,5463520000,0
2026-07-06,42.885074615478516,7537.43017578125,4.479000091552734,43.34000015258789,7537.43017578125,4.479000091552734,44.11000061035156,7551.31005859375,4.491000175476074,41.84000015258789,7500.97021484375,4.456999778747559,43.900001525878906,7506.9599609375,4.456999778747559,21979100,4971110000,0
2026-07-07,42.756439208984375,7503.85009765625,4.5289998054504395,43.209999084472656,7503.85009765625,4.5289998054504395,44.040000915527344,7536.06005859375,4.5329999923706055,42.880001068115234,7478.6298828125,4.485000133514404,43.720001220703125,7516.6298828125,4.497000217437744,17784900,5049590000,0
2026-07-08,42.439796447753906,7482.7099609375,4.568999767303467,42.88999938964844,7482.7099609375,4.568999767303467,43.2599983215332,7488.509765625,4.5970001220703125,42.06999969482422,7421.81982421875,4.557000160217285,42.70000076293945,7476.5400390625,4.560999870300293,21101500,5102020000,0
2026-07-09,42.33095169067383,7543.64013671875,4.539000034332275,42.779998779296875,7543.64013671875,4.539000034332275,43.060001373291016,7546.89013671875,4.580999851226807,42.130001068115234,7481.72998046875,4.5289998054504395,42.689998626708984,7491.60009765625,4.577000141143799,19647000,4442950000,0
2026-07-10,43.90426254272461,7575.39013671875,4.568999767303467,44.369998931884766,7575.39013671875,4.568999767303467,44.630001068115234,7579.93017578125,4.571000099182129,43.060001373291016,7508.16015625,4.539000034332275,43.41999816894531,7547.64013671875,4.540999889373779,23313500,4006370000,0
2026-07-13,43.300662994384766,7515.33984375,4.609000205993652,43.7599983215332,7515.33984375,4.609000205993652,44.900001525878906,7565.3701171875,4.618000030517578,43.66999816894531,7506.41015625,4.572999954223633,44.7599983215332,7547.52978515625,4.585000038146973,13665500,4729990000,0
2026-07-14,42.41011428833008,7543.58984375,4.585000038146973,42.86000061035156,7543.58984375,4.585000038146973,44.4900016784668,7557.43994140625,4.613999843597412,42.470001220703125,7513.22998046875,4.525000095367432,44.310001373291016,7536.7001953125,4.613999843597412,13090200,4836950000,0
2026-07-15,42.3210563659668,7572.39990234375,4.545000076293945,42.77000045776367,7572.39990234375,4.545000076293945,43.58000183105469,7581.5,4.610000133514404,42.47999954223633,7526.9501953125,4.539000034332275,43.0,7571.72021484375,4.607999801635742,14388200,5236550000,0
2026-07-16,44.1021614074707,7533.77001953125,4.568999767303467,44.56999969482422,7533.77001953125,4.568999767303467,44.66999816894531,7570.740234375,4.5960001945495605,42.900001525878906,7504.02001953125,4.560999870300293,42.900001525878906,7558.7998046875,4.581999778747559,15944700,5365300000,0
2026-07-17,43.300662994384766,7457.68994140625,4.540999889373779,43.7599983215332,7457.68994140625,4.540999889373779,44.97999954223633,7498.47021484375,4.550000190734863,43.52000045776367,7431.259765625,4.511000156402588,44.52000045776367,7447.52001953125,4.520999908447266,15825100,5303290000,0
2026-07-20,43.013710021972656,7443.27978515625,4.5980000495910645,43.470001220703125,7443.27978515625,4.5980000495910645,43.84000015258789,7513.22998046875,4.607999801635742,42.83000183105469,7440.52978515625,4.559999942779541,43.84000015258789,7489.18017578125,4.565999984741211,11926900,5152910000,0
2026-07-21,42.509063720703125,7509.2001953125,4.627999782562256,42.959999084472656,7509.2001953125,4.627999782562256,43.560001373291016,7515.31005859375,4.639999866485596,42.75,7467.85986328125,4.5980000495910645,43.060001373291016,7489.9501953125,4.599999904632568,11859000,5149030000,0
2026-07-22,41.76693344116211,7498.9599609375,4.6570000648498535,42.209999084472656,7498.9599609375,4.6570000648498535,42.90999984741211,7525.93994140625,4.660999774932861,41.56999969482422,7485.85009765625,4.631999969482422,42.45000076293945,7497.47021484375,4.639999866485596,18990000,4890390000,0
2026-07-23,40.55974197387695,7408.2998046875,4.703000068664551,40.9900016784668,7408.2998046875,4.703000068664551,42.08000183105469,7450.1201171875,4.714000225067139,40.689998626708984,7376.0,4.692999839782715,41.79999923706055,7418.2900390625,4.698999881744385,18156200,5515210000,0
2026-07-24,41.262290954589844,7411.97998046875,4.678999900817871,41.70000076293945,7411.97998046875,4.678999900817871,42.150001525878906,7460.97998046875,4.690999984741211,40.88999938964844,7396.52978515625,4.651000022888184,41.189998626708984,7406.2998046875,4.683000087738037,26175200,4860620000,0
2026-07-27,41.697669982910156,7413.18017578125,4.640999794006348,42.13999938964844,7413.18017578125,4.640999794006348,42.599998474121094,7480.56982421875,4.664999961853027,41.58000183105469,7382.740234375,4.630000114440918,42.150001525878906,7464.2001953125,4.646999835968018,16996900,5038290000,0
2026-07-28,42.59811782836914,7428.77978515625,4.604000091552734,43.04999923706055,7428.77978515625,4.604000091552734,43.27000045776367,7452.08984375,4.635000228881836,42.52000045776367,7382.9501953125,4.5879998207092285,42.75,7395.5498046875,4.630000114440918,23601400,5590890000,0
2026-07-29,42.766334533691406,7316.14990234375,4.622000217437744,43.220001220703125,7316.14990234375,4.622000217437744,43.689998626708984,7450.83984375,4.65500020980835,42.400001525878906,7313.919921875,4.610000133514404,42.599998474121094,7418.16015625,4.63700008392334,15029100,5836350000,0
2026-07-30,41.84609603881836,7437.6298828125,4.663000106811523,42.290000915527344,7437.6298828125,4.663000106811523,42.5,7448.75,4.685999870300293,41.22999954223633,7370.97998046875,4.651000022888184,42.5,7390.4501953125,4.669000148773193,16977600,5594430000,0
2026-07-31,41.27218246459961,7489.72021484375,4.744999885559082,41.709999084472656,7489.72021484375,4.744999885559082,42.08000183105469,7512.0400390625,4.747000217437744,41.4900016784668,7399.830078125,4.682000160217285,42.02000045776367,7462.1298828125,4.684000015258789,22622400,5391020000,0
2026-08-03,42.192420959472656,7600.5,4.685999870300293,42.63999938964844,7600.5,4.685999870300293,43.209999084472656,7610.0400390625,4.702000141143799,42.060001373291016,7504.77978515625,4.671000003814697,42.56999969482422,7504.77978515625,4.671000003814697,21329900,5201470000,0
2026-08-04,41.09407043457031,7736.52001953125,4.626999855041504,41.529998779296875,7736.52001953125,4.626999855041504,42.09000015258789,7758.2099609375,4.668000221252441,40.90999984741211,7629.10009765625,4.61899995803833,41.349998474121094,7630.6201171875,4.664999961853027,27802800,5906940000,0
2026-08-05,42.004417419433594,7723.5498046875,4.617000102996826,42.45000076293945,7723.5498046875,4.617000102996826,42.47999954223633,7793.68017578125,4.638999938964844,41.36000061035156,7720.169921875,4.60699987411499,41.650001525878906,7771.6201171875,4.609000205993652,22088600,5615640000,0
2026-08-06,41.559139251708984,7709.9599609375,4.670000076293945,42.0,7709.9599609375,4.670000076293945,42.63999938964844,7742.85009765625,4.676000118255615,41.849998474121094,7698.14990234375,4.635000228881836,42.52000045776367,7713.7900390625,4.64300012588501,18150300,5330830000,0
2026-08-07,41.262290954589844,7757.64013671875,4.659999847412109,41.70000076293945,7757.64013671875,4.659999847412109,42.369998931884766,7763.080078125,4.671999931335449,41.61000061035156,7719.18994140625,4.603000164031982,42.02000045776367,7735.18017578125,4.664000034332275,22042300,5019970000,0
2026-08-10,41.66798400878906,7753.10986328125,4.698999881744385,42.11000061035156,7753.10986328125,4.698999881744385,42.22999954223633,7773.759765625,4.703000068664551,41.13999938964844,7743.10986328125,4.6620001792907715,41.7400016784668,7751.740234375,4.6620001792907715,21664600,4879540000,0
2026-08-11,40.88627624511719,7728.2001953125,4.684000015258789,41.31999969482422,7728.2001953125,4.684000015258789,41.529998779296875,7767.509765625,4.703000068664551,40.83000183105469,7717.25,4.668000221252441,41.47999954223633,7767.509765625,4.691999912261963,25538000,4739500000,0
2026-08-12,40.08477783203125,7748.5,4.682000160217285,40.5099983215332,7748.5,4.682000160217285,41.25,7766.009765625,4.688000202178955,40.45000076293945,7737.9501953125,4.645999908447266,41.029998779296875,7765.4599609375,4.659999847412109,28760300,4574170000,0
2026-08-13,40.79722213745117,7798.990234375,4.640999794006348,41.22999954223633,7798.990234375,4.640999794006348,41.470001220703125,7816.7001953125,4.676000118255615,40.47999954223633,7763.18017578125,4.61299991607666,40.7400016784668,7763.18017578125,4.673999786376953,23641700,4833230000,0
2026-08-14,40.30247116088867,7785.759765625,4.696000099182129,40.72999954223633,7785.759765625,4.696000099182129,41.33000183105469,7810.009765625,4.699999809265137,40.709999084472656,7776.31005859375,4.625,41.22999954223633,7806.60009765625,4.644999980926514,23639800,4159900000,0
2026-08-17,38.679683685302734,7745.06005859375,4.723999977111816,39.09000015258789,7745.06005859375,4.723999977111816,40.599998474121094,7790.68017578125,4.728000164031982,38.86000061035156,7744.8798828125,4.691999912261963,40.349998474121094,7790.68017578125,4.693999767303467,58659900,4452630000,0
2026-08-18,39.639503479003906,7691.759765625,4.705999851226807,40.060001373291016,7691.759765625,4.705999851226807,40.63999938964844,7713.9501953125,4.745999813079834,39.22999954223633,7688.6298828125,4.703999996185303,39.650001525878906,7700.0400390625,4.73199987411499,39173300,4602700000,0
2026-08-19,40.619110107421875,7707.97998046875,4.6529998779296875,41.04999923706055,7707.97998046875,4.6529998779296875,41.310001373291016,7743.93017578125,4.684000015258789,40.369998931884766,7700.06982421875,4.63700008392334,40.529998779296875,7716.740234375,4.684000015258789,22055700,5184100000,0
2026-08-20,39.78792953491211,7641.16015625,4.696000099182129,40.209999084472656,7641.16015625,4.696000099182129,40.63999938964844,7699.9599609375,4.714000225067139,39.810001373291016,7639.009765625,4.673999786376953,40.4900016784668,7690.490234375,4.705999851226807,16662100,4759610000,0
2026-08-21,40.3321533203125,7674.3701171875,4.73799991607666,40.7599983215332,7674.3701171875,4.73799991607666,41.130001068115234,7697.10986328125,4.74399995803833,40.2400016784668,7660.06005859375,4.691999912261963,40.2599983215332,7665.68017578125,4.691999912261963,14707800,4497270000,0
2026-08-24,40.322261810302734,7652.85986328125,4.703999996185303,40.75,7652.85986328125,4.703999996185303,41.34000015258789,7670.2998046875,4.71999979019165,40.68000030517578,7638.169921875,4.679999828338623,41.0,7663.3798828125,4.714000225067139,18839100,4400800000,0
2026-08-25,39.065589904785156,7677.27978515625,4.638999938964844,39.47999954223633,7677.27978515625,4.638999938964844,39.869998931884766,7686.10986328125,4.671999931335449,39.029998779296875,7650.919921875,4.63700008392334,39.52000045776367,7676.66015625,4.664000034332275,41525000,4260240000,0
2026-08-26,38.184932708740234,7675.7001953125,4.664000034332275,38.59000015258789,7675.7001953125,4.664000034332275,39.47999954223633,7690.72998046875,4.670000076293945,38.40999984741211,7657.41015625,4.620999813079834,39.400001525878906,7666.8798828125,4.632999897003174,38604300,4100600000,0
2026-08-27,38.03650665283203,7730.990234375,4.671999931335449,38.439998626708984,7730.990234375,4.671999931335449,38.79999923706055,7741.27001953125,4.679999828338623,38.16999816894531,7689.89013671875,4.64900016784668,38.5,7710.33984375,4.6579999923706055,36573800,4362240000,0
2026-08-28,39.184329986572266,7711.759765625,4.71999979019165,39.599998474121094,7711.759765625,4.71999979019165,39.7599983215332,7771.47998046875,4.730000019073486,38.560001373291016,7700.91015625,4.6539998054504395,38.709999084472656,7735.169921875,4.688000202178955,28437400,4297560000,0
2026-08-31,38.650001525878906,7686.14013671875,4.757999897003174,39.060001373291016,7686.14013671875,4.757999897003174,39.880001068115234,7697.52001953125,4.76800012588501,39.029998779296875,7665.06005859375,4.72599983215332,39.40999984741211,7697.52001953125,4.728000164031982,23905300,5386090000,0
2026-09-01,38.119998931884766,7631.47021484375,4.796000003814697,38.119998931884766,7631.47021484375,4.796000003814697,38.56999969482422,7663.6298828125,4.800000190734863,37.970001220703125,7611.2001953125,4.751999855041504,38.36000061035156,7635.47021484375,4.788000106811523,22241100,4858180000,0
2026-09-02,38.2400016784668,7666.60009765625,4.796000003814697,38.2400016784668,7666.60009765625,4.796000003814697,38.72999954223633,7681.18994140625,4.806000232696533,38.0099983215332,7633.6201171875,4.76800012588501,38.060001373291016,7634.580078125,4.776000022888184,20727200,4738910000,0
2026-09-03,38.77000045776367,7747.7099609375,4.76200008392334,38.77000045776367,7747.7099609375,4.76200008392334,38.93000030517578,7756.759765625,4.76800012588501,37.95000076293945,7686.7099609375,4.73199987411499,38.52000045776367,7686.7099609375,4.765999794006348,29597500,4726400000,0
2026-09-04,38.400001525878906,7718.60009765625,4.783999919891357,38.400001525878906,7718.60009765625,4.783999919891357,38.65999984741211,7750.18994140625,4.811999797821045,37.97999954223633,7706.1201171875,4.748000144958496,38.220001220703125,7750.18994140625,4.754000186920166,20631600,4103570000,0
2026-09-08,38.099998474121094,7673.52001953125,4.806000232696533,38.099998474121094,7673.52001953125,4.806000232696533,38.7400016784668,7717.81005859375,4.811999797821045,37.900001525878906,7666.990234375,4.760000228881836,38.52000045776367,7717.81005859375,4.794000148773193,31672300,4966930000,0
2026-09-09,37.349998474121094,7636.35986328125,4.836999893188477,37.349998474121094,7636.35986328125,4.836999893188477,37.849998474121094,7660.68017578125,4.85699987411499,36.849998474121094,7624.16015625,4.794000148773193,37.790000915527344,7660.68017578125,4.808000087738037,41088800,4896940000,0
2026-09-10,36.619998931884766,7591.7001953125,4.943999767303467,36.619998931884766,7591.7001953125,4.943999767303467,37.15999984741211,7612.85986328125,4.952000141143799,36.54999923706055,7580.06005859375,4.879000186920166,36.959999084472656,7594.740234375,4.88100004196167,29961000,4893500000,0
2026-09-11,36.79999923706055,7656.97998046875,4.974999904632568,36.79999923706055,7656.97998046875,4.974999904632568,37.04999923706055,7677.02001953125,4.985000133514404,36.619998931884766,7636.75,4.9039998054504395,36.79999923706055,7636.75,4.954999923706055,19974900,4722480000,0
2026-09-14,37.04999923706055,7619.97998046875,4.960999965667725,37.04999923706055,7619.97998046875,4.960999965667725,37.40999984741211,7647.990234375,5.01200008392334,36.58000183105469,7592.27978515625,4.934000015258789,36.7599983215332,7611.43994140625,4.979000091552734,30513500,4963750000,0
2026-09-15,36.220001220703125,7585.72998046875,4.995999813079834,36.220001220703125,7585.72998046875,4.995999813079834,36.880001068115234,7617.259765625,5.015999794006348,36.16999816894531,7572.68994140625,4.986999988555908,36.849998474121094,7612.2998046875,5.010000228881836,29693100,5154930000,0
2026-09-16,35.779998779296875,7551.81005859375,5.00600004196167,35.779998779296875,7551.81005859375,5.00600004196167,36.5099983215332,7626.7900390625,5.00600004196167,35.7599983215332,7507.77001953125,4.939000129699707,36.380001068115234,7601.25,4.979000091552734,30717000,5307920000,0
2026-09-17,36.36000061035156,7637.759765625,4.947000026702881,36.36000061035156,7637.759765625,4.947000026702881,36.79999923706055,7646.85986328125,4.9629998207092285,35.720001220703125,7611.81005859375,4.940999984741211,36.5,7631.43994140625,4.953000068664551,45453300,5058210000,0
2026-09-18,35.5099983215332,7650.5,4.998000144958496,35.5099983215332,7650.5,4.998000144958496,36.68000030517578,7657.169921875,5.007999897003174,35.5,7610.52001953125,4.9710001945495605,36.27000045776367,7657.169921875,4.980000019073486,52053600,8858350000,0
2026-09-21,36.099998474121094,7764.7001953125,4.9629998207092285,36.099998474121094,7764.7001953125,4.9629998207092285,36.36000061035156,7779.22021484375,4.97599983215332,35.349998474121094,7691.18994140625,4.951000213623047,35.52000045776367,7692.830078125,4.953000068664551,42128800,4828050000,0
2026-09-22,36.099998474121094,7764.64013671875,4.9679999351501465,36.099998474121094,7764.64013671875,4.9679999351501465,37.040000915527344,7782.18994140625,4.98199987411499,35.939998626708984,7756.259765625,4.926000118255615,36.95000076293945,7770.81005859375,4.928999900817871,31524800,5286270000,0
2026-09-23,36.04999923706055,7706.02978515625,5.113999843597412,36.04999923706055,7706.02978515625,5.113999843597412,36.619998931884766,7761.93994140625,5.135000228881836,35.61000061035156,7694.89013671875,4.984000205993652,36.41999816894531,7761.93994140625,4.989999771118164,40581400,5110910000,0
2026-09-24,35.9900016784668,7704.1298828125,5.1620001792907715,35.9900016784668,7704.1298828125,5.1620001792907715,36.13999938964844,7719.009765625,5.181000232696533,35.52000045776367,7662.56982421875,5.086999893188477,36.0,7666.990234375,5.120999813079834,39238500,5316390000,0
2026-09-25,35.75,7743.41015625,5.184000015258789,35.75,7743.41015625,5.184000015258789,36.18000030517578,7752.06982421875,5.230000019073486,35.220001220703125,7693.080078125,5.1620001792907715,35.25,7709.85986328125,5.185999870300293,38246000,4499180000,0
2026-09-28,36.38999938964844,7683.68994140625,5.239999771118164,36.38999938964844,7683.68994140625,5.239999771118164,36.66999816894531,7724.14990234375,5.27400016784668,35.40999984741211,7666.60009765625,5.204999923706055,35.459999084472656,7721.7001953125,5.209000110626221,34518600,5129710000,0
2026-09-29,35.84000015258789,7670.83984375,5.255000114440918,35.84000015258789,7670.83984375,5.255000114440918,36.43000030517578,7699.60009765625,5.293000221252441,35.66999816894531,7653.5498046875,5.2129998207092285,36.34000015258789,7699.60009765625,5.2129998207092285,28960000,5023590000,0
2026-09-30,35.400001525878906,7651.5400390625,5.293000221252441,35.400001525878906,7651.5400390625,5.293000221252441,35.9900016784668,7722.8798828125,5.306000232696533,35.15999984741211,7651.5400390625,5.204999923706055,35.7400016784668,7688.990234375,5.243000030517578,38151700,4276550000,0
2026-10-01,35.150001525878906,7666.4501953125,5.236999988555908,35.150001525878906,7666.4501953125,5.236999988555908,36.2400016784668,7684.75,5.3420000076293945,35.02000045776367,7616.77978515625,5.206999778747559,35.45000076293945,7666.47021484375,5.2789998054504395,112413500,5783800000,0
2026-10-02,33.869998931884766,7722.72021484375,5.2769999504089355,33.869998931884766,7722.72021484375,5.2769999504089355,33.970001220703125,7754.669921875,5.297999858856201,31.969999313354492,7700.509765625,5.1570000648498535,32.54999923706055,7726.240234375,5.216000080108643,142567700,5277430000,0
