Date,Open,High,Low,Close,Adj Close,Volume,Dividends,Stock Splits
2016-06-01,53.33000183105469,55.040000915527344,52.91999816894531,54.93000030517578,47.22499084472656,28409300,0.0,0.0
2016-06-02,54.220001220703125,54.66999816894531,54.220001220703125,54.529998779296875,47.018062591552734,13901700,0.16,0.0
2016-06-03,54.290000915527344,54.56999969482422,53.400001525878906,53.45000076293945,46.086849212646484,17265800,0.0,0.0
2016-06-06,53.77000045776367,54.540000915527344,53.689998626708984,54.29999923706055,46.81974411010742,13808300,0.0,0.0
2016-06-07,54.15999984741211,54.349998474121094,53.54999923706055,53.54999923706055,46.17306900024414,13334000,0.0,0.0
2016-06-08,53.83000183105469,54.34000015258789,53.65999984741211,54.119998931884766,46.664546966552734,12068500,0.0,0.0
2016-06-09,54.11000061035156,55.04999923706055,53.880001068115234,54.939998626708984,47.37158203125,11609800,0.0,0.0
2016-06-10,54.63999938964844,55.36000061035156,54.54999923706055,55.11000061035156,47.51814651489258,12183600,0.0,0.0
2016-06-13,55.0,55.63999938964844,54.880001068115234,54.90999984741211,47.34571838378906,8582200,0.0,0.0
2016-06-14,54.58000183105469,54.939998626708984,54.08000183105469,54.119998931884766,46.664546966552734,9585600,0.0,0.0
2016-06-15,54.2400016784668,55.060001373291016,54.2400016784668,54.310001373291016,46.82836151123047,7498400,0.0,0.0
2016-06-16,53.540000915527344,53.63999938964844,52.939998626708984,53.470001220703125,46.10407257080078,14456500,0.0,0.0
2016-06-17,53.45000076293945,53.869998931884766,53.15999984741211,53.709999084472656,46.31101989746094,11007100,0.0,0.0
2016-06-20,54.22999954223633,55.150001525878906,54.22999954223633,54.36000061035156,46.87147521972656,8429400,0.0,0.0
2016-06-21,54.459999084472656,55.09000015258789,54.439998626708984,54.77000045776367,47.22499465942383,8278200,0.0,0.0
2016-06-22,55.0,55.13999938964844,54.529998779296875,54.56999969482422,47.05255126953125,7019600,0.0,0.0
2016-06-23,55.11000061035156,55.18000030517578,53.95000076293945,54.119998931884766,46.664546966552734,11219800,0.0,0.0
2016-06-24,52.36000061035156,53.36000061035156,52.18000030517578,52.59000015258789,45.34531784057617,18481200,0.0,0.0
2016-06-27,52.0,52.52000045776367,51.47999954223633,51.88999938964844,44.74175262451172,15265700,0.0,0.0
2016-06-28,52.040000915527344,53.20000076293945,51.56999969482422,53.09000015258789,45.776432037353516,20837800,0.0,0.0
2016-06-29,54.5,55.13999938964844,52.88999938964844,55.130001068115234,47.53538513183594,36084800,0.0,0.0
2016-06-30,55.290000915527344,55.43000030517578,54.599998474121094,55.20000076293945,47.595760345458984,17350500,0.0,0.0
2016-07-01,55.06999969482422,55.810001373291016,54.90999984741211,55.61000061035156,47.949275970458984,9285100,0.0,0.0
2016-07-05,55.34000015258789,55.90999984741211,55.0099983215332,55.20000076293945,47.595760345458984,10256100,0.0,0.0
2016-07-06,54.880001068115234,55.810001373291016,54.81999969482422,55.79999923706055,48.11311340332031,7863400,0.0,0.0
2016-07-07,55.79999923706055,55.97999954223633,55.560001373291016,55.91999816894531,48.21657943725586,6948000,0.0,0.0
2016-07-08,56.099998474121094,56.81999969482422,56.09000015258789,56.720001220703125,48.906368255615234,8645900,0.0,0.0
2016-07-11,56.83000183105469,57.22999954223633,56.709999084472656,56.83000183105469,49.001220703125,8122500,0.0,0.0
2016-07-12,57.09000015258789,58.20000076293945,57.06999969482422,58.060001373291016,50.06178665161133,11164400,0.0,0.0
2016-07-13,58.18000030517578,58.439998626708984,57.72999954223633,57.9900016784668,50.00140380859375,9126500,0.0,0.0
2016-07-14,58.29999923706055,58.599998474121094,58.150001525878906,58.4900016784668,50.43254470825195,7488400,0.0,0.0
2016-07-15,58.59000015258789,58.869998931884766,57.869998931884766,57.869998931884766,49.8979606628418,9225200,0.0,0.0
2016-07-18,58.0,58.15999984741211,57.7400016784668,57.7400016784668,49.785858154296875,6478900,0.0,0.0
2016-07-19,57.459999084472656,57.77000045776367,57.150001525878906,57.7599983215332,49.80309295654297,7442700,0.0,0.0
2016-07-20,57.9900016784668,58.099998474121094,57.7400016784668,57.7599983215332,49.80309295654297,5872400,0.0,0.0
2016-07-21,57.9900016784668,58.029998779296875,56.56999969482422,56.9900016784668,49.13917922973633,8262000,0.0,0.0
2016-07-22,56.81999969482422,56.959999084472656,56.43000030517578,56.72999954223633,48.914981842041016,8614700,0.0,0.0
2016-07-25,56.869998931884766,57.150001525878906,56.459999084472656,57.13999938964844,49.26850891113281,7256300,0.0,0.0
2016-07-26,57.20000076293945,57.869998931884766,56.25,56.369998931884766,48.604583740234375,8546700,0.0,0.0
2016-07-27,56.5,57.0,55.470001220703125,55.790000915527344,48.10448455810547,10295400,0.0,0.0
2016-07-28,55.59000015258789,55.810001373291016,54.97999954223633,55.45000076293945,47.811317443847656,9574100,0.0,0.0
2016-07-29,55.27000045776367,55.65999984741211,55.209999084472656,55.5,47.85442352294922,6353400,0.0,0.0
2016-08-01,55.72999954223633,55.869998931884766,55.29999923706055,55.40999984741211,47.776832580566406,6268400,0.0,0.0
2016-08-02,55.22999954223633,55.279998779296875,54.779998779296875,54.91999816894531,47.35431671142578,7145600,0.0,0.0
2016-08-03,54.54999923706055,55.189998626708984,54.279998779296875,54.75,47.207759857177734,9687300,0.0,0.0
2016-08-04,54.959999084472656,55.56999969482422,54.650001525878906,54.790000915527344,47.24223327636719,8678100,0.0,0.0
2016-08-05,55.31999969482422,56.060001373291016,55.16999816894531,55.849998474121094,48.156227111816406,7512500,0.0,0.0
2016-08-08,56.130001068115234,56.38999938964844,55.68000030517578,55.97999954223633,48.268310546875,6307000,0.0,0.0
2016-08-09,56.08000183105469,56.2400016784668,55.689998626708984,55.77000045776367,48.08723831176758,8044400,0.0,0.0
2016-08-10,55.95000076293945,56.18000030517578,55.06999969482422,55.130001068115234,47.53538513183594,6881400,0.0,0.0
2016-08-11,55.630001068115234,56.88999938964844,55.47999954223633,56.72999954223633,48.914981842041016,9539500,0.0,0.0
2016-08-12,56.70000076293945,56.7599983215332,56.130001068115234,56.45000076293945,48.673561096191406,5393400,0.0,0.0
2016-08-15,56.650001525878906,57.060001373291016,56.619998931884766,56.77000045776367,48.949485778808594,4836300,0.0,0.0
2016-08-16,56.79999923706055,57.040000915527344,56.41999816894531,56.880001068115234,49.04433059692383,4901800,0.0,0.0
2016-08-17,56.869998931884766,56.970001220703125,56.540000915527344,56.86000061035156,49.02709197998047,7340500,0.0,0.0
2016-08-18,56.9900016784668,57.459999084472656,56.900001525878906,57.209999084472656,49.32887268066406,6043600,0.0,0.0
2016-08-19,57.400001525878906,59.13999938964844,57.25,58.900001525878906,50.78606033325195,15987100,0.0,0.0
2016-08-22,58.81999969482422,59.459999084472656,58.650001525878906,58.65999984741211,50.57912063598633,8266000,0.0,0.0
2016-08-23,58.79999923706055,59.79999923706055,58.79999923706055,59.619998931884766,51.40686798095703,8222800,0.0,0.0
2016-08-24,59.88999938964844,60.33000183105469,59.720001220703125,60.220001220703125,51.924224853515625,11379000,0.0,0.0
2016-08-25,60.0099983215332,60.150001525878906,59.029998779296875,59.2400016784668,51.07923126220703,8713900,0.0,0.0
2016-08-26,58.56999969482422,59.20000076293945,58.29999923706055,59.0,50.87228775024414,9994300,0.0,0.0
2016-08-29,59.20000076293945,59.25,58.529998779296875,58.630001068115234,50.55324935913086,5831000,0.0,0.0
2016-08-30,58.459999084472656,58.7599983215332,57.849998474121094,58.0,50.010047912597656,6344600,0.0,0.0
2016-08-31,57.86000061035156,58.279998779296875,57.189998626708984,57.63999938964844,49.69963455200195,7723600,0.0,0.0
2016-09-01,57.66999816894531,58.54999923706055,57.529998779296875,58.540000915527344,50.616153717041016,8225000,0.16,0.0
2016-09-02,58.630001068115234,59.18000030517578,57.9900016784668,58.02000045776367,50.166526794433594,6933100,0.0,0.0
2016-09-06,58.25,58.380001068115234,57.209999084472656,57.40999984741211,49.63911437988281,9771800,0.0,0.0
2016-09-07,57.47999954223633,57.779998779296875,57.0099983215332,57.720001220703125,49.90714645385742,7536100,0.0,0.0
2016-09-08,56.880001068115234,57.27000045776367,56.11000061035156,56.16999816894531,48.566959381103516,12741900,0.0,0.0
2016-09-09,55.880001068115234,56.0,55.27000045776367,55.33000183105469,47.84065628051758,11310400,0.0,0.0
2016-09-12,55.0,56.119998931884766,54.95000076293945,56.0099983215332,48.42860412597656,7470900,0.0,0.0
2016-09-13,55.86000061035156,55.939998626708984,55.119998931884766,55.369998931884766,47.87523651123047,7359400,0.0,0.0
2016-09-14,55.15999984741211,55.560001373291016,54.93000030517578,55.130001068115234,47.6677131652832,7621200,0.0,0.0
2016-09-15,55.0,55.540000915527344,54.810001373291016,55.470001220703125,47.961700439453125,6283900,0.0,0.0
2016-09-16,55.2400016784668,55.36000061035156,55.04999923706055,55.18000030517578,47.71096420288086,11715400,0.0,0.0
2016-09-19,55.380001068115234,55.470001220703125,54.93000030517578,54.95000076293945,47.51209259033203,7671300,0.0,0.0
2016-09-20,55.2599983215332,55.439998626708984,54.7599983215332,54.869998931884766,47.44291687011719,8563000,0.0,0.0
2016-09-21,55.02000045776367,55.380001068115234,54.61000061035156,55.34000015258789,47.849308013916016,8041700,0.0,0.0
2016-09-22,55.470001220703125,55.97999954223633,55.2400016784668,55.40999984741211,47.90981674194336,8052400,0.0,0.0
2016-09-23,55.02000045776367,55.709999084472656,54.90999984741211,55.150001525878906,47.685020446777344,8921700,0.0,0.0
2016-09-26,54.79999923706055,55.0,54.08000183105469,54.400001525878906,47.03654479980469,11629600,0.0,0.0
2016-09-27,54.25,55.540000915527344,53.900001525878906,55.34000015258789,47.849308013916016,17945200,0.0,0.0
2016-09-28,54.599998474121094,55.0,52.79999923706055,53.25,46.042198181152344,33213000,0.0,0.0
2016-09-29,52.91999816894531,53.58000183105469,52.119998931884766,52.15999984741211,45.099727630615234,16993900,0.0,0.0
2016-09-30,52.56999969482422,53.060001373291016,52.279998779296875,52.650001525878906,45.523414611816406,12940200,0.0,0.0
2016-10-03,52.540000915527344,53.0,52.41999816894531,52.66999816894531,45.54071044921875,7632500,0.0,0.0
2016-10-04,52.900001525878906,53.060001373291016,52.08000183105469,52.13999938964844,45.08244323730469,10737400,0.0,0.0
2016-10-05,52.150001525878906,52.63999938964844,52.099998474121094,52.119998931884766,45.06514358520508,7244100,0.0,0.0
2016-10-06,52.20000076293945,52.33000183105469,51.970001220703125,52.029998779296875,44.987327575683594,9391700,0.0,0.0
2016-10-07,52.41999816894531,52.459999084472656,51.68000030517578,51.790000915527344,44.779808044433594,8407100,0.0,0.0
2016-10-10,52.130001068115234,52.25,51.77000045776367,51.790000915527344,44.779808044433594,5469300,0.0,0.0
2016-10-11,51.95000076293945,52.25,51.52000045776367,51.81999969482422,44.80576705932617,9203500,0.0,0.0
2016-10-12,52.0099983215332,52.709999084472656,51.79999923706055,52.439998626708984,45.34183120727539,9301300,0.0,0.0
2016-10-13,52.119998931884766,52.31999969482422,51.5,52.029998779296875,44.987327575683594,8425800,0.0,0.0
2016-10-14,52.380001068115234,52.5,51.619998931884766,51.619998931884766,44.632835388183594,7133800,0.0,0.0
2016-10-17,51.650001525878906,51.75,50.959999084472656,51.029998779296875,44.12269592285156,7904000,0.0,0.0
2016-10-18,51.29999923706055,51.65999984741211,51.189998626708984,51.220001220703125,44.2869873046875,6805200,0.0,0.0
2016-10-19,51.34000015258789,51.84000015258789,51.13999938964844,51.79999923706055,44.7884635925293,6999000,0.0,0.0
2016-10-20,51.77000045776367,52.36000061035156,51.689998626708984,51.88999938964844,44.86629104614258,6590500,0.0,0.0
2016-10-21,51.7400016784668,51.869998931884766,51.25,51.77000045776367,44.76251983642578,9161000,0.0,0.0
2016-10-24,52.15999984741211,52.290000915527344,51.83000183105469,51.869998931884766,44.84899139404297,7578200,0.0,0.0
2016-10-25,50.970001220703125,51.439998626708984,50.709999084472656,51.04999923706055,44.139991760253906,14975300,0.0,0.0
2016-10-26,50.95000076293945,52.27000045776367,50.900001525878906,51.970001220703125,44.935455322265625,12401100,0.0,0.0
2016-10-27,52.34000015258789,52.34000015258789,51.689998626708984,51.88999938964844,44.86629104614258,7939200,0.0,0.0
2016-10-28,52.119998931884766,52.5,51.790000915527344,52.02000045776367,44.97868347167969,9096700,0.0,0.0
2016-10-31,50.880001068115234,51.150001525878906,50.0,50.18000030517578,43.38774871826172,17931300,0.0,0.0
2016-11-01,50.5,50.5099983215332,49.13999938964844,49.619998931884766,42.903541564941406,14100400,0.0,0.0
2016-11-02,49.2400016784668,50.27000045776367,49.0099983215332,49.720001220703125,42.990013122558594,10775900,0.0,0.0
2016-11-03,49.97999954223633,50.0,49.310001373291016,49.72999954223633,42.998653411865234,7678700,0.0,0.0
2016-11-04,49.79999923706055,50.45000076293945,49.7599983215332,49.959999084472656,43.19752883911133,9925200,0.0,0.0
2016-11-07,50.47999954223633,50.93000030517578,50.279998779296875,50.90999984741211,44.01893615722656,8358700,0.0,0.0
2016-11-08,51.099998474121094,51.4900016784668,50.95000076293945,51.08000183105469,44.165924072265625,8111400,0.0,0.0
2016-11-09,50.06999969482422,51.27000045776367,49.79999923706055,51.119998931884766,44.20051574707031,9058600,0.0,0.0
2016-11-10,51.290000915527344,51.369998931884766,50.33000183105469,50.38999938964844,43.569313049316406,12316100,0.0,0.0
2016-11-11,50.220001220703125,50.849998474121094,50.18000030517578,50.77000045776367,43.89789962768555,6300600,0.0,0.0
2016-11-14,51.18000030517578,51.189998626708984,50.209999084472656,50.209999084472656,43.4136848449707,8063900,0.0,0.0
2016-11-15,50.459999084472656,50.63999938964844,49.75,50.130001068115234,43.344520568847656,9299800,0.0,0.0
2016-11-16,50.0,50.79999923706055,49.95000076293945,50.68000030517578,43.8200569152832,6760300,0.0,0.0
2016-11-17,50.939998626708984,51.66999816894531,50.720001220703125,51.59000015258789,44.60689163208008,7671600,0.0,0.0
2016-11-18,51.38999938964844,51.88999938964844,50.959999084472656,51.099998474121094,44.18321228027344,7461600,0.0,0.0
2016-11-21,51.0,51.41999816894531,50.95000076293945,51.279998779296875,44.33885192871094,5357200,0.0,0.0
2016-11-22,51.470001220703125,51.75,51.04999923706055,51.709999084472656,44.710655212402344,5228100,0.0,0.0
2016-11-23,51.709999084472656,51.849998474121094,51.20000076293945,51.34000015258789,44.39072799682617,4141600,0.0,0.0
2016-11-25,51.68000030517578,51.7400016784668,51.349998474121094,51.52000045776367,44.546363830566406,2736800,0.0,0.0
2016-11-28,51.439998626708984,51.439998626708984,50.61000061035156,51.0099983215332,44.10540008544922,8602100,0.0,0.0
2016-11-29,51.20000076293945,51.369998931884766,50.56999969482422,50.630001068115234,43.776832580566406,6065700,0.0,0.0
2016-11-30,50.52000045776367,50.810001373291016,50.06999969482422,50.06999969482422,43.292633056640625,8198400,0.0,0.0
2016-12-01,50.11000061035156,51.25,50.060001373291016,50.650001525878906,43.95212936401367,7610100,0.18,0.0
2016-12-02,50.2599983215332,50.68000030517578,50.11000061035156,50.459999084472656,43.787261962890625,6933300,0.0,0.0
2016-12-05,50.79999923706055,52.27000045776367,50.70000076293945,51.849998474121094,44.99346160888672,12031200,0.0,0.0
2016-12-06,50.83000183105469,51.099998474121094,50.2599983215332,50.56999969482422,43.88271713256836,12496300,0.0,0.0
2016-12-07,50.790000915527344,52.25,50.599998474121094,52.099998474121094,45.21038055419922,10412600,0.0,0.0
2016-12-08,52.150001525878906,52.470001220703125,51.45000076293945,51.54999923706055,44.733116149902344,9260900,0.0,0.0
2016-12-09,51.7599983215332,51.970001220703125,51.5,51.720001220703125,44.880653381347656,5869800,0.0,0.0
2016-12-12,51.5,51.900001525878906,50.939998626708984,51.540000915527344,44.72444152832031,11459500,0.0,0.0
2016-12-13,51.83000183105469,53.220001220703125,51.83000183105469,52.29999923706055,45.38394546508789,11442300,0.0,0.0
2016-12-14,52.2400016784668,52.34000015258789,51.59000015258789,51.790000915527344,44.941368103027344,8012800,0.0,0.0
2016-12-15,52.0,52.040000915527344,51.09000015258789,51.290000915527344,44.50749969482422,9567500,0.0,0.0
2016-12-16,51.599998474121094,51.63999938964844,50.66999816894531,50.91999816894531,44.1864128112793,13984900,0.0,0.0
2016-12-19,50.90999984741211,51.36000061035156,50.47999954223633,50.849998474121094,44.12568664550781,9451700,0.0,0.0
2016-12-20,51.060001373291016,51.9900016784668,50.75,51.790000915527344,44.941368103027344,15984100,0.0,0.0
2016-12-21,52.900001525878906,53.349998474121094,51.54999923706055,52.29999923706055,45.38394546508789,23236400,0.0,0.0
2016-12-22,52.79999923706055,53.0,52.029998779296875,52.13999938964844,45.245094299316406,11798900,0.0,0.0
2016-12-23,51.9900016784668,52.349998474121094,51.66999816894531,51.90999984741211,45.04550552368164,9360800,0.0,0.0
2016-12-27,51.79999923706055,52.25,51.20000076293945,51.290000915527344,44.50749969482422,8175000,0.0,0.0
2016-12-28,51.310001373291016,51.5,50.869998931884766,51.02000045776367,44.27320861816406,6318000,0.0,0.0
2016-12-29,51.0,51.2400016784668,50.880001068115234,51.060001373291016,44.30790710449219,4680800,0.0,0.0
2016-12-30,51.099998474121094,51.33000183105469,50.70000076293945,50.83000183105469,44.10832595825195,7384300,0.0,0.0
2017-01-03,51.9900016784668,52.5,51.77000045776367,51.97999954223633,45.10625076293945,13295600,0.0,0.0
2017-01-04,52.22999954223633,53.349998474121094,52.09000015258789,53.06999969482422,46.052120208740234,13759500,0.0,0.0
2017-01-05,52.91999816894531,53.099998474121094,52.439998626708984,53.060001373291016,46.04343795776367,8682200,0.0,0.0
2017-01-06,53.09000015258789,54.09000015258789,52.97999954223633,53.90999984741211,46.781036376953125,12532400,0.0,0.0
2017-01-09,53.959999084472656,53.9900016784668,53.220001220703125,53.380001068115234,46.321109771728516,8835300,0.0,0.0
2017-01-10,53.54999923706055,53.72999954223633,53.11000061035156,53.11000061035156,46.086822509765625,8041900,0.0,0.0
2017-01-11,53.119998931884766,53.290000915527344,52.66999816894531,52.689998626708984,45.722354888916016,8208300,0.0,0.0
2017-01-12,52.5099983215332,52.689998626708984,52.15999984741211,52.400001525878906,45.47072219848633,7368700,0.0,0.0
2017-01-13,52.59000015258789,52.93000030517578,52.22999954223633,52.91999816894531,45.92194366455078,6694400,0.0,0.0
2017-01-17,53.400001525878906,53.95000076293945,53.0099983215332,53.650001525878906,46.555419921875,9888500,0.0,0.0
2017-01-18,53.86000061035156,53.88999938964844,52.86000061035156,53.27000045776367,46.22566223144531,6743100,0.0,0.0
2017-01-19,53.84000015258789,53.939998626708984,52.88999938964844,52.93000030517578,45.930641174316406,8320600,0.0,0.0
2017-01-20,53.220001220703125,53.349998474121094,52.900001525878906,53.20000076293945,46.1649284362793,7861000,0.0,0.0
2017-01-23,53.02000045776367,53.2599983215332,52.720001220703125,53.2400016784668,46.19963455200195,7025700,0.0,0.0
2017-01-24,53.02000045776367,53.56999969482422,52.9900016784668,53.45000076293945,46.38188552856445,6321300,0.0,0.0
2017-01-25,53.72999954223633,54.119998931884766,53.689998626708984,53.86000061035156,46.73765182495117,6675000,0.0,0.0
2017-01-26,54.11000061035156,54.119998931884766,53.36000061035156,53.650001525878906,46.555419921875,6202000,0.0,0.0
2017-01-27,53.68000030517578,54.08000183105469,53.029998779296875,53.189998626708984,46.15624237060547,7362000,0.0,0.0
2017-01-30,52.779998779296875,53.220001220703125,52.40999984741211,53.08000183105469,46.06081008911133,9770800,0.0,0.0
2017-01-31,51.68000030517578,52.900001525878906,51.630001068115234,52.900001525878906,45.90460205078125,12342900,0.0,0.0
2017-02-01,52.97999954223633,53.2599983215332,52.61000061035156,53.02000045776367,46.00872802734375,8810900,0.0,0.0
2017-02-02,53.0,53.0099983215332,52.47999954223633,52.79999923706055,45.81782531738281,7874200,0.0,0.0
2017-02-03,52.619998931884766,52.810001373291016,52.25,52.36000061035156,45.43601608276367,8850400,0.0,0.0
2017-02-06,52.09000015258789,52.79999923706055,52.04999923706055,52.79999923706055,45.81782531738281,7355200,0.0,0.0
2017-02-07,53.06999969482422,53.279998779296875,52.66999816894531,52.810001373291016,45.82649230957031,6446900,0.0,0.0
2017-02-08,52.7400016784668,53.939998626708984,52.70000076293945,53.880001068115234,46.7550163269043,9281100,0.0,0.0
2017-02-09,53.880001068115234,55.70000076293945,53.880001068115234,55.310001373291016,47.99591064453125,14345400,0.0,0.0
2017-02-10,55.630001068115234,56.470001220703125,55.630001068115234,56.220001220703125,48.78556823730469,14973400,0.0,0.0
2017-02-13,56.16999816894531,56.34000015258789,55.75,56.09000015258789,48.67277145385742,7679800,0.0,0.0
2017-02-14,55.91999816894531,56.689998626708984,55.83000183105469,56.45000076293945,48.98515319824219,8891400,0.0,0.0
2017-02-15,56.290000915527344,56.7599983215332,56.209999084472656,56.63999938964844,49.15003204345703,6652000,0.0,0.0
2017-02-16,56.880001068115234,56.91999816894531,56.099998474121094,56.290000915527344,48.846317291259766,8374200,0.0,0.0
2017-02-17,56.119998931884766,56.79999923706055,55.86000061035156,56.75,49.2454719543457,12638000,0.0,0.0
2017-02-21,56.380001068115234,57.45000076293945,56.20000076293945,57.36000061035156,49.774810791015625,10955000,0.0,0.0
2017-02-22,57.47999954223633,58.380001068115234,57.36000061035156,58.2400016784668,50.53844451904297,10914100,0.0,0.0
2017-02-23,58.11000061035156,58.400001525878906,57.27000045776367,57.38999938964844,49.80084991455078,12316300,0.0,0.0
2017-02-24,57.38999938964844,58.41999816894531,57.06999969482422,57.86000061035156,50.208709716796875,9684500,0.0,0.0
2017-02-27,57.650001525878906,57.83000183105469,57.349998474121094,57.689998626708984,50.06118392944336,4375700,0.0,0.0
2017-02-28,57.369998931884766,57.54999923706055,56.86000061035156,57.15999984741211,49.60125732421875,7951300,0.0,0.0
2017-03-01,57.86000061035156,58.029998779296875,57.33000183105469,57.95000076293945,50.28678512573242,8558900,0.0,0.0
2017-03-02,57.900001525878906,58.25,57.650001525878906,57.79999923706055,50.31291580200195,6438400,0.18,0.0
2017-03-03,57.79999923706055,57.79999923706055,56.5099983215332,56.70000076293945,49.35540008544922,9181600,0.0,0.0
2017-03-06,56.70000076293945,56.93000030517578,56.529998779296875,56.77000045776367,49.416324615478516,6896800,0.0,0.0
2017-03-07,56.709999084472656,56.9900016784668,56.02000045776367,56.54999923706055,49.224822998046875,7124400,0.0,0.0
2017-03-08,56.939998626708984,56.939998626708984,56.310001373291016,56.5099983215332,49.189998626708984,7604800,0.0,0.0
2017-03-09,56.61000061035156,56.65999984741211,56.09000015258789,56.36000061035156,49.05942916870117,6165700,0.0,0.0
2017-03-10,56.4900016784668,56.9900016784668,56.2599983215332,56.43000030517578,49.120365142822266,8882400,0.0,0.0
2017-03-13,56.43000030517578,56.81999969482422,56.11000061035156,56.66999816894531,49.329280853271484,7235900,0.0,0.0
2017-03-14,56.869998931884766,58.0099983215332,56.720001220703125,57.279998779296875,49.86026382446289,9286900,0.0,0.0
2017-03-15,57.630001068115234,57.9900016784668,56.75,57.65999984741211,50.19104766845703,10067500,0.0,0.0
2017-03-16,57.43000030517578,57.720001220703125,56.83000183105469,57.599998474121094,50.13881301879883,9895000,0.0,0.0
2017-03-17,57.77000045776367,57.88999938964844,57.310001373291016,57.79999923706055,50.31291580200195,10791500,0.0,0.0
2017-03-20,58.0,58.810001373291016,57.959999084472656,58.68000030517578,51.07891845703125,13352500,0.0,0.0
2017-03-21,58.779998779296875,59.0,57.720001220703125,58.0099983215332,50.49570083618164,15269800,0.0,0.0
2017-03-22,54.7599983215332,55.0,53.7599983215332,53.91999816894531,46.93550109863281,37413400,0.0,0.0
2017-03-23,54.61000061035156,55.54999923706055,54.52000045776367,55.369998931884766,48.19767379760742,23848300,0.0,0.0
2017-03-24,55.290000915527344,56.63999938964844,55.119998931884766,56.36000061035156,49.05942916870117,14438600,0.0,0.0
2017-03-27,55.63999938964844,56.25,55.540000915527344,55.93000030517578,48.68512725830078,8663600,0.0,0.0
2017-03-28,55.9900016784668,56.779998779296875,55.790000915527344,56.619998931884766,49.2857551574707,7823900,0.0,0.0
2017-03-29,56.40999984741211,57.099998474121094,56.349998474121094,56.68000030517578,49.33797836303711,7456200,0.0,0.0
2017-03-30,56.47999954223633,56.599998474121094,55.810001373291016,56.040000915527344,48.78089141845703,7210500,0.0,0.0
2017-03-31,56.0,56.029998779296875,55.650001525878906,55.72999954223633,48.51103973388672,5905600,0.0,0.0
2017-04-03,55.7400016784668,55.79999923706055,55.150001525878906,55.560001373291016,48.363075256347656,7088800,0.0,0.0
2017-04-04,55.150001525878906,55.29999923706055,54.83000183105469,55.040000915527344,47.91041946411133,8843300,0.0,0.0
2017-04-05,54.970001220703125,55.79999923706055,54.5,54.97999954223633,47.85820007324219,7722100,0.0,0.0
2017-04-06,55.06999969482422,55.939998626708984,54.939998626708984,55.13999938964844,47.99747085571289,6692200,0.0,0.0
2017-04-07,55.099998474121094,55.2400016784668,54.77000045776367,55.11000061035156,47.97135925292969,6078300,0.0,0.0
2017-04-10,55.0,55.33000183105469,54.720001220703125,54.900001525878906,47.7885627746582,5472700,0.0,0.0
2017-04-11,54.95000076293945,55.06999969482422,54.54999923706055,54.91999816894531,47.80596160888672,4348600,0.0,0.0
2017-04-12,54.65999984741211,55.619998931884766,54.5,55.56999969482422,48.37177276611328,8504100,0.0,0.0
2017-04-13,55.40999984741211,55.599998474121094,55.2599983215332,55.34000015258789,48.17155456542969,5282100,0.0,0.0
2017-04-17,55.31999969482422,56.34000015258789,55.25,56.2400016784668,48.954986572265625,7688700,0.0,0.0
2017-04-18,56.02000045776367,56.41999816894531,55.79999923706055,56.11000061035156,48.841819763183594,5651100,0.0,0.0
2017-04-19,56.15999984741211,56.220001220703125,55.7400016784668,55.86000061035156,48.62419891357422,5947700,0.0,0.0
2017-04-20,55.959999084472656,56.689998626708984,55.880001068115234,56.400001525878906,49.094261169433594,6867100,0.0,0.0
2017-04-21,56.290000915527344,56.380001068115234,55.68000030517578,55.849998474121094,48.6154899597168,6055600,0.0,0.0
2017-04-24,56.13999938964844,56.209999084472656,55.470001220703125,55.470001220703125,48.28471374511719,10777700,0.0,0.0
2017-04-25,55.529998779296875,55.77000045776367,55.40999984741211,55.45000076293945,48.26731491088867,8971000,0.0,0.0
2017-04-26,55.459999084472656,55.84000015258789,55.119998931884766,55.15999984741211,48.01486587524414,10936000,0.0,0.0
2017-04-27,55.18000030517578,55.56999969482422,54.90999984741211,55.470001220703125,48.28471374511719,8558000,0.0,0.0
2017-04-28,55.43000030517578,55.529998779296875,55.13999938964844,55.40999984741211,48.23249816894531,6437700,0.0,0.0
2017-05-01,55.43000030517578,55.45000076293945,54.97999954223633,54.9900016784668,47.86688995361328,4881400,0.0,0.0
2017-05-02,55.119998931884766,55.15999984741211,54.790000915527344,55.06999969482422,47.93654251098633,7363600,0.0,0.0
2017-05-03,55.16999816894531,55.29999923706055,54.400001525878906,54.529998779296875,47.46648025512695,9474700,0.0,0.0
2017-05-04,54.68000030517578,54.83000183105469,54.20000076293945,54.470001220703125,47.414249420166016,6830600,0.0,0.0
2017-05-05,54.40999984741211,54.5,53.560001373291016,53.95000076293945,46.96160888671875,13379900,0.0,0.0
2017-05-08,54.18000030517578,54.5099983215332,53.83000183105469,54.29999923706055,47.26628112792969,8728100,0.0,0.0
2017-05-09,54.33000183105469,55.08000183105469,54.15999984741211,54.88999938964844,47.77986526489258,6441200,0.0,0.0
2017-05-10,54.90999984741211,55.060001373291016,54.5099983215332,54.560001373291016,47.492610931396484,5823000,0.0,0.0
2017-05-11,54.52000045776367,54.52000045776367,53.400001525878906,54.2400016784668,47.214054107666016,6499600,0.0,0.0
2017-05-12,54.099998474121094,54.38999938964844,53.790000915527344,54.20000076293945,47.17922592163086,5606300,0.0,0.0
2017-05-15,54.119998931884766,54.20000076293945,53.68000030517578,53.77000045776367,46.804935455322266,8201700,0.0,0.0
2017-05-16,52.369998931884766,53.380001068115234,52.119998931884766,52.779998779296875,45.94316864013672,14562700,0.0,0.0
2017-05-17,52.779998779296875,52.869998931884766,51.79999923706055,51.79999923706055,45.09011459350586,18341500,0.0,0.0
2017-05-18,51.970001220703125,52.08000183105469,51.29999923706055,51.68000030517578,44.98565673828125,22576500,0.0,0.0
2017-05-19,51.0,52.11000061035156,50.810001373291016,51.77000045776367,45.064002990722656,20047800,0.0,0.0
2017-05-22,51.77000045776367,51.959999084472656,51.400001525878906,51.56999969482422,44.88990783691406,13671500,0.0,0.0
2017-05-23,51.97999954223633,52.630001068115234,51.880001068115234,52.20000076293945,45.438297271728516,11087300,0.0,0.0
2017-05-24,52.25,52.29999923706055,51.7400016784668,52.0099983215332,45.272911071777344,9383600,0.0,0.0
2017-05-25,52.380001068115234,52.59000015258789,52.209999084472656,52.349998474121094,45.56888198852539,7627500,0.0,0.0
2017-05-26,52.349998474121094,52.7599983215332,52.22999954223633,52.59000015258789,45.77778625488281,5921300,0.0,0.0
2017-05-30,52.7599983215332,53.02000045776367,52.63999938964844,52.91999816894531,46.06504440307617,8039600,0.0,0.0
2017-05-31,53.02000045776367,53.279998779296875,52.709999084472656,52.9900016784668,46.125980377197266,8938800,0.0,0.0
2017-06-01,53.060001373291016,53.29999923706055,52.209999084472656,52.29999923706055,45.680519104003906,13352100,0.18,0.0
2017-06-02,52.70000076293945,53.0099983215332,52.36000061035156,52.97999954223633,46.27445602416992,18511200,0.0,0.0
2017-06-05,53.0,53.22999954223633,52.70000076293945,53.0099983215332,46.300655364990234,5748900,0.0,0.0
2017-06-06,52.900001525878906,53.099998474121094,52.43000030517578,52.47999954223633,45.837730407714844,8923000,0.0,0.0
2017-06-07,52.790000915527344,53.36000061035156,52.75,53.22999954223633,46.49280548095703,7438300,0.0,0.0
2017-06-08,53.22999954223633,54.13999938964844,53.150001525878906,53.20000076293945,46.46662139892578,7785600,0.0,0.0
2017-06-09,53.20000076293945,53.470001220703125,52.79999923706055,53.459999084472656,46.69370651245117,8347400,0.0,0.0
2017-06-12,53.5099983215332,54.25,53.5,54.029998779296875,47.19155502319336,9180000,0.0,0.0
2017-06-13,54.029998779296875,54.65999984741211,53.84000015258789,54.310001373291016,47.43611526489258,8720100,0.0,0.0
2017-06-14,54.47999954223633,54.66999816894531,53.95000076293945,54.65999984741211,47.741817474365234,6783900,0.0,0.0
2017-06-15,54.0,54.04999923706055,52.72999954223633,52.900001525878906,46.204586029052734,16041100,0.0,0.0
2017-06-16,51.75,51.84000015258789,50.790000915527344,51.099998474121094,44.63241195678711,25725500,0.0,0.0
2017-06-19,51.41999816894531,52.220001220703125,51.400001525878906,52.02000045776367,45.435951232910156,11265300,0.0,0.0
2017-06-20,52.04999923706055,52.130001068115234,51.099998474121094,51.560001373291016,45.0341682434082,10676500,0.0,0.0
2017-06-21,51.900001525878906,52.689998626708984,51.900001525878906,52.59000015258789,45.933815002441406,13021700,0.0,0.0
2017-06-22,52.599998474121094,52.619998931884766,52.09000015258789,52.400001525878906,45.767860412597656,10660700,0.0,0.0
2017-06-23,52.150001525878906,52.91999816894531,51.66999816894531,52.849998474121094,46.1609001159668,8522400,0.0,0.0
2017-06-26,52.95000076293945,53.56999969482422,52.66999816894531,53.279998779296875,46.536476135253906,7966200,0.0,0.0
2017-06-27,53.189998626708984,53.2599983215332,52.63999938964844,52.95000076293945,46.24824905395508,7873100,0.0,0.0
2017-06-28,53.16999816894531,53.61000061035156,52.959999084472656,53.36000061035156,46.60636901855469,7527200,0.0,0.0
2017-06-29,53.33000183105469,53.630001068115234,52.9900016784668,53.16999816894531,46.4404182434082,14801900,0.0,0.0
2017-06-30,56.599998474121094,59.709999084472656,56.5,59.0,51.53251266479492,46553000,0.0,0.0
2017-07-03,58.369998931884766,59.0099983215332,58.33000183105469,58.650001525878906,51.2268180847168,9910000,0.0,0.0
2017-07-05,58.2400016784668,58.290000915527344,57.5099983215332,57.560001373291016,50.274776458740234,16167000,0.0,0.0
2017-07-06,57.45000076293945,57.720001220703125,57.0,57.15999984741211,49.92539596557617,9035700,0.0,0.0
2017-07-07,57.400001525878906,58.08000183105469,57.029998779296875,57.97999954223633,50.64162063598633,8145400,0.0,0.0
2017-07-10,57.88999938964844,58.810001373291016,57.68000030517578,58.72999954223633,51.296688079833984,8942400,0.0,0.0
2017-07-11,58.540000915527344,58.93000030517578,58.040000915527344,58.18000030517578,50.8162956237793,7223000,0.0,0.0
2017-07-12,58.310001373291016,58.75,58.099998474121094,58.220001220703125,50.85124206542969,7243100,0.0,0.0
2017-07-13,58.220001220703125,58.58000183105469,57.93000030517578,57.939998626708984,50.6066780090332,8108600,0.0,0.0
2017-07-14,57.95000076293945,58.209999084472656,57.63999938964844,58.0,50.65907669067383,6345300,0.0,0.0
2017-07-17,58.0,58.349998474121094,57.7599983215332,57.790000915527344,50.475669860839844,6885000,0.0,0.0
2017-07-18,57.7400016784668,58.08000183105469,57.470001220703125,57.650001525878906,50.3533821105957,4922500,0.0,0.0
2017-07-19,57.599998474121094,57.880001068115234,57.38999938964844,57.77000045776367,50.458187103271484,4451100,0.0,0.0
2017-07-20,59.119998931884766,59.59000015258789,58.79999923706055,59.099998474121094,51.619850158691406,11915500,0.0,0.0
2017-07-21,59.0,60.0,58.90999984741211,59.95000076293945,52.36227798461914,11048300,0.0,0.0
2017-07-24,59.689998626708984,59.77000045776367,58.7599983215332,58.95000076293945,51.48884582519531,7498900,0.0,0.0
2017-07-25,59.31999969482422,59.52000045776367,58.91999816894531,59.38999938964844,51.87314224243164,5157100,0.0,0.0
2017-07-26,59.09000015258789,59.130001068115234,58.31999969482422,58.36000061035156,50.9735221862793,5529500,0.0,0.0
2017-07-27,58.599998474121094,58.68000030517578,57.9900016784668,58.150001525878906,50.79010009765625,8259900,0.0,0.0
2017-07-28,58.150001525878906,58.7400016784668,57.970001220703125,58.66999816894531,51.244266510009766,5112800,0.0,0.0
2017-07-31,58.709999084472656,59.119998931884766,58.33000183105469,59.04999923706055,51.57619094848633,6225900,0.0,0.0
2017-08-01,59.0,59.939998626708984,58.900001525878906,59.84000015258789,52.26621627807617,9051700,0.0,0.0
2017-08-02,59.54999923706055,59.95000076293945,59.27000045776367,59.790000915527344,52.222530364990234,4468100,0.0,0.0
2017-08-03,59.79999923706055,60.529998779296875,59.63999938964844,60.13999938964844,52.528228759765625,5677200,0.0,0.0
2017-08-04,60.16999816894531,60.34000015258789,59.630001068115234,59.7599983215332,52.19633102416992,4106000,0.0,0.0
2017-08-07,59.81999969482422,60.099998474121094,59.709999084472656,59.790000915527344,52.222530364990234,4066700,0.0,0.0
2017-08-08,59.880001068115234,60.119998931884766,59.36000061035156,59.459999084472656,51.93428039550781,5586400,0.0,0.0
2017-08-09,59.41999816894531,59.970001220703125,59.2599983215332,59.900001525878906,52.318607330322266,5310900,0.0,0.0
2017-08-10,59.68000030517578,59.689998626708984,59.060001373291016,59.06999969482422,51.593650817871094,5585100,0.0,0.0
2017-08-11,58.72999954223633,59.27000045776367,58.59000015258789,58.970001220703125,51.50631332397461,4980000,0.0,0.0
2017-08-14,59.150001525878906,60.0,59.130001068115234,59.779998779296875,52.213802337646484,5900000,0.0,0.0
2017-08-15,58.939998626708984,59.0099983215332,58.290000915527344,58.560001373291016,51.14821243286133,8913000,0.0,0.0
2017-08-16,58.900001525878906,59.04999923706055,58.220001220703125,58.540000915527344,51.130733489990234,5489600,0.0,0.0
2017-08-17,58.529998779296875,58.7400016784668,57.41999816894531,57.459999084472656,50.18742752075195,9148600,0.0,0.0
2017-08-18,54.849998474121094,55.41999816894531,54.16999816894531,54.95000076293945,47.995113372802734,22905200,0.0,0.0
2017-08-21,54.439998626708984,54.439998626708984,53.11000061035156,53.61000061035156,46.8247184753418,14289300,0.0,0.0
2017-08-22,53.91999816894531,54.40999984741211,53.790000915527344,54.130001068115234,47.27889633178711,8212800,0.0,0.0
2017-08-23,53.91999816894531,54.08000183105469,53.45000076293945,53.61000061035156,46.8247184753418,6409400,0.0,0.0
2017-08-24,53.93000030517578,53.970001220703125,53.459999084472656,53.84000015258789,47.02559280395508,5461900,0.0,0.0
2017-08-25,54.029998779296875,54.20000076293945,53.540000915527344,53.900001525878906,47.07802200317383,6416600,0.0,0.0
2017-08-28,54.06999969482422,54.43000030517578,53.619998931884766,53.72999954223633,46.929534912109375,5269400,0.0,0.0
2017-08-29,52.7400016784668,52.880001068115234,52.06999969482422,52.72999954223633,46.05609893798828,12539900,0.0,0.0
2017-08-30,52.79999923706055,52.959999084472656,52.25,52.560001373291016,45.90760803222656,7434500,0.0,0.0
2017-08-31,52.599998474121094,52.97999954223633,52.470001220703125,52.810001373291016,46.28448486328125,7728900,0.18,0.0
2017-09-01,53.0,53.45000076293945,52.900001525878906,53.36000061035156,46.76652145385742,5509800,0.0,0.0
2017-09-05,53.25,53.470001220703125,52.880001068115234,53.0099983215332,46.45976638793945,6306500,0.0,0.0
2017-09-06,53.119998931884766,53.34000015258789,52.709999084472656,52.7599983215332,46.240665435791016,7407600,0.0,0.0
2017-09-07,52.7599983215332,52.849998474121094,52.34000015258789,52.38999938964844,45.91637420654297,6905800,0.0,0.0
2017-09-08,52.25,52.5099983215332,52.11000061035156,52.20000076293945,45.749847412109375,8563300,0.0,0.0
2017-09-11,52.380001068115234,53.130001068115234,52.31999969482422,53.029998779296875,46.477298736572266,8649900,0.0,0.0
2017-09-12,53.77000045776367,54.09000015258789,53.29999923706055,53.400001525878906,46.801570892333984,7823700,0.0,0.0
2017-09-13,53.45000076293945,53.63999938964844,53.040000915527344,53.52000045776367,46.90675354003906,6086000,0.0,0.0
2017-09-14,53.540000915527344,53.88999938964844,53.119998931884766,53.72999954223633,47.09080505371094,7497400,0.0,0.0
2017-09-15,53.86000061035156,54.060001373291016,53.52000045776367,53.869998931884766,47.2135009765625,10046800,0.0,0.0
2017-09-18,53.869998931884766,54.15999984741211,53.400001525878906,53.5,46.88921356201172,8166400,0.0,0.0
2017-09-19,52.779998779296875,54.04999923706055,52.5099983215332,53.33000183105469,46.74021911621094,14707200,0.0,0.0
2017-09-20,53.4900016784668,53.63999938964844,53.040000915527344,53.560001373291016,46.94179916381836,7058000,0.0,0.0
2017-09-21,53.54999923706055,53.63999938964844,53.09000015258789,53.189998626708984,46.617523193359375,8065400,0.0,0.0
2017-09-22,53.02000045776367,53.61000061035156,52.79999923706055,53.2400016784668,46.66135025024414,10962400,0.0,0.0
2017-09-25,53.08000183105469,53.560001373291016,53.0,53.22999954223633,46.65257263183594,12262400,0.0,0.0
2017-09-26,53.18000030517578,53.970001220703125,52.97999954223633,53.70000076293945,47.06451416015625,16183700,0.0,0.0
2017-09-27,52.16999816894531,52.689998626708984,51.029998779296875,52.66999816894531,46.16177749633789,36202500,0.0,0.0
2017-09-28,52.79999923706055,53.029998779296875,52.33000183105469,52.630001068115234,46.12671661376953,11334700,0.0,0.0
2017-09-29,52.59000015258789,52.81999969482422,51.7599983215332,51.849998474121094,45.4431037902832,12189900,0.0,0.0
2017-10-02,52.15999984741211,52.209999084472656,51.65999984741211,51.869998931884766,45.46063995361328,7516200,0.0,0.0
2017-10-03,52.0,52.04999923706055,51.400001525878906,51.470001220703125,45.11005783081055,8126700,0.0,0.0
2017-10-04,51.5099983215332,52.130001068115234,51.400001525878906,52.08000183105469,45.644683837890625,8204300,0.0,0.0
2017-10-05,52.0099983215332,52.31999969482422,51.779998779296875,52.18000030517578,45.732322692871094,5287400,0.0,0.0
2017-10-06,52.20000076293945,52.459999084472656,52.119998931884766,52.41999816894531,45.942665100097656,5360300,0.0,0.0
2017-10-09,52.22999954223633,52.29999923706055,51.5,51.52000045776367,45.15386962890625,6875100,0.0,0.0
2017-10-10,51.58000183105469,51.81999969482422,51.369998931884766,51.529998779296875,45.16265106201172,8372700,0.0,0.0
2017-10-11,51.38999938964844,51.52000045776367,50.83000183105469,51.029998779296875,44.72442626953125,9109600,0.0,0.0
2017-10-12,50.97999954223633,51.119998931884766,50.349998474121094,50.83000183105469,44.54914093017578,10658400,0.0,0.0
2017-10-13,50.83000183105469,51.06999969482422,50.400001525878906,50.97999954223633,44.680599212646484,16227900,0.0,0.0
2017-10-16,50.79999923706055,51.40999984741211,50.63999938964844,51.369998931884766,45.02241134643555,9299300,0.0,0.0
2017-10-17,51.5,52.040000915527344,51.380001068115234,52.0,45.57455825805664,9492700,0.0,0.0
2017-10-18,52.18000030517578,52.400001525878906,52.099998474121094,52.29999923706055,45.83749771118164,10890300,0.0,0.0
2017-10-19,51.65999984741211,52.79999923706055,51.47999954223633,52.689998626708984,46.17930221557617,12568200,0.0,0.0
2017-10-20,52.790000915527344,53.5,52.790000915527344,53.060001373291016,46.50358581542969,13020900,0.0,0.0
2017-10-23,53.060001373291016,53.95000076293945,53.0,53.65999984741211,47.029441833496094,12242600,0.0,0.0
2017-10-24,53.900001525878906,54.0,53.099998474121094,53.41999816894531,46.8191032409668,14767600,0.0,0.0
2017-10-25,53.43000030517578,55.90999984741211,52.66999816894531,54.939998626708984,48.151268005371094,24804000,0.0,0.0
2017-10-26,55.2599983215332,57.25,55.13999938964844,56.810001373291016,49.790218353271484,22185100,0.0,0.0
2017-10-27,55.81999969482422,56.36000061035156,55.650001525878906,55.959999084472656,49.04524230957031,12801800,0.0,0.0
2017-10-30,55.709999084472656,55.93000030517578,54.84000015258789,55.27000045776367,48.44050598144531,10169400,0.0,0.0
2017-10-31,54.75,55.279998779296875,54.52000045776367,54.9900016784668,48.19510269165039,9794800,0.0,0.0
2017-11-01,55.41999816894531,55.5,54.849998474121094,55.06999969482422,48.265220642089844,7544500,0.0,0.0
2017-11-02,55.150001525878906,55.31999969482422,54.59000015258789,55.119998931884766,48.30903625488281,7250300,0.0,0.0
2017-11-03,55.150001525878906,55.720001220703125,55.040000915527344,55.709999084472656,48.826133728027344,9448200,0.0,0.0
2017-11-06,55.290000915527344,56.130001068115234,55.13999938964844,56.040000915527344,49.115352630615234,9332200,0.0,0.0
2017-11-07,55.75,56.02000045776367,55.02000045776367,55.150001525878906,48.33533477783203,7774700,0.0,0.0
2017-11-08,55.0,55.77000045776367,54.88999938964844,55.7599983215332,48.86995315551758,7079400,0.0,0.0
2017-11-09,55.5,56.349998474121094,55.310001373291016,56.130001068115234,49.194244384765625,10958500,0.0,0.0
2017-11-10,55.880001068115234,56.4900016784668,55.619998931884766,56.09000015258789,49.15918731689453,7535700,0.0,0.0
2017-11-13,55.65999984741211,56.09000015258789,55.65999984741211,55.90999984741211,49.00141525268555,10106100,0.0,0.0
2017-11-14,55.709999084472656,56.18000030517578,55.529998779296875,55.97999954223633,49.062774658203125,5037500,0.0,0.0
2017-11-15,55.959999084472656,56.869998931884766,55.08000183105469,56.630001068115234,49.6324577331543,6610500,0.0,0.0
2017-11-16,56.619998931884766,57.279998779296875,56.40999984741211,57.22999954223633,50.158321380615234,8233300,0.0,0.0
2017-11-17,58.540000915527344,59.529998779296875,58.369998931884766,59.189998626708984,51.876121520996094,15475500,0.0,0.0
2017-11-20,58.630001068115234,59.5,57.97999954223633,59.25,51.928714752197266,8480600,0.0,0.0
2017-11-21,59.029998779296875,59.400001525878906,58.93000030517578,59.38999938964844,52.05140686035156,9057800,0.0,0.0
2017-11-22,59.18000030517578,59.34000015258789,58.939998626708984,59.06999969482422,51.77094650268555,8501300,0.0,0.0
2017-11-24,59.0,59.349998474121094,58.90999984741211,59.31999969482422,51.99006271362305,3400400,0.0,0.0
2017-11-27,59.20000076293945,59.70000076293945,59.16999816894531,59.630001068115234,52.26175308227539,7891600,0.0,0.0
2017-11-28,58.7599983215332,59.599998474121094,58.540000915527344,59.58000183105469,52.217933654785156,8665300,0.0,0.0
2017-11-29,59.72999954223633,60.630001068115234,59.72999954223633,60.36000061035156,52.901546478271484,12022800,0.0,0.0
2017-11-30,60.2599983215332,61.209999084472656,60.20000076293945,60.41999816894531,52.95413589477539,12551200,0.0,0.0
2017-12-01,60.41999816894531,60.43000030517578,59.2400016784668,59.880001068115234,52.655155181884766,10113500,0.2,0.0
2017-12-04,60.27000045776367,60.70000076293945,59.970001220703125,60.099998474121094,52.84861373901367,7513200,0.0,0.0
2017-12-05,60.650001525878906,60.79999923706055,59.650001525878906,60.41999816894531,53.130001068115234,8862900,0.0,0.0
2017-12-06,60.40999984741211,60.849998474121094,59.70000076293945,59.720001220703125,52.514469146728516,7862200,0.0,0.0
2017-12-07,59.86000061035156,61.060001373291016,59.650001525878906,60.599998474121094,53.28829574584961,6113300,0.0,0.0
2017-12-08,60.5,61.369998931884766,60.290000915527344,61.29999923706055,53.903831481933594,6065200,0.0,0.0
2017-12-11,61.369998931884766,62.220001220703125,61.29999923706055,61.90999984741211,54.44023132324219,9017800,0.0,0.0
2017-12-12,61.810001373291016,62.529998779296875,61.650001525878906,62.16999816894531,54.668861389160156,7358000,0.0,0.0
2017-12-13,62.220001220703125,64.45999908447266,62.02000045776367,64.30000305175781,56.541866302490234,16072600,0.0,0.0
2017-12-14,64.43000030517578,64.8499984741211,64.05000305175781,64.52999877929688,56.74410629272461,13055100,0.0,0.0
2017-12-15,64.88999938964844,65.06999969482422,64.1500015258789,64.79000091552734,56.972747802734375,15659300,0.0,0.0
2017-12-18,64.93000030517578,65.08000183105469,64.38999938964844,64.80999755859375,56.99034118652344,12652000,0.0,0.0
2017-12-19,65.1500015258789,65.19000244140625,64.18000030517578,64.23999786376953,56.489097595214844,8212500,0.0,0.0
2017-12-20,64.38999938964844,64.5,63.58000183105469,63.59000015258789,55.91752624511719,12468600,0.0,0.0
2017-12-21,64.29000091552734,64.9800033569336,63.29999923706055,64.7699966430664,56.95514678955078,14352300,0.0,0.0
2017-12-22,61.20000076293945,63.540000915527344,60.130001068115234,63.290000915527344,55.65372848510742,20414200,0.0,0.0
2017-12-26,62.900001525878906,63.88999938964844,62.810001373291016,63.650001525878906,55.97029113769531,4563500,0.0,0.0
2017-12-27,63.560001373291016,63.599998474121094,62.77000045776367,62.95000076293945,55.35474395751953,8959700,0.0,0.0
2017-12-28,63.0,63.31999969482422,62.849998474121094,62.95000076293945,55.35474395751953,3987200,0.0,0.0
2017-12-29,63.209999084472656,63.369998931884766,62.54999923706055,62.54999923706055,55.00300979614258,5222100,0.0,0.0
2018-01-02,62.849998474121094,63.4900016784668,62.849998474121094,63.4900016784668,55.8296012878418,6511000,0.0,0.0
2018-01-03,63.47999954223633,63.65999984741211,62.7599983215332,63.47999954223633,55.82080841064453,6091100,0.0,0.0
2018-01-04,63.400001525878906,63.54999923706055,62.54999923706055,63.439998626708984,55.7856330871582,5780500,0.0,0.0
2018-01-05,63.70000076293945,64.30000305175781,63.470001220703125,63.97999954223633,56.260475158691406,11632300,0.0,0.0
2018-01-08,64.1500015258789,64.70999908447266,63.97999954223633,64.55000305175781,56.76170349121094,11905700,0.0,0.0
2018-01-09,64.2300033569336,64.72000122070312,63.470001220703125,64.08999633789062,56.357200622558594,8771300,0.0,0.0
2018-01-10,63.880001068115234,64.2300033569336,63.439998626708984,64.22000122070312,56.47152328491211,5010600,0.0,0.0
2018-01-11,64.02999877929688,64.30999755859375,63.779998779296875,64.29000091552734,56.53307342529297,5103500,0.0,0.0
2018-01-12,64.5,64.72000122070312,64.31999969482422,64.66999816894531,56.867218017578125,5135700,0.0,0.0
2018-01-16,64.77999877929688,65.36000061035156,63.369998931884766,63.41999816894531,55.76804733276367,9117000,0.0,0.0
2018-01-17,63.66999816894531,64.01000213623047,63.08000183105469,63.810001373291016,56.11099624633789,7422600,0.0,0.0
2018-01-18,64.0,64.20999908447266,63.540000915527344,64.11000061035156,56.37479019165039,5656900,0.0,0.0
2018-01-19,65.30999755859375,67.23999786376953,65.12000274658203,67.20999908447266,59.10075759887695,12896100,0.0,0.0
2018-01-22,66.55000305175781,66.83000183105469,65.76000213623047,66.38999938964844,58.37970733642578,8491800,0.0,0.0
2018-01-23,66.52999877929688,67.33000183105469,66.44000244140625,67.13999938964844,59.039207458496094,6412000,0.0,0.0
2018-01-24,67.33999633789062,68.18000030517578,67.06999969482422,68.0,59.79544448852539,7421800,0.0,0.0
2018-01-25,68.12999725341797,68.63999938964844,67.44999694824219,67.70999908447266,59.54043197631836,5707600,0.0,0.0
2018-01-26,68.19999694824219,68.63999938964844,67.91999816894531,68.04000091552734,59.83060836791992,6290500,0.0,0.0
2018-01-29,67.81999969482422,68.13999938964844,67.41999816894531,67.58000183105469,59.42610549926758,5067300,0.0,0.0
2018-01-30,67.5,68.30999755859375,67.16000366210938,67.33000183105469,59.20627212524414,6350500,0.0,0.0
2018-01-31,67.5,68.83000183105469,67.47000122070312,68.22000122070312,59.98891830444336,11036400,0.0,0.0
2018-02-01,67.66999816894531,67.97000122070312,66.69999694824219,67.6500015258789,59.48766326904297,5790500,0.0,0.0
2018-02-02,67.22000122070312,67.79000091552734,67.0,67.22000122070312,59.10956573486328,9348300,0.0,0.0
2018-02-05,66.62999725341797,67.20999908447266,64.38999938964844,64.38999938964844,56.62101364135742,12549500,0.0,0.0
2018-02-06,62.47999954223633,65.41999816894531,62.09000015258789,65.22000122070312,57.350860595703125,13356700,0.0,0.0
2018-02-07,65.1500015258789,66.83999633789062,65.0999984741211,65.62999725341797,57.711387634277344,8845700,0.0,0.0
2018-02-08,65.52999877929688,65.70999908447266,62.459999084472656,62.4900016784668,54.950252532958984,14121800,0.0,0.0
2018-02-09,63.7599983215332,66.05000305175781,62.84000015258789,65.48999786376953,57.588287353515625,13733300,0.0,0.0
2018-02-12,65.94000244140625,66.81999969482422,65.68000030517578,65.9800033569336,58.01917266845703,9792200,0.0,0.0
2018-02-13,65.8499984741211,66.2300033569336,65.43000030517578,65.87000274658203,57.92243194580078,9538400,0.0,0.0
2018-02-14,65.72000122070312,68.02999877929688,65.55000305175781,67.95999908447266,59.76025390625,8662600,0.0,0.0
2018-02-15,68.38999938964844,68.76000213623047,67.25,68.29000091552734,60.050445556640625,7390200,0.0,0.0
2018-02-16,67.9000015258789,69.0,67.73999786376953,68.30000305175781,60.059242248535156,6842100,0.0,0.0
2018-02-20,67.63999938964844,67.97000122070312,67.05000305175781,67.48999786376953,59.34696960449219,4859100,0.0,0.0
2018-02-21,67.66000366210938,68.0199966430664,67.02999877929688,67.05000305175781,58.960060119628906,5107900,0.0,0.0
2018-02-22,67.25,67.4800033569336,66.73999786376953,67.12999725341797,59.030418395996094,6515800,0.0,0.0
2018-02-23,67.38999938964844,68.16000366210938,66.8499984741211,68.16000366210938,59.93613052368164,4428500,0.0,0.0
2018-02-26,68.38999938964844,69.80999755859375,68.33999633789062,69.6500015258789,61.24636459350586,6499500,0.0,0.0
2018-02-27,70.0,70.25,68.02999877929688,68.02999877929688,59.82183074951172,6843100,0.0,0.0
2018-02-28,68.0999984741211,68.30000305175781,67.01000213623047,67.02999877929688,58.94245147705078,6091800,0.0,0.0
2018-03-01,67.23999786376953,67.66999816894531,65.66999816894531,66.31999969482422,58.318153381347656,7323900,0.0,0.0
2018-03-02,64.91000366210938,66.08999633789062,64.20999908447266,65.88999938964844,58.115291595458984,8380500,0.2,0.0
2018-03-05,65.4800033569336,65.48999786376953,64.33999633789062,65.05000305175781,57.37439727783203,8838400,0.0,0.0
2018-03-06,65.20999908447266,65.36000061035156,64.62999725341797,65.23999786376953,57.5419807434082,6550100,0.0,0.0
2018-03-07,64.51000213623047,64.79000091552734,63.88999938964844,64.16999816894531,56.598228454589844,6457600,0.0,0.0
2018-03-08,64.55999755859375,65.25,64.4800033569336,65.11000061035156,57.42731857299805,5573000,0.0,0.0
2018-03-09,65.51000213623047,66.51000213623047,65.36000061035156,66.30000305175781,58.47690200805664,5838400,0.0,0.0
2018-03-12,66.6500015258789,67.61000061035156,66.31999969482422,66.81999969482422,58.93553161621094,7522700,0.0,0.0
2018-03-13,67.30000305175781,67.69000244140625,66.12999725341797,66.16999816894531,58.36222839355469,5167300,0.0,0.0
2018-03-14,66.6500015258789,66.9000015258789,65.66999816894531,66.19999694824219,58.388694763183594,6463800,0.0,0.0
2018-03-15,66.48999786376953,66.61000061035156,66.12999725341797,66.38999938964844,58.55630111694336,5260800,0.0,0.0
2018-03-16,66.30999755859375,66.69000244140625,65.91000366210938,65.91000366210938,58.1329345703125,12860900,0.0,0.0
2018-03-19,65.69999694824219,66.33999633789062,65.19000244140625,65.70999908447266,57.95650863647461,7255600,0.0,0.0
2018-03-20,65.94000244140625,66.87000274658203,65.93000030517578,66.80000305175781,58.917903900146484,6906200,0.0,0.0
2018-03-21,66.7300033569336,67.20999908447266,66.30999755859375,66.3499984741211,58.52100372314453,5805200,0.0,0.0
2018-03-22,65.5999984741211,66.1500015258789,64.2300033569336,64.41999816894531,56.8187255859375,12313300,0.0,0.0
2018-03-23,66.69999694824219,67.11000061035156,64.45999908447266,64.62999725341797,57.00395202636719,17343800,0.0,0.0
2018-03-26,65.08000183105469,66.05999755859375,64.98999786376953,65.9000015258789,58.12410354614258,10796000,0.0,0.0
2018-03-27,65.88999938964844,67.63999938964844,65.43000030517578,66.16999816894531,58.36222839355469,9452500,0.0,0.0
2018-03-28,66.58999633789062,67.1500015258789,65.2699966430664,65.44000244140625,57.718379974365234,7208400,0.0,0.0
2018-03-29,65.69999694824219,66.55000305175781,65.61000061035156,66.44000244140625,58.60038757324219,10748300,0.0,0.0
2018-04-02,65.97000122070312,66.05000305175781,63.209999084472656,64.12000274658203,56.554141998291016,12383900,0.0,0.0
2018-04-03,64.47000122070312,66.7300033569336,64.36000061035156,66.69999694824219,58.82969284057617,8766400,0.0,0.0
2018-04-04,65.97000122070312,68.5,65.93000030517578,68.41999816894531,60.346763610839844,10275800,0.0,0.0
2018-04-05,68.5,69.77999877929688,68.38999938964844,69.58999633789062,61.37869644165039,9093300,0.0,0.0
2018-04-06,68.51000213623047,69.30999755859375,66.93000030517578,67.55000305175781,59.579402923583984,9719300,0.0,0.0
2018-04-09,68.38999938964844,68.55000305175781,67.1500015258789,67.18000030517578,59.25307846069336,6504500,0.0,0.0
2018-04-10,67.80999755859375,67.87999725341797,66.48999786376953,67.0,59.09428787231445,10098900,0.0,0.0
2018-04-11,66.58000183105469,67.19999694824219,66.5199966430664,66.83000183105469,58.94437789916992,5185500,0.0,0.0
2018-04-12,67.06999969482422,68.0,67.06999969482422,67.7699966430664,59.77344512939453,5145300,0.0,0.0
2018-04-13,68.12000274658203,68.33000183105469,66.9800033569336,67.25,59.31481170654297,4300200,0.0,0.0
2018-04-16,67.80999755859375,67.9800033569336,67.05999755859375,67.05999755859375,59.14722442626953,6484400,0.0,0.0
2018-04-17,67.37000274658203,67.66999816894531,67.27999877929688,67.51000213623047,59.54413604736328,5605700,0.0,0.0
2018-04-18,67.52999877929688,67.73999786376953,66.16000366210938,66.19999694824219,58.388694763183594,7384000,0.0,0.0
2018-04-19,66.02999877929688,66.30000305175781,64.98999786376953,65.7300033569336,57.97416305541992,8274300,0.0,0.0
2018-04-20,65.75,66.11000061035156,65.44999694824219,66.08999633789062,58.291690826416016,10402800,0.0,0.0
2018-04-23,66.0,67.02999877929688,65.94999694824219,66.87999725341797,58.98846435546875,6338400,0.0,0.0
2018-04-24,67.30999755859375,67.51000213623047,66.72000122070312,66.97000122070312,59.06785583496094,8176100,0.0,0.0
2018-04-25,66.83999633789062,67.0,66.25,66.66999816894531,58.80323791503906,5188900,0.0,0.0
2018-04-26,66.77999877929688,68.29000091552734,66.63999938964844,68.05000305175781,60.020416259765625,5355200,0.0,0.0
2018-04-27,68.47000122070312,70.0,68.44999694824219,69.55999755859375,61.352230072021484,7814900,0.0,0.0
2018-04-30,69.58000183105469,69.80999755859375,68.38999938964844,68.38999938964844,60.3203010559082,6484100,0.0,0.0
2018-05-01,67.9800033569336,68.20999908447266,67.02999877929688,68.0999984741211,60.06449890136719,4957800,0.0,0.0
2018-05-02,68.04000091552734,68.55999755859375,67.4800033569336,68.26000213623047,60.20564270019531,5752100,0.0,0.0
2018-05-03,67.80000305175781,67.8499984741211,66.63999938964844,66.9000015258789,59.00611877441406,6155900,0.0,0.0
2018-05-04,66.83999633789062,68.33000183105469,66.80000305175781,68.0999984741211,60.06449890136719,5132900,0.0,0.0
2018-05-07,68.05999755859375,69.41999816894531,68.05999755859375,69.33999633789062,61.158206939697266,5041600,0.0,0.0
2018-05-08,69.19999694824219,69.2300033569336,68.19999694824219,68.45999908447266,60.38203430175781,6534900,0.0,0.0
2018-05-09,68.41999816894531,68.47000122070312,67.01000213623047,67.94999694824219,59.93220901489258,7956300,0.0,0.0
2018-05-10,68.13999938964844,68.2699966430664,67.33000183105469,67.91999816894531,59.90574645996094,4965200,0.0,0.0
2018-05-11,68.02999877929688,68.52999877929688,67.91000366210938,68.43000030517578,60.355560302734375,4145100,0.0,0.0
2018-05-14,68.5999984741211,68.88999938964844,68.11000061035156,68.83999633789062,60.71720886230469,3453800,0.0,0.0
2018-05-15,68.30999755859375,69.5199966430664,68.2300033569336,69.5,61.2993278503418,5045000,0.0,0.0
2018-05-16,69.66999816894531,71.51000213623047,69.62000274658203,71.33999633789062,62.92219924926758,9693000,0.0,0.0
2018-05-17,71.4000015258789,71.5999984741211,70.81999969482422,70.94000244140625,62.56942367553711,6064700,0.0,0.0
2018-05-18,70.76000213623047,71.58999633789062,70.47000122070312,71.31999969482422,62.90456771850586,5688100,0.0,0.0
2018-05-21,71.4800033569336,71.69999694824219,70.70999908447266,71.37999725341797,62.95747756958008,5480700,0.0,0.0
2018-05-22,71.45999908447266,72.19000244140625,71.26000213623047,71.30999755859375,62.89571762084961,5675300,0.0,0.0
2018-05-23,70.94999694824219,71.91999816894531,70.83000183105469,71.33999633789062,62.92219924926758,6806400,0.0,0.0
2018-05-24,71.43000030517578,72.27999877929688,71.31999969482422,72.18000030517578,63.663082122802734,5613800,0.0,0.0
2018-05-25,73.0999984741211,73.48999786376953,71.62999725341797,72.25,63.724849700927734,5889700,0.0,0.0
2018-05-29,71.5199966430664,71.61000061035156,70.43000030517578,70.91999816894531,62.5517692565918,5857900,0.0,0.0
2018-05-30,71.45999908447266,72.29000091552734,70.94000244140625,72.2300033569336,63.707210540771484,5799900,0.0,0.0
2018-05-31,72.0,72.22000122070312,71.23999786376953,71.80000305175781,63.32793045043945,7856200,0.0,0.0
2018-06-01,72.12000274658203,72.94999694824219,72.12000274658203,72.76000213623047,64.35389709472656,4085900,0.2,0.0
2018-06-04,73.0,73.87000274658203,72.79000091552734,73.83000183105469,65.30030059814453,4581900,0.0,0.0
2018-06-05,73.61000061035156,74.22000122070312,73.13999938964844,74.05000305175781,65.4948501586914,4928700,0.0,0.0
2018-06-06,74.37999725341797,74.94000244140625,74.19000244140625,74.75,66.114013671875,5318100,0.0,0.0
2018-06-07,74.94999694824219,75.91000366210938,74.6500015258789,74.76000213623047,66.12286376953125,6846300,0.0,0.0
2018-06-08,74.77999877929688,75.06999969482422,74.30000305175781,74.9000015258789,66.24665832519531,5524900,0.0,0.0
2018-06-11,75.05999755859375,75.20999908447266,74.54000091552734,74.58999633789062,65.97248840332031,4902800,0.0,0.0
2018-06-12,74.41999816894531,74.61000061035156,74.06999969482422,74.29000091552734,65.70714569091797,4356500,0.0,0.0
2018-06-13,74.2699966430664,74.9000015258789,73.98999786376953,74.11000061035156,65.54792785644531,4696200,0.0,0.0
2018-06-14,74.5999984741211,75.1500015258789,74.3499984741211,74.69999694824219,66.06975555419922,4636000,0.0,0.0
2018-06-15,74.70999908447266,75.8499984741211,74.5,75.83999633789062,67.07807922363281,10977300,0.0,0.0
2018-06-18,75.27999877929688,75.76000213623047,74.91000366210938,75.61000061035156,66.87468719482422,4515900,0.0,0.0
2018-06-19,74.5,74.91999816894531,73.6500015258789,74.26000213623047,65.68060302734375,7562200,0.0,0.0
2018-06-20,74.19999694824219,74.91000366210938,73.97000122070312,74.72000122070312,66.08746337890625,4424900,0.0,0.0
2018-06-21,73.69999694824219,74.79000091552734,73.55000305175781,73.94000244140625,65.39759826660156,5537900,0.0,0.0
2018-06-22,73.56999969482422,74.41000366210938,73.20999908447266,73.43000030517578,64.9465103149414,9404900,0.0,0.0
2018-06-25,73.31999969482422,73.36000061035156,72.02999877929688,72.3499984741211,63.991275787353516,9064100,0.0,0.0
2018-06-26,72.5,73.29000091552734,72.3499984741211,72.55999755859375,64.1770248413086,7072600,0.0,0.0
2018-06-27,72.7300033569336,72.94999694824219,71.1500015258789,71.3499984741211,63.106815338134766,7624700,0.0,0.0
2018-06-28,71.44999694824219,72.12000274658203,71.3499984741211,71.69999694824219,63.41637420654297,9118500,0.0,0.0
2018-06-29,78.76000213623047,81.0,78.36000061035156,79.68000030517578,70.47444915771484,31314100,0.0,0.0
2018-07-02,78.58000183105469,79.4800033569336,77.0199966430664,78.3499984741211,69.29808807373047,11867000,0.0,0.0
2018-07-03,77.41000366210938,77.88999938964844,76.0999984741211,76.27999877929688,67.46721649169922,5794900,0.0,0.0
2018-07-05,76.62000274658203,77.41999816894531,76.13999938964844,76.55000305175781,67.7060317993164,6534500,0.0,0.0
2018-07-06,76.4800033569336,77.08000183105469,76.06999969482422,76.4800033569336,67.6441421508789,5916200,0.0,0.0
2018-07-09,76.83999633789062,77.37999725341797,76.3499984741211,77.27999877929688,68.35173034667969,4871400,0.0,0.0
2018-07-10,77.44000244140625,78.08999633789062,77.16000366210938,77.56999969482422,68.60820770263672,6281800,0.0,0.0
2018-07-11,77.12999725341797,77.63999938964844,76.83000183105469,77.36000061035156,68.42247009277344,3656600,0.0,0.0
2018-07-12,77.94000244140625,78.18000030517578,77.2300033569336,77.37000274658203,68.43133544921875,4879200,0.0,0.0
2018-07-13,77.19999694824219,77.61000061035156,77.13999938964844,77.37999725341797,68.4401626586914,2963100,0.0,0.0
2018-07-16,77.36000061035156,78.0999984741211,77.30000305175781,77.75,68.76741027832031,4755100,0.0,0.0
2018-07-17,77.51000213623047,78.0199966430664,77.4000015258789,77.47000122070312,68.519775390625,4355400,0.0,0.0
2018-07-18,77.43000030517578,77.62000274658203,76.31999969482422,76.58999633789062,67.74144744873047,6101600,0.0,0.0
2018-07-19,75.93000030517578,77.16000366210938,75.80000305175781,76.94999694824219,68.0598373413086,4875100,0.0,0.0
2018-07-20,76.30999755859375,77.08000183105469,76.16000366210938,76.95999908447266,68.06867980957031,5246400,0.0,0.0
2018-07-23,76.70999908447266,76.94999694824219,76.12999725341797,76.58999633789062,67.74144744873047,4198200,0.0,0.0
2018-07-24,76.8499984741211,77.08999633789062,75.44000244140625,75.52999877929688,66.80387115478516,6054000,0.0,0.0
2018-07-25,75.23999786376953,77.18000030517578,75.05999755859375,77.16000366210938,68.24557495117188,5542400,0.0,0.0
2018-07-26,77.0,78.44000244140625,76.81999969482422,78.1500015258789,69.12120056152344,6706200,0.0,0.0
2018-07-27,78.16999816894531,78.41000366210938,76.79000091552734,76.88999938964844,68.00677490234375,6125700,0.0,0.0
2018-07-30,76.87999725341797,76.95999908447266,75.43000030517578,75.95999908447266,67.18419647216797,7275300,0.0,0.0
2018-07-31,76.44000244140625,77.58999633789062,76.16000366210938,76.91000366210938,68.02445983886719,8265600,0.0,0.0
2018-08-01,76.5,78.05999755859375,76.5,77.54000091552734,68.58168029785156,6878300,0.0,0.0
2018-08-02,77.7699966430664,79.06999969482422,77.4000015258789,78.6500015258789,69.56343078613281,5313800,0.0,0.0
2018-08-03,78.7300033569336,78.9800033569336,78.44000244140625,78.73999786376953,69.6430435180664,3762100,0.0,0.0
2018-08-06,78.73999786376953,79.58000183105469,78.43000030517578,79.51000213623047,70.32405853271484,4280600,0.0,0.0
2018-08-07,79.7300033569336,80.62999725341797,79.2699966430664,80.52999877929688,71.22623443603516,5418900,0.0,0.0
2018-08-08,80.20999908447266,81.08000183105469,80.04000091552734,80.5,71.1996841430664,5327100,0.0,0.0
2018-08-09,80.48999786376953,81.87999725341797,80.41000366210938,81.26000213623047,71.87188720703125,4558500,0.0,0.0
2018-08-10,80.81999969482422,81.29000091552734,80.29000091552734,80.7300033569336,71.40312957763672,5036700,0.0,0.0
2018-08-13,80.81999969482422,81.1500015258789,80.01000213623047,80.1500015258789,70.89012145996094,4101200,0.0,0.0
2018-08-14,80.33000183105469,80.8499984741211,79.68000030517578,80.13999938964844,70.88126373291016,6079700,0.0,0.0
2018-08-15,79.56999969482422,79.86000061035156,79.12000274658203,79.56999969482422,70.37715148925781,5057200,0.0,0.0
2018-08-16,79.9000015258789,80.61000061035156,79.80000305175781,80.05000305175781,70.80169677734375,5475800,0.0,0.0
2018-08-17,80.04000091552734,80.44000244140625,79.68000030517578,79.75,70.53633117675781,9001400,0.0,0.0
2018-08-20,81.5199966430664,82.41999816894531,80.94999694824219,82.18000030517578,72.68560791015625,9345200,0.0,0.0
2018-08-21,82.30999755859375,83.08000183105469,82.0199966430664,82.94999694824219,73.36663818359375,6337000,0.0,0.0
2018-08-22,83.0999984741211,83.68000030517578,82.27999877929688,82.63999938964844,73.09244537353516,4308300,0.0,0.0
2018-08-23,82.43000030517578,83.56999969482422,82.33999633789062,82.91000366210938,73.33126831054688,4156900,0.0,0.0
2018-08-24,82.41999816894531,82.87999725341797,82.0999984741211,82.44999694824219,72.92442321777344,3453000,0.0,0.0
2018-08-27,83.04000091552734,83.44999694824219,82.2300033569336,82.6500015258789,73.10131072998047,4012400,0.0,0.0
2018-08-28,83.2300033569336,83.62999725341797,82.4800033569336,82.58000183105469,73.03939056396484,3788800,0.0,0.0
2018-08-29,82.41999816894531,83.0999984741211,82.22000122070312,82.79000091552734,73.22514343261719,5712400,0.0,0.0
2018-08-30,82.58000183105469,82.76000213623047,81.01000213623047,81.4000015258789,71.99571228027344,7122100,0.0,0.0
2018-08-31,81.25,82.25,81.25,82.19999694824219,72.88238525390625,5177100,0.2,0.0
2018-09-04,79.38999938964844,80.97000122070312,79.0,79.5999984741211,70.57705688476562,18565800,0.0,0.0
2018-09-05,79.6500015258789,80.31999969482422,79.30000305175781,79.91999816894531,70.86080932617188,12269100,0.0,0.0
2018-09-06,80.16999816894531,80.83999633789062,79.7699966430664,80.4000015258789,71.28641510009766,8576900,0.0,0.0
2018-09-07,80.01000213623047,81.16000366210938,80.01000213623047,80.30000305175781,71.19774627685547,6633900,0.0,0.0
2018-09-10,81.38999938964844,82.44000244140625,81.22000122070312,82.0999984741211,72.793701171875,6965600,0.0,0.0
2018-09-11,83.19999694824219,83.58000183105469,82.55000305175781,82.62999725341797,73.26361846923828,7166800,0.0,0.0
2018-09-12,82.69999694824219,83.04000091552734,82.04000091552734,83.0,73.59169006347656,5384300,0.0,0.0
2018-09-13,83.20999908447266,83.9000015258789,83.12000274658203,83.47000122070312,74.0083999633789,5382100,0.0,0.0
2018-09-14,83.58000183105469,83.83999633789062,83.05999755859375,83.48999786376953,74.02613067626953,4884400,0.0,0.0
2018-09-17,83.48999786376953,83.93000030517578,82.94000244140625,83.26000213623047,73.82221221923828,4861100,0.0,0.0
2018-09-18,83.23999786376953,85.3499984741211,83.23999786376953,85.26000213623047,75.59551239013672,7277700,0.0,0.0
2018-09-19,85.69000244140625,85.8499984741211,84.12000274658203,84.43000030517578,74.8595962524414,8053100,0.0,0.0
2018-09-20,85.08999633789062,85.87000274658203,84.93000030517578,85.37000274658203,75.69303894042969,6620300,0.0,0.0
2018-09-21,86.0,86.04000091552734,85.01000213623047,85.55000305175781,75.85262298583984,13852700,0.0,0.0
2018-09-24,85.16000366210938,85.26000213623047,84.25,84.2699966430664,74.71772766113281,8770400,0.0,0.0
2018-09-25,84.86000061035156,85.0999984741211,84.06999969482422,84.79000091552734,75.17878723144531,10519500,0.0,0.0
2018-09-26,82.61000061035156,84.7300033569336,81.94999694824219,83.69999694824219,74.21234130859375,16357100,0.0,0.0
2018-09-27,83.7699966430664,84.91999816894531,83.7300033569336,84.54000091552734,74.9571304321289,6080600,0.0,0.0
2018-09-28,84.29000091552734,85.2699966430664,84.25,84.72000122070312,75.11671447753906,7452700,0.0,0.0
2018-10-01,85.0999984741211,85.8499984741211,84.37000274658203,84.45999908447266,74.88617706298828,7876400,0.0,0.0
2018-10-02,84.33999633789062,84.55000305175781,82.5,82.7699966430664,73.38774108886719,8446900,0.0,0.0
2018-10-03,81.93000030517578,82.95999908447266,81.75,82.5,73.14837646484375,10046700,0.0,0.0
2018-10-04,82.33999633789062,82.4800033569336,80.0199966430664,80.18000030517578,71.09132385253906,9161100,0.0,0.0
2018-10-05,80.08999633789062,80.98999786376953,79.43000030517578,80.12000274658203,71.03813171386719,7019100,0.0,0.0
2018-10-08,80.04000091552734,80.54000091552734,79.08000183105469,80.2300033569336,71.13565826416016,8058700,0.0,0.0
2018-10-09,80.37000274658203,81.48999786376953,80.16000366210938,80.41999816894531,71.30415344238281,7643400,0.0,0.0
2018-10-10,79.66000366210938,80.04000091552734,74.7699966430664,74.94000244140625,66.44529724121094,12977800,0.0,0.0
2018-10-11,74.7699966430664,77.06999969482422,73.9000015258789,74.51000213623047,66.0640640258789,11532100,0.0,0.0
2018-10-12,75.97000122070312,76.86000061035156,74.91000366210938,75.91000366210938,67.30538940429688,10393800,0.0,0.0
2018-10-15,75.7699966430664,76.16000366210938,74.97000122070312,74.98999786376953,66.48963928222656,5789000,0.0,0.0
2018-10-16,75.5999984741211,77.6500015258789,75.31999969482422,77.4800033569336,68.69737243652344,7744200,0.0,0.0
2018-10-17,77.5199966430664,77.80000305175781,75.94000244140625,76.4800033569336,67.81073760986328,6816900,0.0,0.0
2018-10-18,77.4000015258789,77.41000366210938,75.0,75.5999984741211,67.03050231933594,7622200,0.0,0.0
2018-10-19,75.83000183105469,76.05000305175781,74.13999938964844,74.20999908447266,65.79805755615234,7301200,0.0,0.0
2018-10-22,74.6500015258789,75.20999908447266,74.30000305175781,74.9000015258789,66.40983581542969,7042500,0.0,0.0
2018-10-23,74.19000244140625,74.37999725341797,72.06999969482422,73.3499984741211,65.0355453491211,11423800,0.0,0.0
2018-10-24,73.47000122070312,74.61000061035156,71.94999694824219,72.12000274658203,63.94496536254883,8333900,0.0,0.0
2018-10-25,72.69000244140625,73.5,72.2300033569336,73.0999984741211,64.81387329101562,7648000,0.0,0.0
2018-10-26,72.0,72.70999908447266,70.69000244140625,72.06999969482422,63.900634765625,8371100,0.0,0.0
2018-10-29,73.26000213623047,74.01000213623047,71.38999938964844,72.19000244140625,64.00702667236328,9874200,0.0,0.0
2018-10-30,73.06999969482422,74.63999938964844,72.80999755859375,74.51000213623047,66.0640640258789,9470000,0.0,0.0
2018-10-31,75.5,76.33999633789062,74.91999816894531,75.04000091552734,66.53398895263672,8755500,0.0,0.0
2018-11-01,75.2300033569336,76.83999633789062,74.83999633789062,76.79000091552734,68.08560180664062,6117800,0.0,0.0
2018-11-02,77.52999877929688,78.58999633789062,75.70999908447266,76.58000183105469,67.8994140625,6995100,0.0,0.0
2018-11-05,76.48999786376953,77.7699966430664,76.05000305175781,77.52999877929688,68.74170684814453,7143300,0.0,0.0
2018-11-06,77.33999633789062,77.58000183105469,76.36000061035156,76.56999969482422,67.89054107666016,6424200,0.0,0.0
2018-11-07,76.94000244140625,78.2300033569336,76.56999969482422,77.97000122070312,69.13185119628906,5403900,0.0,0.0
2018-11-08,77.69000244140625,78.16000366210938,77.23999786376953,77.77999877929688,68.9633560180664,5425000,0.0,0.0
2018-11-09,77.70999908447266,77.7699966430664,75.52999877929688,76.36000061035156,67.70436096191406,4737600,0.0,0.0
2018-11-12,76.3499984741211,76.7699966430664,74.98999786376953,75.0999984741211,66.5871353149414,5204900,0.0,0.0
2018-11-13,75.52999877929688,76.2699966430664,74.83999633789062,75.19999694824219,66.67585754394531,4584600,0.0,0.0
2018-11-14,76.31999969482422,77.48999786376953,74.88999938964844,75.19999694824219,66.67585754394531,7984200,0.0,0.0
2018-11-15,74.44000244140625,74.66999816894531,72.88999938964844,74.33000183105469,65.90444946289062,7858300,0.0,0.0
2018-11-16,73.76000213623047,75.5199966430664,73.05999755859375,74.73999786376953,66.26799011230469,8064200,0.0,0.0
2018-11-19,74.69000244140625,74.75,71.86000061035156,72.5199966430664,64.29962921142578,6744900,0.0,0.0
2018-11-20,70.48999786376953,72.06999969482422,69.5199966430664,71.12000274658203,63.05833053588867,9053900,0.0,0.0
2018-11-21,71.98999786376953,72.9000015258789,71.80999755859375,72.37000274658203,64.1666259765625,7326100,0.0,0.0
2018-11-23,72.05000305175781,72.5199966430664,71.41000366210938,71.48999786376953,63.386383056640625,2582300,0.0,0.0
2018-11-26,72.33999633789062,73.0,72.2699966430664,72.70999908447266,64.46810913085938,6458300,0.0,0.0
2018-11-27,72.27999877929688,72.55000305175781,71.30000305175781,72.08999633789062,63.91835403442383,5008000,0.0,0.0
2018-11-28,72.30000305175781,74.76000213623047,72.30000305175781,74.66000366210938,66.1970443725586,6167200,0.0,0.0
2018-11-29,74.63999938964844,74.94999694824219,73.31999969482422,74.33999633789062,65.91331481933594,5436700,0.0,0.0
2018-11-30,74.18000030517578,75.4800033569336,73.9000015258789,75.12000274658203,66.80260467529297,7947300,0.22,0.0
2018-12-03,77.0999984741211,79.0,76.93000030517578,77.94000244140625,69.31034851074219,10211800,0.0,0.0
2018-12-04,77.41999816894531,78.4000015258789,75.41000366210938,75.79000091552734,67.3984146118164,8800400,0.0,0.0
2018-12-06,74.37000274658203,75.56999969482422,73.58999633789062,75.54000091552734,67.17610931396484,9693700,0.0,0.0
2018-12-07,75.04000091552734,75.97000122070312,72.87000274658203,73.33999633789062,65.21965789794922,6133700,0.0,0.0
2018-12-10,73.0999984741211,73.70999908447266,70.61000061035156,72.51000213623047,64.48157501220703,7235000,0.0,0.0
2018-12-11,73.87000274658203,74.56999969482422,72.55999755859375,73.56999969482422,65.42423248291016,7794500,0.0,0.0
2018-12-12,74.5199966430664,75.27999877929688,73.51000213623047,74.31999969482422,66.09117889404297,6950400,0.0,0.0
2018-12-13,74.5,74.58999633789062,72.58999633789062,72.93000030517578,64.8550796508789,7454800,0.0,0.0
2018-12-14,71.97000122070312,73.6500015258789,71.41000366210938,72.52999877929688,64.49934387207031,7221200,0.0,0.0
2018-12-17,71.37000274658203,71.7699966430664,69.45999908447266,69.9000015258789,62.16059494018555,10647700,0.0,0.0
2018-12-18,70.9000015258789,72.41000366210938,70.43000030517578,71.1500015258789,63.27217483520508,7533300,0.0,0.0
2018-12-19,71.44999694824219,72.0,68.31999969482422,68.97000122070312,61.333526611328125,8426100,0.0,0.0
2018-12-20,68.7300033569336,69.56999969482422,66.52999877929688,67.52999877929688,60.052974700927734,14488500,0.0,0.0
2018-12-21,73.29000091552734,74.29000091552734,71.25,72.37000274658203,64.35707092285156,28487900,0.0,0.0
2018-12-24,71.4000015258789,71.93000030517578,68.08000183105469,68.0999984741211,60.55985641479492,8551400,0.0,0.0
2018-12-26,68.69999694824219,73.01000213623047,68.6500015258789,73.01000213623047,64.92622375488281,10019200,0.0,0.0
2018-12-27,72.18000030517578,73.7300033569336,70.98999786376953,73.66999816894531,65.51315307617188,9004900,0.0,0.0
2018-12-28,73.97000122070312,74.45999908447266,72.56999969482422,73.33999633789062,65.21965789794922,6197000,0.0,0.0
2018-12-31,73.9800033569336,74.45999908447266,73.5199966430664,74.13999938964844,65.93110656738281,5519100,0.0,0.0
2019-01-02,72.79000091552734,74.63999938964844,72.19000244140625,74.05999755859375,65.85997009277344,6762700,0.0,0.0
2019-01-03,73.25,73.31999969482422,71.20999908447266,72.75,64.69502258300781,8007400,0.0,0.0
2019-01-04,73.44999694824219,75.12000274658203,73.12000274658203,74.6500015258789,66.38465881347656,7844200,0.0,0.0
2019-01-07,74.73999786376953,76.36000061035156,74.30000305175781,75.72000122070312,67.3361587524414,8184800,0.0,0.0
2019-01-08,76.83000183105469,77.4000015258789,76.19999694824219,76.7300033569336,68.23432922363281,8809000,0.0,0.0
2019-01-09,76.97000122070312,77.1500015258789,76.13999938964844,76.58999633789062,68.10984802246094,8591000,0.0,0.0
2019-01-10,75.63999938964844,77.33999633789062,75.45999908447266,76.41999816894531,67.95865631103516,11148600,0.0,0.0
2019-01-11,76.33999633789062,76.88999938964844,75.80000305175781,76.04000091552734,67.62074279785156,10689900,0.0,0.0
2019-01-14,75.45999908447266,76.80999755859375,75.45999908447266,76.08999633789062,67.66519927978516,5677400,0.0,0.0
2019-01-15,76.19000244140625,77.9800033569336,76.12999725341797,77.87999725341797,69.25701141357422,6212400,0.0,0.0
2019-01-16,78.0,78.8499984741211,77.58999633789062,77.68000030517578,69.07914733886719,5697100,0.0,0.0
2019-01-17,77.54000091552734,79.4000015258789,77.30999755859375,79.12999725341797,70.36861419677734,7737300,0.0,0.0
2019-01-18,79.94999694824219,80.97000122070312,79.73999786376953,80.44999694824219,71.54244995117188,10404100,0.0,0.0
2019-01-22,80.33000183105469,81.30999755859375,80.19999694824219,80.75,71.80924987792969,8781700,0.0,0.0
2019-01-23,81.19000244140625,81.4000015258789,80.22000122070312,80.5,71.5869140625,5823000,0.0,0.0
2019-01-24,80.5999984741211,80.87000274658203,79.55000305175781,80.44000244140625,71.53355407714844,4753200,0.0,0.0
2019-01-25,81.25,81.33000183105469,80.43000030517578,80.61000061035156,71.68473052978516,4457100,0.0,0.0
2019-01-28,79.80000305175781,80.51000213623047,79.73999786376953,80.31999969482422,71.42683410644531,5452000,0.0,0.0
2019-01-29,80.36000061035156,80.83000183105469,79.83999633789062,80.22000122070312,71.33792114257812,4187500,0.0,0.0
2019-01-30,80.4000015258789,81.29000091552734,80.05999755859375,81.27999877929688,72.28053283691406,5200200,0.0,0.0
2019-01-31,81.18000030517578,81.94999694824219,80.70999908447266,81.87999725341797,72.81412506103516,8599200,0.0,0.0
2019-02-01,81.83000183105469,81.9000015258789,81.12999725341797,81.51000213623047,72.48509979248047,5351900,0.0,0.0
2019-02-04,81.22000122070312,82.0,80.83000183105469,81.98999786376953,72.91192626953125,4236600,0.0,0.0
2019-02-05,81.9800033569336,83.19000244140625,81.93000030517578,82.86000061035156,73.68562316894531,6545600,0.0,0.0
2019-02-06,82.51000213623047,82.70999908447266,81.63999938964844,82.70999908447266,73.55221557617188,3682800,0.0,0.0
2019-02-07,82.1500015258789,82.8499984741211,81.70999908447266,82.38999938964844,73.26764678955078,4827500,0.0,0.0
2019-02-08,82.25,82.72000122070312,81.94000244140625,82.36000061035156,73.24095916748047,3786500,0.0,0.0
2019-02-11,82.94999694824219,83.83000183105469,82.87000274658203,83.68000030517578,74.41484832763672,6158500,0.0,0.0
2019-02-12,83.97000122070312,84.83999633789062,83.62000274658203,84.70999908447266,75.33077239990234,6290300,0.0,0.0
2019-02-13,84.76000213623047,85.58999633789062,84.76000213623047,85.4000015258789,75.94439697265625,5032800,0.0,0.0
2019-02-14,84.61000061035156,85.13999938964844,83.69999694824219,84.68000030517578,75.3041000366211,5179000,0.0,0.0
2019-02-15,85.48999786376953,85.77999877929688,85.0999984741211,85.37999725341797,75.92658996582031,6111300,0.0,0.0
2019-02-19,84.58000183105469,85.05000305175781,84.45999908447266,84.56999969482422,75.2062759399414,5105900,0.0,0.0
2019-02-20,84.62999725341797,84.94999694824219,84.3499984741211,84.83999633789062,75.44640350341797,6436100,0.0,0.0
2019-02-21,83.56999969482422,84.1500015258789,83.3499984741211,83.94999694824219,74.6549301147461,8579200,0.0,0.0
2019-02-22,84.19999694824219,85.0199966430664,84.02999877929688,84.76000213623047,75.37523651123047,4449500,0.0,0.0
2019-02-25,85.38999938964844,85.7300033569336,84.95999908447266,85.16999816894531,75.73983764648438,6229700,0.0,0.0
2019-02-26,85.30999755859375,86.08000183105469,85.19999694824219,85.80000305175781,76.30008697509766,6678700,0.0,0.0
2019-02-27,85.52999877929688,86.22000122070312,85.05999755859375,86.16999816894531,76.62911987304688,4588200,0.0,0.0
2019-02-28,86.08000183105469,86.4000015258789,85.68000030517578,85.7300033569336,76.23783111572266,4988100,0.0,0.0
2019-03-01,86.93000030517578,87.98999786376953,86.23999786376953,87.16000366210938,77.70894622802734,6314900,0.22,0.0
2019-03-04,87.31999969482422,87.98999786376953,85.11000061035156,85.63999938964844,76.3537368774414,7339500,0.0,0.0
2019-03-05,85.87999725341797,86.25,85.44000244140625,85.44000244140625,76.1754379272461,4976300,0.0,0.0
2019-03-06,85.5999984741211,85.98999786376953,85.04000091552734,85.12999725341797,75.89905548095703,3198000,0.0,0.0
2019-03-07,84.97000122070312,85.41000366210938,84.66000366210938,85.26000213623047,76.01494598388672,4321800,0.0,0.0
2019-03-08,84.58000183105469,84.87999725341797,84.0199966430664,84.80000305175781,75.60482788085938,4669700,0.0,0.0
2019-03-11,85.38999938964844,85.94000244140625,85.05000305175781,85.81999969482422,76.51422882080078,3999800,0.0,0.0
2019-03-12,85.77999877929688,86.08000183105469,85.0199966430664,85.43000030517578,76.16653442382812,4431600,0.0,0.0
2019-03-13,85.69999694824219,86.66000366210938,85.5999984741211,85.93000030517578,76.61231231689453,5037800,0.0,0.0
2019-03-14,86.1500015258789,86.87999725341797,85.69999694824219,86.87000274658203,77.45036315917969,5906100,0.0,0.0
2019-03-15,87.22000122070312,87.61000061035156,85.95999908447266,86.80000305175781,77.3879623413086,11031400,0.0,0.0
2019-03-18,87.30000305175781,87.83999633789062,87.0,87.81999969482422,78.29734802246094,7750700,0.0,0.0
2019-03-19,88.22000122070312,88.58999633789062,87.29000091552734,87.69000244140625,78.18146514892578,6642200,0.0,0.0
2019-03-20,87.5,87.58000183105469,86.08999633789062,86.69000244140625,77.28990936279297,5991500,0.0,0.0
2019-03-21,87.23999786376953,88.12000274658203,86.83000183105469,88.01000213623047,78.46675872802734,10386900,0.0,0.0
2019-03-22,85.19999694824219,85.9000015258789,82.1500015258789,82.19000244140625,73.2778549194336,21659800,0.0,0.0
2019-03-25,81.4800033569336,83.22000122070312,80.88999938964844,82.33000183105469,73.40266418457031,15558300,0.0,0.0
2019-03-26,83.62999725341797,84.08999633789062,82.91000366210938,83.37999725341797,74.33882904052734,9611900,0.0,0.0
2019-03-27,83.69000244140625,83.80000305175781,82.04000091552734,83.08999633789062,74.08025360107422,6485100,0.0,0.0
2019-03-28,83.93000030517578,84.72000122070312,83.69999694824219,84.04000091552734,74.9272232055664,6032700,0.0,0.0
2019-03-29,84.5999984741211,84.8499984741211,83.86000061035156,84.20999908447266,75.07879638671875,6492000,0.0,0.0
2019-04-01,85.04000091552734,85.31999969482422,84.69999694824219,85.2300033569336,75.98822021484375,6737400,0.0,0.0
2019-04-02,85.0,85.26000213623047,84.16000366210938,84.37000274658203,75.2214584350586,4433800,0.0,0.0
2019-04-03,84.9000015258789,84.98999786376953,84.25,84.47000122070312,75.31063079833984,4080900,0.0,0.0
2019-04-04,84.48999786376953,85.37999725341797,84.36000061035156,85.27999877929688,76.0328140258789,3660700,0.0,0.0
2019-04-05,86.0,86.16000366210938,85.05000305175781,85.4000015258789,76.13980102539062,7367400,0.0,0.0
2019-04-08,85.01000213623047,85.29000091552734,84.56999969482422,84.7300033569336,75.54242706298828,4705800,0.0,0.0
2019-04-09,84.22000122070312,84.5999984741211,83.97000122070312,84.27999877929688,75.14122772216797,3804500,0.0,0.0
2019-04-10,84.63999938964844,85.01000213623047,84.55999755859375,84.87999725341797,75.67613983154297,3918400,0.0,0.0
2019-04-11,84.9000015258789,85.05000305175781,84.27999877929688,85.0,75.78314971923828,3347400,0.0,0.0
2019-04-12,85.30000305175781,86.48999786376953,85.29000091552734,86.23999786376953,76.88870239257812,6037000,0.0,0.0
2019-04-15,86.88999938964844,87.23999786376953,86.44000244140625,86.83000183105469,77.41471099853516,5034900,0.0,0.0
2019-04-16,87.0,87.94999694824219,87.0,87.80000305175781,78.27955627441406,4652700,0.0,0.0
2019-04-17,87.94999694824219,88.97000122070312,87.44999694824219,88.7300033569336,79.10869598388672,5694900,0.0,0.0
2019-04-18,88.76000213623047,90.0,88.69999694824219,89.19999694824219,79.52772521972656,7016600,0.0,0.0
2019-04-22,88.3499984741211,88.63999938964844,87.30000305175781,87.36000061035156,77.88725280761719,5390500,0.0,0.0
2019-04-23,87.56999969482422,87.66999816894531,87.01000213623047,87.43000030517578,77.94966888427734,7513700,0.0,0.0
2019-04-24,87.66999816894531,88.81999969482422,87.43000030517578,88.38999938964844,78.80557250976562,8063000,0.0,0.0
2019-04-25,88.4000015258789,88.54000091552734,87.48999786376953,87.55999755859375,78.0655517578125,7069900,0.0,0.0
2019-04-26,87.94999694824219,88.94000244140625,87.33000183105469,88.30999755859375,78.73424530029297,6219600,0.0,0.0
2019-04-29,88.18000030517578,88.51000213623047,88.12999725341797,88.26000213623047,78.68965148925781,5008400,0.0,0.0
2019-04-30,88.29000091552734,88.4000015258789,87.26000213623047,87.83000183105469,78.3062744140625,7614100,0.0,0.0
2019-05-01,87.7300033569336,87.94999694824219,85.87000274658203,85.9000015258789,76.58555603027344,6524600,0.0,0.0
2019-05-02,86.20999908447266,86.27999877929688,84.98999786376953,85.2699966430664,76.02386474609375,6813700,0.0,0.0
2019-05-03,85.9000015258789,86.30000305175781,85.69999694824219,85.69999694824219,76.4072494506836,6798300,0.0,0.0
2019-05-06,83.7699966430664,83.87000274658203,82.86000061035156,83.56999969482422,74.50822448730469,12836600,0.0,0.0
2019-05-07,83.0199966430664,83.62999725341797,81.83000183105469,82.54000091552734,73.58988952636719,9811300,0.0,0.0
2019-05-08,82.43000030517578,83.98999786376953,82.13999938964844,82.7699966430664,73.79492950439453,9501300,0.0,0.0
2019-05-09,82.20999908447266,83.01000213623047,81.54000091552734,82.9800033569336,73.98218536376953,6336600,0.0,0.0
2019-05-10,82.77999877929688,84.2699966430664,82.19000244140625,83.94999694824219,74.84699249267578,5450500,0.0,0.0
2019-05-13,81.6500015258789,82.62999725341797,81.31999969482422,82.52999877929688,73.58096313476562,6445200,0.0,0.0
2019-05-14,82.77999877929688,84.0,82.05999755859375,83.66999816894531,74.59737396240234,7529200,0.0,0.0
2019-05-15,83.16999816894531,84.48999786376953,82.94000244140625,84.01000213623047,74.90048217773438,4862200,0.0,0.0
2019-05-16,84.51000213623047,85.4000015258789,84.19999694824219,84.27999877929688,75.14122772216797,6745200,0.0,0.0
2019-05-17,83.51000213623047,85.5199966430664,83.5,84.56999969482422,75.39976501464844,5068200,0.0,0.0
2019-05-20,83.80000305175781,83.80000305175781,82.73999786376953,82.8499984741211,73.86627960205078,7181900,0.0,0.0
2019-05-21,83.36000061035156,83.80000305175781,82.51000213623047,83.63999938964844,74.57061767578125,5762500,0.0,0.0
2019-05-22,82.98999786376953,83.33999633789062,82.76000213623047,83.19999694824219,74.17830657958984,5237800,0.0,0.0
2019-05-23,82.5,83.05999755859375,81.98999786376953,82.63999938964844,73.67906188964844,9704200,0.0,0.0
2019-05-24,82.19999694824219,83.16999816894531,82.08999633789062,82.16000366210938,73.2510986328125,5999000,0.0,0.0
2019-05-28,82.8499984741211,83.19000244140625,81.12999725341797,81.19999694824219,72.39517974853516,7927300,0.0,0.0
2019-05-29,80.70999908447266,80.86000061035156,77.69999694824219,78.87000274658203,70.31786346435547,10116900,0.0,0.0
2019-05-30,78.91999816894531,79.7300033569336,78.61000061035156,79.26000213623047,70.6655502319336,6177800,0.0,0.0
2019-05-31,78.0,78.26000213623047,77.06999969482422,77.13999938964844,68.96686553955078,8891100,0.22,0.0
2019-06-03,77.23999786376953,78.58000183105469,77.08000183105469,77.95999908447266,69.69998931884766,11665500,0.0,0.0
2019-06-04,79.30000305175781,81.6500015258789,78.77999877929688,81.62000274658203,72.97219848632812,7526800,0.0,0.0
2019-06-05,82.29000091552734,82.9000015258789,81.93000030517578,82.72000122070312,73.95565032958984,8173200,0.0,0.0
2019-06-06,82.72000122070312,83.05999755859375,82.08000183105469,82.44999694824219,73.71426391601562,4953000,0.0,0.0
2019-06-07,83.08999633789062,83.68000030517578,82.80999755859375,83.41000366210938,74.57254028320312,3891100,0.0,0.0
2019-06-10,83.75,84.19999694824219,82.44999694824219,82.58000183105469,73.83047485351562,4419800,0.0,0.0
2019-06-11,83.6500015258789,84.33999633789062,83.12999725341797,83.26000213623047,74.43844604492188,3939400,0.0,0.0
2019-06-12,83.4800033569336,84.0199966430664,82.5199966430664,82.62999725341797,73.87517547607422,4025900,0.0,0.0
2019-06-13,83.1500015258789,83.91999816894531,83.05000305175781,83.61000061035156,74.7513656616211,3383400,0.0,0.0
2019-06-14,83.51000213623047,83.86000061035156,83.04000091552734,83.44000244140625,74.599365234375,4355600,0.0,0.0
2019-06-17,83.33999633789062,83.45999908447266,82.01000213623047,82.11000061035156,73.41028594970703,5101900,0.0,0.0
2019-06-18,82.69999694824219,84.6500015258789,82.5,84.30000305175781,75.36824798583984,6456500,0.0,0.0
2019-06-19,83.7300033569336,83.9000015258789,83.13999938964844,83.55000305175781,74.69770812988281,6217700,0.0,0.0
2019-06-20,84.9000015258789,85.66999816894531,84.41999816894531,85.23999786376953,76.20864868164062,6163800,0.0,0.0
2019-06-21,85.16000366210938,85.75,84.5999984741211,85.75,76.66464233398438,9289800,0.0,0.0
2019-06-24,86.0,86.8499984741211,84.37000274658203,84.5,75.54704284667969,8043300,0.0,0.0
2019-06-25,84.5999984741211,84.69000244140625,82.16000366210938,82.62000274658203,73.86625671386719,7339900,0.0,0.0
2019-06-26,83.1500015258789,83.69000244140625,82.44000244140625,82.55000305175781,73.80366516113281,5838500,0.0,0.0
2019-06-27,82.93000030517578,83.7699966430664,82.93000030517578,83.66000366210938,74.79607391357422,11436700,0.0,0.0
2019-06-28,83.98999786376953,84.75,82.66999816894531,83.94999694824219,75.05532836914062,12443800,0.0,0.0
2019-07-01,84.93000030517578,86.27999877929688,84.9000015258789,85.41000366210938,76.36064910888672,6587300,0.0,0.0
2019-07-02,85.36000061035156,85.47000122070312,84.22000122070312,84.95999908447266,75.95833587646484,7187200,0.0,0.0
2019-07-03,85.33000183105469,86.29000091552734,85.12000274658203,86.19999694824219,77.06694030761719,4012800,0.0,0.0
2019-07-05,85.80000305175781,86.91000366210938,85.41999816894531,86.81999969482422,77.62126159667969,6440900,0.0,0.0
2019-07-08,86.05999755859375,88.5199966430664,85.97000122070312,88.4800033569336,79.10537719726562,7052000,0.0,0.0
2019-07-09,88.0999984741211,88.80000305175781,87.81999969482422,88.04000091552734,78.71199798583984,6219700,0.0,0.0
2019-07-10,88.4800033569336,88.94000244140625,87.38999938964844,87.44000244140625,78.17555236816406,5985500,0.0,0.0
2019-07-11,87.70999908447266,88.30000305175781,87.4000015258789,88.29000091552734,78.93550109863281,3942400,0.0,0.0
2019-07-12,88.18000030517578,89.30999755859375,88.01000213623047,89.12000274658203,79.67755889892578,4240900,0.0,0.0
2019-07-15,89.05999755859375,89.87000274658203,89.05999755859375,89.4800033569336,79.99942779541016,3750900,0.0,0.0
2019-07-16,89.5,89.70999908447266,88.56999969482422,88.5999984741211,79.21263885498047,5812800,0.0,0.0
2019-07-17,88.41999816894531,88.69000244140625,87.44000244140625,87.5,78.22920989990234,4461500,0.0,0.0
2019-07-18,87.62999725341797,87.76000213623047,86.76000213623047,87.44000244140625,78.17555236816406,4607000,0.0,0.0
2019-07-19,87.7300033569336,87.87999725341797,86.4800033569336,86.55000305175781,77.3798828125,6635300,0.0,0.0
2019-07-22,86.55999755859375,86.98999786376953,85.83000183105469,85.97000122070312,76.86131286621094,6810300,0.0,0.0
2019-07-23,86.63999938964844,87.0999984741211,86.2300033569336,86.69999694824219,77.51395416259766,5659900,0.0,0.0
2019-07-24,86.6500015258789,87.20999908447266,86.30999755859375,86.69999694824219,77.51395416259766,6362900,0.0,0.0
2019-07-25,86.81999969482422,87.5,86.58999633789062,87.27999877929688,78.0324935913086,4546400,0.0,0.0
2019-07-26,87.44000244140625,87.83999633789062,86.7699966430664,87.54000091552734,78.26496124267578,3707200,0.0,0.0
2019-07-29,87.6500015258789,87.87000274658203,87.18000030517578,87.62000274658203,78.33649444580078,4387300,0.0,0.0
2019-07-30,86.81999969482422,87.91000366210938,86.36000061035156,87.19999694824219,77.96099853515625,3561200,0.0,0.0
2019-07-31,87.08999633789062,87.2699966430664,85.55000305175781,86.02999877929688,76.9149398803711,5818200,0.0,0.0
2019-08-01,85.26000213623047,86.7699966430664,82.69999694824219,83.12000274658203,74.31326293945312,7871800,0.0,0.0
2019-08-02,82.52999877929688,83.23999786376953,80.79000091552734,81.13999938964844,72.54303741455078,8761400,0.0,0.0
2019-08-05,79.66000366210938,80.05000305175781,78.19000244140625,78.97000122070312,70.60297393798828,8493300,0.0,0.0
2019-08-06,79.8499984741211,81.58999633789062,79.48999786376953,81.30000305175781,72.68612670898438,8664500,0.0,0.0
2019-08-07,80.5,81.81999969482422,80.08999633789062,81.27999877929688,72.66822052001953,6275000,0.0,0.0
2019-08-08,81.80999755859375,83.36000061035156,81.61000061035156,83.0,74.20599365234375,6208900,0.0,0.0
2019-08-09,83.13999938964844,83.43000030517578,81.31999969482422,81.9800033569336,73.29405212402344,5460200,0.0,0.0
2019-08-12,81.41000366210938,81.94999694824219,81.18000030517578,81.6500015258789,72.99903869628906,3762500,0.0,0.0
2019-08-13,81.16999816894531,84.1500015258789,80.8499984741211,83.31999969482422,74.49210357666016,6896800,0.0,0.0
2019-08-14,81.23999786376953,81.69000244140625,80.51000213623047,81.02999877929688,72.4447021484375,7266100,0.0,0.0
2019-08-15,80.93000030517578,81.30000305175781,79.44000244140625,79.51000213623047,71.08575439453125,6713600,0.0,0.0
2019-08-16,80.08999633789062,80.55999755859375,79.25,80.27999877929688,71.774169921875,5649000,0.0,0.0
2019-08-19,82.0,82.33999633789062,80.83000183105469,81.12999725341797,72.53411102294922,7027900,0.0,0.0
2019-08-20,80.72000122070312,81.2300033569336,79.44999694824219,80.52999877929688,71.99769592285156,5903100,0.0,0.0
2019-08-21,81.94000244140625,82.83999633789062,81.62999725341797,82.73999786376953,73.97354125976562,6454200,0.0,0.0
2019-08-22,83.0,83.72000122070312,82.5,83.30999755859375,74.48313903808594,5571600,0.0,0.0
2019-08-23,82.0199966430664,82.76000213623047,80.02999877929688,80.44000244140625,71.91722106933594,8497800,0.0,0.0
2019-08-26,81.44000244140625,82.27999877929688,80.73999786376953,82.25,73.53544616699219,4336000,0.0,0.0
2019-08-27,82.62999725341797,83.18000030517578,82.0,82.02999877929688,73.3387451171875,3842500,0.0,0.0
2019-08-28,81.9000015258789,83.58999633789062,81.72000122070312,83.4800033569336,74.63511657714844,4123700,0.0,0.0
2019-08-29,84.22000122070312,85.7699966430664,84.16999816894531,85.37999725341797,76.33380889892578,5101900,0.0,0.0
2019-08-30,85.69999694824219,85.98999786376953,84.41000366210938,84.5,75.74221801757812,5235400,0.22,0.0
2019-09-03,84.0,84.83000183105469,83.62000274658203,84.66999816894531,75.89460754394531,6360800,0.0,0.0
2019-09-04,85.58000183105469,86.5,85.5,86.3499984741211,77.40047454833984,4151200,0.0,0.0
2019-09-05,87.27999877929688,88.62000274658203,87.27999877929688,88.41999816894531,79.25592803955078,6328400,0.0,0.0
2019-09-06,88.4000015258789,88.9800033569336,88.0199966430664,88.69000244140625,79.49796295166016,3625300,0.0,0.0
2019-09-09,88.94000244140625,89.3499984741211,88.41999816894531,88.66999816894531,79.48003387451172,4282400,0.0,0.0
2019-09-10,88.26000213623047,88.62999725341797,86.29000091552734,86.83000183105469,77.83074951171875,7072400,0.0,0.0
2019-09-11,86.95999908447266,87.25,85.87000274658203,86.75,77.7590103149414,4623300,0.0,0.0
2019-09-12,87.0999984741211,88.06999969482422,86.22000122070312,87.66999816894531,78.58366394042969,4057500,0.0,0.0
2019-09-13,88.25,88.79000091552734,87.30000305175781,87.31999969482422,78.26994323730469,5894700,0.0,0.0
2019-09-16,87.08999633789062,87.81999969482422,86.66999816894531,87.2699966430664,78.22512817382812,4171700,0.0,0.0
2019-09-17,86.7699966430664,87.63999938964844,86.47000122070312,87.58999633789062,78.51197052001953,3248400,0.0,0.0
2019-09-18,87.6500015258789,88.4000015258789,87.20999908447266,88.08000183105469,78.9511947631836,4722200,0.0,0.0
2019-09-19,88.4000015258789,88.72000122070312,87.51000213623047,87.69999694824219,78.61058044433594,4231200,0.0,0.0
2019-09-20,88.0,88.48999786376953,86.66999816894531,86.68000030517578,77.69625854492188,6991100,0.0,0.0
2019-09-23,86.9800033569336,88.0199966430664,86.80000305175781,87.69000244140625,78.60160064697266,4790000,0.0,0.0
2019-09-24,88.44999694824219,88.69000244140625,86.76000213623047,87.18000030517578,78.14447784423828,10202900,0.0,0.0
2019-09-25,91.77999877929688,92.79000091552734,90.1500015258789,90.80999755859375,81.39823913574219,25330700,0.0,0.0
2019-09-26,91.62000274658203,92.44999694824219,90.25,92.16999816894531,82.61729431152344,10408300,0.0,0.0
2019-09-27,91.8499984741211,92.86000061035156,91.5999984741211,92.30999755859375,82.74276733398438,6420500,0.0,0.0
2019-09-30,92.52999877929688,94.08000183105469,92.5,93.91999816894531,84.18589782714844,7401200,0.0,0.0
2019-10-01,94.12999725341797,94.75,92.05999755859375,92.27999877929688,82.71589660644531,8464900,0.0,0.0
2019-10-02,91.47000122070312,91.83999633789062,90.56999969482422,91.48999786376953,82.00773620605469,6933900,0.0,0.0
2019-10-03,91.30999755859375,92.31999969482422,90.3499984741211,92.22000122070312,82.662109375,5762300,0.0,0.0
2019-10-04,92.22000122070312,93.16999816894531,91.93000030517578,93.06999969482422,83.42401123046875,4551400,0.0,0.0
2019-10-07,92.5,93.91999816894531,92.4000015258789,93.16999816894531,83.51364135742188,4975400,0.0,0.0
2019-10-08,90.44999694824219,92.70999908447266,90.41000366210938,91.75,82.24081420898438,6916800,0.0,0.0
2019-10-09,92.41000366210938,93.05000305175781,91.81999969482422,92.5199966430664,82.93099975585938,5115900,0.0,0.0
2019-10-10,93.5,93.5,92.72000122070312,93.0,83.36125183105469,5794100,0.0,0.0
2019-10-11,94.0,94.56999969482422,93.55999755859375,93.87999725341797,84.15005493164062,6220100,0.0,0.0
2019-10-14,94.19999694824219,95.25,94.05000305175781,94.87999725341797,85.0464096069336,4636000,0.0,0.0
2019-10-15,95.0,95.18000030517578,94.12000274658203,94.79000091552734,84.96573638916016,4292500,0.0,0.0
2019-10-16,94.08999633789062,95.13999938964844,94.06999969482422,94.87999725341797,85.0464096069336,4883300,0.0,0.0
2019-10-17,95.56999969482422,95.88999938964844,94.97000122070312,95.55999755859375,85.65592956542969,3427400,0.0,0.0
2019-10-18,94.80999755859375,96.45999908447266,94.80000305175781,96.0999984741211,86.13996887207031,6209200,0.0,0.0
2019-10-21,96.61000061035156,96.87000274658203,95.41999816894531,96.22000122070312,86.24752807617188,5185800,0.0,0.0
2019-10-22,96.05999755859375,96.83000183105469,95.5199966430664,95.5999984741211,85.69180297851562,5470100,0.0,0.0
2019-10-23,95.02999877929688,95.54000091552734,92.12000274658203,92.31999969482422,82.75173950195312,11933600,0.0,0.0
2019-10-24,92.68000030517578,92.87000274658203,90.98999786376953,91.5,82.01673126220703,12085800,0.0,0.0
2019-10-25,91.44000244140625,91.83000183105469,90.75,90.91999816894531,81.4968490600586,8147200,0.0,0.0
2019-10-28,91.05999755859375,91.30000305175781,90.16999816894531,90.8499984741211,81.43409729003906,10304700,0.0,0.0
2019-10-29,90.8499984741211,90.91999816894531,89.12999725341797,89.27999877929688,80.02682495117188,9044700,0.0,0.0
2019-10-30,89.44999694824219,90.2699966430664,89.3499984741211,90.19000244140625,80.84249877929688,8127500,0.0,0.0
2019-10-31,90.0,90.41000366210938,88.94000244140625,89.55000305175781,80.26882934570312,6752000,0.0,0.0
2019-11-01,90.18000030517578,90.52999877929688,89.0,89.18000030517578,79.93717956542969,5263600,0.0,0.0
2019-11-04,90.12999725341797,90.55999755859375,89.31999969482422,89.86000061035156,80.54670715332031,8161200,0.0,0.0
2019-11-05,90.1500015258789,90.33999633789062,89.54000091552734,89.87999725341797,80.56460571289062,5589700,0.0,0.0
2019-11-06,90.63999938964844,90.72000122070312,88.73999786376953,89.4800033569336,80.20610046386719,7033800,0.0,0.0
2019-11-07,90.47000122070312,90.5999984741211,89.7699966430664,90.4000015258789,81.03070831298828,7110000,0.0,0.0
2019-11-08,90.27999877929688,90.3499984741211,89.29000091552734,89.80999755859375,80.50189971923828,4555400,0.0,0.0
2019-11-11,89.37000274658203,90.0999984741211,89.37000274658203,90.05000305175781,80.71701049804688,3247300,0.0,0.0
2019-11-12,90.30999755859375,92.02999877929688,89.48999786376953,89.5,80.2240219116211,3979600,0.0,0.0
2019-11-13,89.7300033569336,91.55000305175781,89.56999969482422,91.29000091552734,81.8284912109375,5923600,0.0,0.0
2019-11-14,91.48999786376953,91.95999908447266,90.72000122070312,91.2699966430664,81.81055450439453,6035300,0.0,0.0
2019-11-15,92.13999938964844,93.55999755859375,91.95999908447266,93.04000091552734,83.3971176147461,6785500,0.0,0.0
2019-11-18,93.5,94.26000213623047,92.91000366210938,94.18000030517578,84.41897583007812,6165600,0.0,0.0
2019-11-19,94.61000061035156,95.12000274658203,93.05999755859375,93.61000061035156,83.90802764892578,5368400,0.0,0.0
2019-11-20,94.11000061035156,94.4000015258789,92.7699966430664,93.05000305175781,83.40608215332031,6235400,0.0,0.0
2019-11-21,92.62000274658203,93.30000305175781,92.06999969482422,92.16000366210938,82.60832977294922,5493100,0.0,0.0
2019-11-22,92.20999908447266,93.3499984741211,91.93000030517578,93.33999633789062,83.6660385131836,4264400,0.0,0.0
2019-11-25,93.77999877929688,93.97000122070312,92.73999786376953,92.9000015258789,83.27162170410156,5419700,0.0,0.0
2019-11-26,93.37999725341797,93.62999725341797,93.0199966430664,93.33000183105469,83.65707397460938,5907400,0.0,0.0
2019-11-27,93.5,94.37999725341797,93.5,94.13999938964844,84.38310241699219,4017400,0.0,0.0
2019-11-29,94.37000274658203,94.61000061035156,93.38999938964844,93.48999786376953,84.01914978027344,2541800,0.245,0.0
2019-12-02,94.08999633789062,94.27999877929688,92.9800033569336,93.55999755859375,84.08203887939453,3892000,0.0,0.0
2019-12-03,92.4800033569336,92.55000305175781,91.30999755859375,92.45999908447266,83.09347534179688,5570700,0.0,0.0
2019-12-04,92.80999755859375,93.79000091552734,92.7300033569336,93.72000122070312,84.2258529663086,4456400,0.0,0.0
2019-12-05,95.87999725341797,95.94999694824219,94.68000030517578,95.79000091552734,86.08613586425781,6946000,0.0,0.0
2019-12-06,96.55999755859375,97.30999755859375,96.37999725341797,97.0,87.17356872558594,6368500,0.0,0.0
2019-12-09,97.0199966430664,97.62999725341797,96.16000366210938,96.62999725341797,86.84105682373047,6517800,0.0,0.0
2019-12-10,96.76000213623047,97.58999633789062,96.62999725341797,97.01000213623047,87.18257904052734,4234300,0.0,0.0
2019-12-11,96.9000015258789,97.31999969482422,96.6500015258789,97.18000030517578,87.33535766601562,4319700,0.0,0.0
2019-12-12,97.31999969482422,98.18000030517578,96.9000015258789,97.72000122070312,87.82062530517578,4762800,0.0,0.0
2019-12-13,97.43000030517578,98.29000091552734,96.91000366210938,97.7699966430664,87.86555480957031,5247600,0.0,0.0
2019-12-16,98.13999938964844,99.33999633789062,98.05999755859375,98.80999755859375,88.80020904541016,8211300,0.0,0.0
2019-12-17,99.37999725341797,100.16999816894531,99.05000305175781,99.6500015258789,89.55512237548828,7050700,0.0,0.0
2019-12-18,100.19999694824219,100.79000091552734,99.58000183105469,100.56999969482422,90.38188934326172,7332000,0.0,0.0
2019-12-19,100.5,101.2699966430664,99.62999725341797,101.1500015258789,90.90316772460938,12214500,0.0,0.0
2019-12-20,101.0,101.4000015258789,98.8499984741211,99.95999908447266,89.83370208740234,17641600,0.0,0.0
2019-12-23,100.2300033569336,100.69000244140625,99.55000305175781,100.04000091552734,89.90560150146484,6350500,0.0,0.0
2019-12-24,99.83000183105469,100.66000366210938,99.76000213623047,100.13999938964844,89.99547576904297,3328100,0.0,0.0
2019-12-26,100.33999633789062,100.75,100.11000061035156,100.70999908447266,90.50772857666016,3709900,0.0,0.0
2019-12-27,101.0,101.79000091552734,100.98999786376953,101.56999969482422,91.28059387207031,5307500,0.0,0.0
2019-12-30,101.54000091552734,101.61000061035156,100.45999908447266,100.80000305175781,90.58861541748047,3495200,0.0,0.0
2019-12-31,100.58000183105469,101.38999938964844,100.51000213623047,101.30999755859375,91.04694366455078,3213600,0.0,0.0
2020-01-02,101.36000061035156,102.20999908447266,101.0199966430664,102.19999694824219,91.84681701660156,5644100,0.0,0.0
2020-01-03,100.58999633789062,102.0,100.30999755859375,101.91999816894531,91.59514617919922,4541800,0.0,0.0
2020-01-06,100.94999694824219,101.83999633789062,100.87000274658203,101.83000183105469,91.51427459716797,4612400,0.0,0.0
2020-01-07,101.80999755859375,102.73999786376953,100.80999755859375,101.77999877929688,91.4693374633789,6719900,0.0,0.0
2020-01-08,101.30999755859375,102.13999938964844,100.8499984741211,101.55000305175781,91.26262664794922,4942200,0.0,0.0
2020-01-09,101.94000244140625,102.41000366210938,101.38999938964844,101.4800033569336,91.19973754882812,5007500,0.0,0.0
2020-01-10,101.88999938964844,101.93000030517578,100.76000213623047,100.9000015258789,90.6784896850586,5135300,0.0,0.0
2020-01-13,101.0,102.33999633789062,100.81999969482422,102.16000366210938,91.81085205078125,6722400,0.0,0.0
2020-01-14,102.44999694824219,103.88999938964844,102.3499984741211,102.91999816894531,92.49384307861328,5088500,0.0,0.0
2020-01-15,103.25,103.69999694824219,102.4800033569336,102.79000091552734,92.37700653076172,4209200,0.0,0.0
2020-01-16,102.87999725341797,103.56999969482422,102.8499984741211,103.37000274658203,92.89825439453125,6571700,0.0,0.0
2020-01-17,103.43000030517578,104.55000305175781,103.33999633789062,104.52999877929688,93.94073486328125,6271200,0.0,0.0
2020-01-21,104.25,104.69000244140625,103.80999755859375,104.58000183105469,93.98571014404297,4854700,0.0,0.0
2020-01-22,105.0,105.62000274658203,104.41999816894531,104.48999786376953,93.90479278564453,5031400,0.0,0.0
2020-01-23,104.02999877929688,104.37000274658203,102.62000274658203,103.0199966430664,92.5837173461914,7102900,0.0,0.0
2020-01-24,103.58999633789062,103.88999938964844,101.66000366210938,102.02999877929688,91.69402313232422,3839300,0.0,0.0
2020-01-27,98.20999908447266,100.70999908447266,98.01000213623047,100.23999786376953,90.08534240722656,9841400,0.0,0.0
2020-01-28,100.33999633789062,101.05000305175781,99.5199966430664,100.41000366210938,90.23812103271484,5673200,0.0,0.0
2020-01-29,101.06999969482422,101.30000305175781,99.16999816894531,99.83999633789062,89.72583770751953,4503700,0.0,0.0
2020-01-30,99.0199966430664,99.75,97.37000274658203,98.19000244140625,88.24300384521484,7065100,0.0,0.0
2020-01-31,98.11000061035156,98.44999694824219,95.91999816894531,96.30000305175781,86.54447937011719,8780300,0.0,0.0
2020-02-03,99.0,100.91999816894531,98.56999969482422,99.2699966430664,89.21361541748047,9727000,0.0,0.0
2020-02-04,101.91000366210938,102.77999877929688,101.26000213623047,101.37999725341797,91.10985565185547,6559600,0.0,0.0
2020-02-05,101.76000213623047,101.97000122070312,99.52999877929688,100.54000091552734,90.35496520996094,6108300,0.0,0.0
2020-02-06,100.9000015258789,101.52999877929688,100.16000366210938,100.2699966430664,90.11231231689453,5641800,0.0,0.0
2020-02-07,99.80999755859375,100.4000015258789,98.97000122070312,99.44000244140625,89.36634826660156,4121800,0.0,0.0
2020-02-10,99.22000122070312,100.51000213623047,99.0,100.0199966430664,89.88763427734375,4213900,0.0,0.0
2020-02-11,100.06999969482422,100.3499984741211,99.44000244140625,100.0199966430664,89.88763427734375,4871800,0.0,0.0
2020-02-12,100.73999786376953,103.08000183105469,100.44000244140625,103.0,92.56574249267578,8075600,0.0,0.0
2020-02-13,102.51000213623047,103.73999786376953,101.68000030517578,103.37000274658203,92.89825439453125,5386800,0.0,0.0
2020-02-14,103.52999877929688,103.88999938964844,102.44999694824219,103.54000091552734,93.05104064941406,4305300,0.0,0.0
2020-02-18,103.0,103.37999725341797,101.61000061035156,102.0,91.66703796386719,4916200,0.0,0.0
2020-02-19,102.66000366210938,103.38999938964844,102.43000030517578,102.45999908447266,92.08045196533203,6200500,0.0,0.0
2020-02-20,102.45999908447266,102.62999725341797,100.55000305175781,102.52999877929688,92.14334869384766,6427600,0.0,0.0
2020-02-21,102.0,102.08000183105469,99.62999725341797,100.25,90.09432220458984,5750900,0.0,0.0
2020-02-24,95.54000091552734,97.06999969482422,95.25,95.91000366210938,86.19400024414062,8364200,0.0,0.0
2020-02-25,96.3499984741211,96.76000213623047,92.62000274658203,92.9000015258789,83.48890686035156,9602100,0.0,0.0
2020-02-26,93.08000183105469,94.6500015258789,91.98999786376953,92.0,82.68009185791016,9308400,0.0,0.0
2020-02-27,90.0,93.05999755859375,88.5,88.55000305175781,79.5795669555664,12825700,0.0,0.0
2020-02-28,86.02999877929688,89.47000122070312,85.1500015258789,89.37999725341797,80.54834747314453,16552400,0.245,0.0
2020-03-02,89.5999984741211,93.13999938964844,87.91000366210938,92.68000030517578,83.52226257324219,14102000,0.0,0.0
2020-03-03,92.73999786376953,94.9800033569336,90.56999969482422,90.93000030517578,81.94519805908203,14767600,0.0,0.0
2020-03-04,92.08000183105469,93.81999969482422,90.83999633789062,93.79000091552734,84.52259826660156,6904400,0.0,0.0
2020-03-05,91.26000213623047,91.68000030517578,89.94000244140625,90.58000183105469,81.62979888916016,8851100,0.0,0.0
2020-03-06,88.36000061035156,89.38999938964844,85.87999725341797,88.36000061035156,79.62913513183594,12336400,0.0,0.0
2020-03-09,81.88999938964844,86.73999786376953,80.91999816894531,84.11000061035156,75.7990951538086,13272700,0.0,0.0
2020-03-10,86.69000244140625,88.4000015258789,82.87999725341797,88.30000305175781,79.57508087158203,12755900,0.0,0.0
2020-03-11,84.0,84.62999725341797,82.06999969482422,84.0,75.69994354248047,16172000,0.0,0.0
2020-03-12,78.2300033569336,78.48999786376953,73.0,74.19999694824219,66.8683090209961,21534800,0.0,0.0
2020-03-13,78.19999694824219,78.19999694824219,71.76000213623047,75.58000183105469,68.1119384765625,21859600,0.0,0.0
2020-03-16,65.27999877929688,72.97000122070312,63.369998931884766,66.79000091552734,60.19047546386719,17976700,0.0,0.0
2020-03-17,67.51000213623047,73.33000183105469,62.400001525878906,69.83999633789062,62.939090728759766,17122100,0.0,0.0
2020-03-18,64.79000091552734,68.33000183105469,60.0,68.04000091552734,61.31696319580078,19498800,0.0,0.0
2020-03-19,67.04000091552734,72.70999908447266,64.1500015258789,70.33999633789062,63.38968276977539,16177200,0.0,0.0
2020-03-20,71.51000213623047,74.05999755859375,67.19999694824219,67.44999694824219,60.78526306152344,15761900,0.0,0.0
2020-03-23,65.0,66.87999725341797,60.58000183105469,62.79999923706055,56.594730377197266,17690000,0.0,0.0
2020-03-24,65.69999694824219,72.66000366210938,64.0,72.33000183105469,65.1830825805664,18849500,0.0,0.0
2020-03-25,80.11000061035156,83.48999786376953,76.19999694824219,79.01000213623047,71.2030258178711,27053200,0.0,0.0
2020-03-26,80.16999816894531,86.86000061035156,80.01000213623047,84.30000305175781,75.9703140258789,17200800,0.0,0.0
2020-03-27,81.69999694824219,85.73999786376953,79.51000213623047,83.2300033569336,75.00605010986328,14183400,0.0,0.0
2020-03-30,84.0,85.95999908447266,81.5,85.37999725341797,76.94361114501953,10960100,0.0,0.0
2020-03-31,85.12999725341797,85.7300033569336,82.4000015258789,82.73999786376953,74.56446075439453,9610100,0.0,0.0
2020-04-01,79.48999786376953,81.18000030517578,78.52999877929688,79.2300033569336,71.40127563476562,9771300,0.0,0.0
2020-04-02,79.0,81.5999984741211,77.16000366210938,80.13999938964844,72.22137451171875,12731300,0.0,0.0
2020-04-03,79.36000061035156,79.79000091552734,77.91000366210938,78.86000061035156,71.06783294677734,8476900,0.0,0.0
2020-04-06,81.91000366210938,85.04000091552734,81.20999908447266,84.62999725341797,76.26769256591797,11266500,0.0,0.0
2020-04-07,88.69999694824219,88.87000274658203,84.02999877929688,84.16000366210938,75.8441390991211,10468100,0.0,0.0
2020-04-08,84.69999694824219,85.7699966430664,83.61000061035156,85.30000305175781,76.87149810791016,6642700,0.0,0.0
2020-04-09,86.69000244140625,87.38999938964844,85.16000366210938,86.79000091552734,78.21427154541016,7773600,0.0,0.0
2020-04-13,85.80000305175781,85.98999786376953,84.13999938964844,84.45999908447266,76.114501953125,5077600,0.0,0.0
2020-04-14,85.94999694824219,87.7699966430664,85.4800033569336,87.47000122070312,78.82708740234375,6397200,0.0,0.0
2020-04-15,84.87000274658203,85.87999725341797,83.70999908447266,85.04000091552734,76.6371841430664,8053900,0.0,0.0
2020-04-16,85.43000030517578,86.52999877929688,84.55000305175781,86.30000305175781,77.77271270751953,9373800,0.0,0.0
2020-04-17,89.0,90.25,88.36000061035156,89.91000366210938,81.0260009765625,8111400,0.0,0.0
2020-04-20,88.43000030517578,89.44000244140625,87.5199966430664,87.9000015258789,79.214599609375,7244400,0.0,0.0
2020-04-21,85.98999786376953,86.9000015258789,85.08999633789062,85.19999694824219,76.78137969970703,6597000,0.0,0.0
2020-04-22,86.9800033569336,89.44000244140625,86.41999816894531,88.7699966430664,79.9986343383789,6463000,0.0,0.0
2020-04-23,88.94000244140625,89.52999877929688,87.26000213623047,87.3499984741211,78.71893310546875,5343500,0.0,0.0
2020-04-24,88.88999938964844,89.12000274658203,87.6500015258789,88.37000274658203,79.6381607055664,4450100,0.0,0.0
2020-04-27,88.37999725341797,89.87000274658203,87.30999755859375,89.37000274658203,80.53935241699219,6875100,0.0,0.0
2020-04-28,90.55000305175781,90.70999908447266,88.62999725341797,88.80000305175781,80.02566528320312,5145400,0.0,0.0
2020-04-29,90.0,91.38999938964844,87.83000183105469,88.06999969482422,79.3677978515625,9461400,0.0,0.0
2020-04-30,87.0,88.0,86.51000213623047,87.18000030517578,78.56575012207031,9371400,0.0,0.0
2020-05-01,85.66999816894531,86.11000061035156,84.80999755859375,85.54000091552734,77.08778381347656,6151200,0.0,0.0
2020-05-04,84.68000030517578,85.80000305175781,84.30999755859375,85.75,77.27704620361328,6348900,0.0,0.0
2020-05-05,86.54000091552734,88.52999877929688,86.02999877929688,87.19999694824219,78.58377075195312,6321500,0.0,0.0
2020-05-06,88.05000305175781,88.69000244140625,87.43000030517578,88.44000244140625,79.70124816894531,7342300,0.0,0.0
2020-05-07,89.4000015258789,90.23999786376953,88.37999725341797,88.55999755859375,79.80937194824219,4565900,0.0,0.0
2020-05-08,90.11000061035156,90.63999938964844,89.58999633789062,90.45999908447266,81.52165222167969,5488000,0.0,0.0
2020-05-11,89.44999694824219,91.41999816894531,89.13999938964844,90.93000030517578,81.94519805908203,4937600,0.0,0.0
2020-05-12,91.52999877929688,91.66999816894531,88.1500015258789,88.26000213623047,79.53902435302734,5622600,0.0,0.0
2020-05-13,87.37999725341797,87.73999786376953,85.19999694824219,86.0199966430664,77.52035522460938,6739800,0.0,0.0
2020-05-14,85.0,86.58000183105469,84.11000061035156,86.55000305175781,77.99800109863281,7431800,0.0,0.0
2020-05-15,85.25,87.2300033569336,84.87999725341797,86.98999786376953,78.3945083618164,9165000,0.0,0.0
2020-05-18,90.48999786376953,91.5999984741211,89.87999725341797,91.04000091552734,82.0443344116211,8517200,0.0,0.0
2020-05-19,90.8499984741211,93.81999969482422,90.81999969482422,91.51000213623047,82.46788787841797,6514100,0.0,0.0
2020-05-20,93.19999694824219,93.86000061035156,92.69999694824219,92.94999694824219,83.76560974121094,6347000,0.0,0.0
2020-05-21,92.87999725341797,94.37999725341797,92.37000274658203,94.26000213623047,84.94615173339844,7504300,0.0,0.0
2020-05-22,94.41999816894531,94.6500015258789,93.3499984741211,93.75,84.4865493774414,4049500,0.0,0.0
2020-05-26,95.9800033569336,97.43000030517578,95.27999877929688,96.62000274658203,87.07299041748047,7185200,0.0,0.0
2020-05-27,98.12000274658203,99.98999786376953,97.62000274658203,99.87000274658203,90.0018310546875,7915900,0.0,0.0
2020-05-28,100.08999633789062,100.69000244140625,98.25,98.45999908447266,88.7311782836914,7260700,0.0,0.0
2020-05-29,98.19000244140625,99.25,96.93000030517578,98.58000183105469,89.0609359741211,10332500,0.245,0.0
2020-06-01,98.4000015258789,99.77999877929688,97.88999938964844,99.54000091552734,89.92822265625,4295400,0.0,0.0
2020-06-02,99.41999816894531,100.87999725341797,98.81999969482422,100.73999786376953,91.01234436035156,10798700,0.0,0.0
2020-06-03,101.26000213623047,104.55000305175781,101.12000274658203,104.11000061035156,94.05691528320312,5867700,0.0,0.0
2020-06-04,103.66000366210938,103.9000015258789,100.47000122070312,101.27999877929688,91.50018310546875,8775000,0.0,0.0
2020-06-05,104.0,104.69000244140625,102.12999725341797,102.70999908447266,92.7920913696289,8363600,0.0,0.0
2020-06-08,103.05000305175781,104.30000305175781,102.70999908447266,104.29000091552734,94.21955871582031,6165400,0.0,0.0
2020-06-09,102.81999969482422,103.7699966430664,102.43000030517578,102.62999725341797,92.71983337402344,5385900,0.0,0.0
2020-06-10,103.0,103.1500015258789,101.70999908447266,102.12000274658203,92.25908660888672,5194200,0.0,0.0
2020-06-11,98.37999725341797,98.98999786376953,94.87999725341797,95.16999816894531,85.98018646240234,10976900,0.0,0.0
2020-06-12,97.80000305175781,97.80000305175781,94.73999786376953,96.43000030517578,87.11854553222656,7416400,0.0,0.0
2020-06-15,93.9000015258789,98.08000183105469,93.44000244140625,97.83999633789062,88.39237213134766,8645300,0.0,0.0
2020-06-16,101.25,101.33999633789062,97.72000122070312,99.04000091552734,89.47649383544922,6054400,0.0,0.0
2020-06-17,99.0,100.23999786376953,98.88999938964844,99.20999908447266,89.63007354736328,3405500,0.0,0.0
2020-06-18,98.69000244140625,99.41999816894531,97.8499984741211,98.44999694824219,88.94344329833984,4392400,0.0,0.0
2020-06-19,99.97000122070312,99.9800033569336,95.77999877929688,95.77999877929688,86.53130340576172,10304000,0.0,0.0
2020-06-22,96.8499984741211,99.54000091552734,96.0199966430664,99.51000213623047,89.9011001586914,6918200,0.0,0.0
2020-06-23,101.1500015258789,102.22000122070312,100.70999908447266,101.91999816894531,92.07840728759766,6499000,0.0,0.0
2020-06-24,100.94000244140625,101.8499984741211,98.08999633789062,100.08000183105469,90.41606903076172,8611600,0.0,0.0
2020-06-25,99.2300033569336,101.68000030517578,98.80000305175781,101.4000015258789,91.60860443115234,11531400,0.0,0.0
2020-06-26,98.5,98.77999877929688,93.56999969482422,93.66999816894531,84.62504577636719,24918500,0.0,0.0
2020-06-29,93.69999694824219,96.0,93.69999694824219,95.87000274658203,86.61260223388672,9624200,0.0,0.0
2020-06-30,96.0,98.30000305175781,95.63999938964844,98.05000305175781,88.58209991455078,9065500,0.0,0.0
2020-07-01,98.5,98.72000122070312,97.11000061035156,97.4000015258789,87.99485778808594,5733800,0.0,0.0
2020-07-02,98.77999877929688,99.66000366210938,98.0199966430664,98.43000030517578,88.9254150390625,5354900,0.0,0.0
2020-07-06,99.62000274658203,100.02999877929688,99.04000091552734,99.94999694824219,90.29861450195312,4995000,0.0,0.0
2020-07-07,99.22000122070312,99.55000305175781,96.91999816894531,97.06999969482422,87.69671630859375,6352900,0.0,0.0
2020-07-08,97.5,98.9800033569336,96.95999908447266,98.83999633789062,89.29580688476562,5634600,0.0,0.0
2020-07-09,98.55000305175781,98.91000366210938,96.37000274658203,96.98999786376953,87.62443542480469,6282300,0.0,0.0
2020-07-10,97.0,98.05000305175781,95.72000122070312,97.98999786376953,88.52790069580078,3967000,0.0,0.0
2020-07-13,98.25,98.94000244140625,96.26000213623047,96.45999908447266,87.14562225341797,4845600,0.0,0.0
2020-07-14,96.33000183105469,97.25,95.51000213623047,96.76000213623047,87.41667175292969,4850600,0.0,0.0
2020-07-15,98.41000366210938,99.04000091552734,97.30999755859375,98.54000091552734,89.02478790283203,5343700,0.0,0.0
2020-07-16,97.5,98.2300033569336,97.04000091552734,97.26000213623047,87.86837005615234,3594700,0.0,0.0
2020-07-17,96.94999694824219,97.2300033569336,96.04000091552734,96.27999877929688,86.9830093383789,7405700,0.0,0.0
2020-07-20,95.5,96.3499984741211,95.11000061035156,95.6500015258789,86.41383361816406,5822300,0.0,0.0
2020-07-21,96.91999816894531,99.0,96.0999984741211,98.36000061035156,88.8621597290039,5855600,0.0,0.0
2020-07-22,98.16000366210938,98.98999786376953,97.91000366210938,98.91000366210938,89.35905456542969,4097000,0.0,0.0
2020-07-23,98.3499984741211,100.18000030517578,97.72000122070312,98.30000305175781,88.80796813964844,4530500,0.0,0.0
2020-07-24,98.13999938964844,99.36000061035156,97.69999694824219,98.43000030517578,88.9254150390625,5638400,0.0,0.0
2020-07-27,96.95999908447266,98.4000015258789,96.88999938964844,97.20999908447266,87.82318878173828,4273400,0.0,0.0
2020-07-28,96.94999694824219,97.47000122070312,96.16000366210938,96.2699966430664,86.97396850585938,3822600,0.0,0.0
2020-07-29,96.43000030517578,97.55000305175781,96.30000305175781,96.97000122070312,87.60636901855469,6872400,0.0,0.0
2020-07-30,96.47000122070312,97.2300033569336,95.80000305175781,96.81999969482422,87.47085571289062,4018400,0.0,0.0
2020-07-31,96.88999938964844,97.6500015258789,96.30000305175781,97.61000061035156,88.18457794189453,5509900,0.0,0.0
2020-08-03,98.02999877929688,99.29000091552734,97.81999969482422,98.33000183105469,88.83504486083984,5472700,0.0,0.0
2020-08-04,97.79000091552734,97.94999694824219,96.55000305175781,97.33000183105469,87.93160247802734,7539300,0.0,0.0
2020-08-05,97.12000274658203,101.25,97.08000183105469,100.94000244140625,91.19304656982422,7217500,0.0,0.0
2020-08-06,100.63999938964844,101.18000030517578,100.02999877929688,100.44999694824219,90.7503433227539,4060900,0.0,0.0
2020-08-07,101.0,101.91000366210938,99.88999938964844,101.86000061035156,92.02418518066406,5545600,0.0,0.0
2020-08-10,102.47000122070312,106.83000183105469,102.4000015258789,105.41000366210938,95.2314224243164,12678000,0.0,0.0
2020-08-11,106.8499984741211,107.33000183105469,104.86000061035156,105.12000274658203,94.96943664550781,5400700,0.0,0.0
2020-08-12,105.72000122070312,105.88999938964844,103.37999725341797,105.22000122070312,95.05973815917969,4714800,0.0,0.0
2020-08-13,105.30000305175781,106.98999786376953,105.19999694824219,106.5199966430664,96.23421478271484,4281700,0.0,0.0
2020-08-14,106.12000274658203,106.77999877929688,105.45999908447266,106.43000030517578,96.15290069580078,2985700,0.0,0.0
2020-08-17,106.5,106.5,105.12000274658203,105.66000366210938,95.45726013183594,3017000,0.0,0.0
2020-08-18,106.45999908447266,107.0,105.47000122070312,106.97000122070312,96.6407470703125,5023000,0.0,0.0
2020-08-19,107.69000244140625,109.69000244140625,107.3499984741211,108.38999938964844,97.92365264892578,9508100,0.0,0.0
2020-08-20,107.55999755859375,108.73999786376953,107.3499984741211,108.01000213623047,97.58033752441406,4304000,0.0,0.0
2020-08-21,108.0,109.7699966430664,107.75,109.75,99.15232849121094,5564000,0.0,0.0
2020-08-24,110.0,112.0,109.9000015258789,111.83000183105469,101.03146362304688,8173100,0.0,0.0
2020-08-25,112.0,112.27999877929688,111.08999633789062,111.51000213623047,100.74237060546875,4380900,0.0,0.0
2020-08-26,111.91999816894531,112.08999633789062,111.29000091552734,111.52999877929688,100.76045227050781,4477900,0.0,0.0
2020-08-27,111.98999786376953,112.79000091552734,110.5,110.83999633789062,100.13706970214844,4390800,0.0,0.0
2020-08-28,111.01000213623047,112.66999816894531,110.56999969482422,112.29000091552734,101.6717758178711,3731100,0.245,0.0
2020-08-31,112.13999938964844,112.5199966430664,111.13999938964844,111.88999938964844,101.30960083007812,3519800,0.0,0.0
2020-09-01,112.0,114.9000015258789,111.83000183105469,114.83999633789062,103.98064422607422,4912400,0.0,0.0
2020-09-02,115.05999755859375,117.41000366210938,114.5,116.80000305175781,105.75531768798828,6775400,0.0,0.0
2020-09-03,116.80000305175781,116.9000015258789,112.0,112.8499984741211,102.17884826660156,7264400,0.0,0.0
2020-09-04,112.95999908447266,113.75,110.20999908447266,112.4000015258789,101.7713851928711,5157600,0.0,0.0
2020-09-08,111.29000091552734,113.83999633789062,110.54000091552734,112.72000122070312,102.06111907958984,5300100,0.0,0.0
2020-09-09,113.0199966430664,116.20999908447266,112.83000183105469,114.9000015258789,104.03498840332031,5997900,0.0,0.0
2020-09-10,115.9000015258789,118.2300033569336,114.0,114.79000091552734,103.9354019165039,5032800,0.0,0.0
2020-09-11,116.76000213623047,119.25,116.41999816894531,118.0,106.84185028076172,8565200,0.0,0.0
2020-09-14,118.5,119.93000030517578,118.16999816894531,119.27999877929688,108.00080108642578,4990300,0.0,0.0
2020-09-15,119.69999694824219,120.4800033569336,119.18000030517578,119.2699966430664,107.99176788330078,5934200,0.0,0.0
2020-09-16,118.30999755859375,119.69000244140625,118.16000366210938,118.58999633789062,107.37603759765625,7023700,0.0,0.0
2020-09-17,117.33999633789062,118.55000305175781,115.80000305175781,116.36000061035156,105.35693359375,7376400,0.0,0.0
2020-09-18,115.43000030517578,117.91000366210938,114.48999786376953,114.66000366210938,103.81768798828125,12876600,0.0,0.0
2020-09-21,112.94999694824219,114.05999755859375,111.73999786376953,113.37000274658203,102.649658203125,8486400,0.0,0.0
2020-09-22,113.0999984741211,117.19999694824219,112.8499984741211,116.87000274658203,105.81869506835938,13007200,0.0,0.0
2020-09-23,130.22000122070312,130.3800048828125,125.26000213623047,127.11000061035156,115.09039306640625,37822700,0.0,0.0
2020-09-24,126.44000244140625,127.54000091552734,123.30000305175781,124.75,112.95355987548828,13485800,0.0,0.0
2020-09-25,123.6500015258789,124.75,122.2699966430664,124.2300033569336,112.48271942138672,9182800,0.0,0.0
2020-09-28,125.16000366210938,126.19000244140625,123.88999938964844,124.31999969482422,112.56421661376953,7525000,0.0,0.0
2020-09-29,124.33999633789062,127.0999984741211,123.95999908447266,126.3499984741211,114.40225219726562,7796400,0.0,0.0
2020-09-30,126.0999984741211,127.27999877929688,125.16000366210938,125.54000091552734,113.6688461303711,8699700,0.0,0.0
2020-10-01,127.7300033569336,127.7300033569336,125.30999755859375,126.63999938964844,114.66484069824219,5637200,0.0,0.0
2020-10-02,124.3499984741211,126.80000305175781,123.58999633789062,126.63999938964844,114.66484069824219,7491100,0.0,0.0
2020-10-05,127.06999969482422,128.5,126.44999694824219,127.91000366210938,115.81475067138672,8270300,0.0,0.0
2020-10-06,128.83999633789062,130.44000244140625,127.2699966430664,127.6500015258789,115.57933807373047,5978000,0.0,0.0
2020-10-07,128.39999389648438,130.41000366210938,128.25,130.05999755859375,117.76143646240234,4390500,0.0,0.0
2020-10-08,130.39999389648438,130.92999267578125,129.50999450683594,129.7100067138672,117.44452667236328,3595600,0.0,0.0
2020-10-09,129.99000549316406,131.19000244140625,129.3300018310547,130.97999572753906,118.59442901611328,4293400,0.0,0.0
2020-10-12,131.19000244140625,131.33999633789062,129.25999450683594,129.4600067138672,117.21818542480469,5136500,0.0,0.0
2020-10-13,128.0500030517578,129.8699951171875,127.95999908447266,129.1999969482422,116.98278045654297,4245000,0.0,0.0
2020-10-14,129.52999877929688,129.60000610351562,127.01000213623047,127.66000366210938,115.5884017944336,3586600,0.0,0.0
2020-10-15,126.4800033569336,129.10000610351562,126.11000061035156,129.0,116.8016586303711,4235800,0.0,0.0
2020-10-16,129.50999450683594,130.19000244140625,127.55000305175781,128.0,115.89624786376953,6010900,0.0,0.0
2020-10-19,129.10000610351562,129.77999877929688,127.05000305175781,127.43000030517578,115.38014221191406,5160800,0.0,0.0
2020-10-20,128.0,129.89999389648438,127.72000122070312,128.49000549316406,116.33992004394531,3799200,0.0,0.0
2020-10-21,128.5,131.3800048828125,128.4499969482422,129.42999267578125,117.19100952148438,4916300,0.0,0.0
2020-10-22,129.60000610351562,130.25999450683594,128.86000061035156,130.02000427246094,117.72523498535156,2869900,0.0,0.0
2020-10-23,130.0,130.60000610351562,128.64999389648438,129.99000549316406,117.69807434082031,4046300,0.0,0.0
2020-10-26,129.05999755859375,129.6199951171875,126.68000030517578,128.3699951171875,116.23125457763672,5422500,0.0,0.0
2020-10-27,128.77999877929688,129.49000549316406,127.9000015258789,127.98999786376953,115.8871841430664,2985700,0.0,0.0
2020-10-28,125.27999877929688,126.4000015258789,121.04000091552734,122.08000183105469,110.53606414794922,8618300,0.0,0.0
2020-10-29,122.27999877929688,124.19000244140625,121.1500015258789,122.86000061035156,111.24227142333984,4947000,0.0,0.0
2020-10-30,123.66000366210938,123.66000366210938,118.80000305175781,120.08000183105469,108.72515106201172,7791600,0.0,0.0
2020-11-02,122.37000274658203,124.0999984741211,121.0999984741211,122.38999938964844,110.81672668457031,4740400,0.0,0.0
2020-11-03,124.01000213623047,125.5,123.19000244140625,124.58999633789062,112.80868530273438,3490900,0.0,0.0
2020-11-04,125.33000183105469,128.92999267578125,125.26000213623047,127.33999633789062,115.29863739013672,5061800,0.0,0.0
2020-11-05,129.19000244140625,130.41000366210938,128.4600067138672,129.6999969482422,117.43549346923828,3940000,0.0,0.0
2020-11-06,129.91000366210938,129.91000366210938,128.35000610351562,128.89999389648438,116.71112823486328,2954000,0.0,0.0
2020-11-09,135.05999755859375,136.35000610351562,128.77000427246094,128.9499969482422,116.75640106201172,7491700,0.0,0.0
2020-11-10,130.0500030517578,130.1199951171875,126.25,127.70999908447266,115.63365936279297,8014700,0.0,0.0
2020-11-11,128.69000244140625,129.8000030517578,127.18000030517578,127.66000366210938,115.5884017944336,6058700,0.0,0.0
2020-11-12,126.62000274658203,127.83999633789062,125.62999725341797,126.63999938964844,114.66484069824219,4780400,0.0,0.0
2020-11-13,127.91000366210938,128.60000610351562,126.83000183105469,128.27999877929688,116.14974212646484,3986100,0.0,0.0
2020-11-16,129.4600067138672,130.32000732421875,127.37000274658203,130.11000061035156,117.80672454833984,6116200,0.0,0.0
2020-11-17,130.47999572753906,132.60000610351562,129.11000061035156,132.2100067138672,119.7081298828125,7002900,0.0,0.0
2020-11-18,133.07000732421875,133.97999572753906,131.52999877929688,131.6300048828125,119.18296813964844,5572800,0.0,0.0
2020-11-19,131.9199981689453,132.11000061035156,129.92999267578125,131.91000366210938,119.43648529052734,4642800,0.0,0.0
2020-11-20,133.3000030517578,133.52999877929688,131.91000366210938,132.97999572753906,120.40531921386719,4318100,0.0,0.0
2020-11-23,134.3800048828125,134.88999938964844,133.08999633789062,134.1300048828125,121.44657897949219,6118400,0.0,0.0
2020-11-24,135.0,135.99000549316406,134.2100067138672,134.6999969482422,121.96266174316406,7204700,0.0,0.0
2020-11-25,134.25,135.8000030517578,133.6199951171875,135.5399932861328,122.72323608398438,4484500,0.0,0.0
2020-11-27,136.0,136.1300048828125,133.33999633789062,134.25,121.55523681640625,3506800,0.0,0.0
2020-11-30,133.91000366210938,135.2899932861328,132.69000244140625,134.6999969482422,121.96266174316406,9652500,0.0,0.0
2020-12-01,136.44000244140625,136.5,134.75,135.44000244140625,122.6327133178711,3833100,0.0,0.0
2020-12-02,135.16000366210938,136.32000732421875,134.6699981689453,135.5800018310547,122.75947570800781,4132700,0.0,0.0
2020-12-03,135.10000610351562,137.9499969482422,135.0,136.9600067138672,124.00897216796875,4930900,0.0,0.0
2020-12-04,137.0800018310547,137.39999389648438,135.63999938964844,137.19000244140625,124.46714782714844,4344000,0.275,0.0
2020-12-07,137.0,138.86000061035156,136.8000030517578,138.75,125.88245391845703,4590800,0.0,0.0
2020-12-08,138.24000549316406,140.44000244140625,137.64999389648438,139.1199951171875,126.2181396484375,6953600,0.0,0.0
2020-12-09,140.57000732421875,140.57000732421875,138.27000427246094,138.7899932861328,125.91876220703125,4341300,0.0,0.0
2020-12-10,138.27999877929688,139.13999938964844,137.24000549316406,137.5800018310547,124.82097625732422,4511000,0.0,0.0
2020-12-11,137.38999938964844,138.13999938964844,136.22999572753906,137.41000366210938,124.66673278808594,4172400,0.0,0.0
2020-12-14,138.9199981689453,139.0,136.1999969482422,136.27999877929688,123.64151000976562,7599000,0.0,0.0
2020-12-15,137.42999267578125,139.44000244140625,137.25,139.38999938964844,126.4631118774414,7637000,0.0,0.0
2020-12-16,139.07000732421875,140.49000549316406,137.4600067138672,138.33999633789062,125.51049041748047,6573400,0.0,0.0
2020-12-17,139.9199981689453,140.74000549316406,138.75,140.5,127.47016143798828,8727000,0.0,0.0
2020-12-18,141.08999633789062,141.13999938964844,137.1699981689453,137.27999877929688,124.54879760742188,17970800,0.0,0.0
2020-12-21,144.82000732421875,147.9499969482422,142.50999450683594,144.02000427246094,130.66372680664062,16111300,0.0,0.0
2020-12-22,143.0500030517578,143.47000122070312,141.08999633789062,142.4499969482422,129.23934936523438,6339400,0.0,0.0
2020-12-23,142.55999755859375,143.60000610351562,141.6999969482422,141.75999450683594,128.61331176757812,3388300,0.0,0.0
2020-12-24,141.10000610351562,142.19000244140625,141.10000610351562,141.60000610351562,128.46817016601562,1821900,0.0,0.0
2020-12-28,142.5399932861328,142.9199981689453,141.0399932861328,142.42999267578125,129.22117614746094,4081500,0.0,0.0
2020-12-29,142.8300018310547,143.05999755859375,140.42999267578125,141.57000732421875,128.4409637451172,3232400,0.0,0.0
2020-12-30,142.16000366210938,142.61000061035156,140.66000366210938,141.5800018310547,128.4500274658203,3052100,0.0,0.0
2020-12-31,141.6999969482422,141.7899932861328,140.3699951171875,141.47000122070312,128.35018920898438,2949900,0.0,0.0
2021-01-04,142.85000610351562,142.97000122070312,138.32000732421875,140.10000610351562,127.10726928710938,6178500,0.0,0.0
2021-01-05,138.60000610351562,141.66000366210938,138.60000610351562,141.22999572753906,128.13246154785156,4163100,0.0,0.0
2021-01-06,141.25,143.57000732421875,139.52999877929688,142.35000610351562,129.14862060546875,6072900,0.0,0.0
2021-01-07,143.1999969482422,145.63999938964844,143.0,144.9499969482422,131.50750732421875,5256900,0.0,0.0
2021-01-08,145.5500030517578,146.82000732421875,144.89999389648438,146.35000610351562,132.77767944335938,3950500,0.0,0.0
2021-01-11,146.0,147.10000610351562,144.8000030517578,147.0500030517578,133.41273498535156,4252000,0.0,0.0
2021-01-12,146.5,146.85000610351562,144.3800048828125,145.0500030517578,131.59823608398438,3678800,0.0,0.0
2021-01-13,144.8300018310547,145.1300048828125,142.42999267578125,143.0399932861328,129.7746124267578,3330100,0.0,0.0
2021-01-14,143.66000366210938,144.89999389648438,140.92999267578125,141.3000030517578,128.1959991455078,4104000,0.0,0.0
2021-01-15,140.55999755859375,142.3800048828125,139.8800048828125,140.72000122070312,127.66974639892578,6412400,0.0,0.0
2021-01-19,140.99000549316406,141.22000122070312,138.41000366210938,139.27000427246094,126.35423278808594,6537800,0.0,0.0
2021-01-20,140.3800048828125,143.2100067138672,140.00999450683594,142.8000030517578,129.55690002441406,4654400,0.0,0.0
2021-01-21,142.41000366210938,143.80999755859375,141.1300048828125,141.61000061035156,128.4772491455078,4011200,0.0,0.0
2021-01-22,141.08999633789062,141.8800048828125,139.30999755859375,139.35000610351562,126.42683410644531,4150500,0.0,0.0
2021-01-25,138.99000549316406,139.17999267578125,134.74000549316406,137.5500030517578,124.79373168945312,5998700,0.0,0.0
2021-01-26,137.75999450683594,137.85000610351562,134.7100067138672,135.10000610351562,122.57093811035156,5312300,0.0,0.0
2021-01-27,132.22000122070312,132.86000061035156,130.27000427246094,131.02000427246094,118.8693618774414,7815900,0.0,0.0
2021-01-28,132.36000061035156,136.3699951171875,131.5,134.72000122070312,122.2262191772461,6244600,0.0,0.0
2021-01-29,133.9499969482422,135.02999877929688,132.14999389648438,133.58999633789062,121.20100402832031,7166100,0.0,0.0
2021-02-01,135.3699951171875,136.0500030517578,133.3000030517578,135.7100067138672,123.1244125366211,4366800,0.0,0.0
2021-02-02,137.05999755859375,139.86000061035156,136.75,139.58999633789062,126.64456939697266,7132800,0.0,0.0
2021-02-03,139.6999969482422,140.05999755859375,138.00999450683594,138.6300048828125,125.77359771728516,4678600,0.0,0.0
2021-02-04,139.5500030517578,141.0500030517578,138.9199981689453,140.6300048828125,127.58811950683594,4533700,0.0,0.0
2021-02-05,141.33999633789062,145.57000732421875,141.2899932861328,145.11000061035156,131.65267944335938,6151500,0.0,0.0
2021-02-08,145.14999389648438,145.8800048828125,142.8000030517578,143.41000366210938,130.11029052734375,6304300,0.0,0.0
2021-02-09,143.60000610351562,144.22000122070312,141.6999969482422,141.7899932861328,128.64051818847656,3436300,0.0,0.0
2021-02-10,142.4499969482422,142.60000610351562,140.89999389648438,142.4600067138672,129.2484130859375,4125700,0.0,0.0
2021-02-11,143.0,144.35000610351562,142.41000366210938,143.5399932861328,130.22824096679688,3828700,0.0,0.0
2021-02-12,143.11000061035156,143.4499969482422,141.39999389648438,142.1199951171875,128.93992614746094,3637000,0.0,0.0
2021-02-16,143.3699951171875,143.3699951171875,141.02999877929688,141.7100067138672,128.5679473876953,4873400,0.0,0.0
2021-02-17,141.3000030517578,144.55999755859375,140.2100067138672,143.99000549316406,130.63650512695312,6437100,0.0,0.0
2021-02-18,142.97999572753906,145.38999938964844,141.2100067138672,145.08999633789062,131.6344757080078,4486800,0.0,0.0
2021-02-19,145.42999267578125,145.5,141.5,142.02000427246094,128.8492431640625,7486000,0.0,0.0
2021-02-22,141.5399932861328,142.4600067138672,136.25999450683594,136.6699981689453,123.99536895751953,8985900,0.0,0.0
2021-02-23,136.02999877929688,136.8300018310547,131.5800018310547,136.1300048828125,123.50546264648438,10364100,0.0,0.0
2021-02-24,135.05999755859375,135.9600067138672,133.9499969482422,135.64999389648438,123.0699691772461,6360900,0.0,0.0
2021-02-25,137.60000610351562,139.17999267578125,134.52999877929688,135.5399932861328,122.97016906738281,5674300,0.0,0.0
2021-02-26,135.89999389648438,136.85000610351562,133.36000061035156,134.77999877929688,122.52924346923828,6650200,0.275,0.0
2021-03-01,135.63999938964844,139.14999389648438,135.5,137.64999389648438,125.13836669921875,5717800,0.0,0.0
2021-03-02,137.55999755859375,138.25999450683594,135.61000061035156,137.02000427246094,124.56564331054688,5292700,0.0,0.0
2021-03-03,137.08999633789062,137.41000366210938,134.14999389648438,134.25999450683594,122.05651092529297,4888400,0.0,0.0
2021-03-04,134.0,135.1300048828125,130.17999267578125,132.0399932861328,120.0383071899414,7181500,0.0,0.0
2021-03-05,133.5399932861328,133.67999267578125,129.19000244140625,133.35000610351562,121.22924041748047,5957100,0.0,0.0
2021-03-08,133.63999938964844,135.6300048828125,132.3699951171875,134.55999755859375,122.32925415039062,4983000,0.0,0.0
2021-03-09,135.50999450683594,138.0,135.4499969482422,135.9499969482422,123.5929183959961,5977800,0.0,0.0
2021-03-10,136.5,138.1999969482422,136.10000610351562,137.58999633789062,125.08385467529297,4519600,0.0,0.0
2021-03-11,139.17999267578125,142.1999969482422,138.55999755859375,141.19000244140625,128.35662841796875,5696500,0.0,0.0
2021-03-12,140.0,140.91000366210938,138.60000610351562,140.4499969482422,127.68386840820312,4143200,0.0,0.0
2021-03-15,140.6999969482422,145.0,140.6699981689453,144.94000244140625,131.76573181152344,5413900,0.0,0.0
2021-03-16,145.8800048828125,146.14999389648438,143.83999633789062,144.64999389648438,131.50210571289062,5623000,0.0,0.0
2021-03-17,143.1999969482422,146.14999389648438,143.1999969482422,144.82000732421875,131.65667724609375,5134400,0.0,0.0
2021-03-18,144.3699951171875,146.66000366210938,142.5500030517578,143.1699981689453,130.1566619873047,10188400,0.0,0.0
2021-03-19,140.0,142.86000061035156,135.50999450683594,137.49000549316406,124.9929428100586,24980400,0.0,0.0
2021-03-22,137.6300048828125,138.80999755859375,136.02999877929688,138.27000427246094,125.70204162597656,7537300,0.0,0.0
2021-03-23,138.49000549316406,140.63999938964844,136.5500030517578,137.1199951171875,124.65654754638672,5582600,0.0,0.0
2021-03-24,136.4499969482422,137.9199981689453,132.8800048828125,133.16000366210938,121.05647277832031,8157600,0.0,0.0
2021-03-25,127.05000305175781,129.38999938964844,125.44000244140625,128.63999938964844,116.94734191894531,18475800,0.0,0.0
2021-03-26,131.60000610351562,133.19000244140625,129.77000427246094,132.99000549316406,120.90193939208984,10010500,0.0,0.0
2021-03-29,132.94000244140625,133.91000366210938,130.66000366210938,133.49000549316406,121.35653686523438,7153900,0.0,0.0
2021-03-30,132.35000610351562,133.35000610351562,131.22000122070312,132.9499969482422,120.86558532714844,6026600,0.0,0.0
2021-03-31,133.08999633789062,134.17999267578125,131.9199981689453,132.88999938964844,120.81106567382812,6878900,0.0,0.0
2021-04-01,134.69000244140625,134.69000244140625,132.2100067138672,132.52999877929688,120.4837646484375,5720600,0.0,0.0
2021-04-05,133.10000610351562,135.67999267578125,133.10000610351562,135.1199951171875,122.83833312988281,5508900,0.0,0.0
2021-04-06,135.44000244140625,137.7100067138672,134.92999267578125,137.16000366210938,124.69290924072266,4670100,0.0,0.0
2021-04-07,136.99000549316406,138.24000549316406,136.36000061035156,136.5399932861328,124.12926483154297,6646000,0.0,0.0
2021-04-08,137.27999877929688,137.30999755859375,133.41000366210938,133.67999267578125,121.52920532226562,8748400,0.0,0.0
2021-04-09,133.94000244140625,135.5,133.5,135.4499969482422,123.13835144042969,6056800,0.0,0.0
2021-04-12,134.75,136.89999389648438,134.22000122070312,136.63999938964844,124.2201919555664,5638200,0.0,0.0
2021-04-13,135.60000610351562,135.99000549316406,133.39999389648438,133.5399932861328,121.40194702148438,8778200,0.0,0.0
2021-04-14,133.5399932861328,134.17999267578125,131.82000732421875,132.25999450683594,120.23827362060547,7354100,0.0,0.0
2021-04-15,133.0,134.07000732421875,132.67999267578125,133.6699981689453,121.52014923095703,6284800,0.0,0.0
2021-04-16,134.7100067138672,134.77000427246094,133.72999572753906,134.30999755859375,122.10195922851562,6852500,0.0,0.0
2021-04-19,134.3000030517578,134.3800048828125,132.14999389648438,132.57000732421875,120.5201187133789,5613600,0.0,0.0
2021-04-20,129.1699981689453,129.89999389648438,125.69999694824219,127.11000061035156,115.55641174316406,13268700,0.0,0.0
2021-04-21,127.58999633789062,130.3300018310547,127.37000274658203,129.89999389648438,118.09283447265625,7110900,0.0,0.0
2021-04-22,129.88999938964844,130.3699951171875,127.9800033569336,129.17999267578125,117.43826293945312,6442900,0.0,0.0
2021-04-23,128.92999267578125,130.64999389648438,128.4600067138672,130.19000244140625,118.35643005371094,7489000,0.0,0.0
2021-04-26,130.49000549316406,131.6999969482422,129.32000732421875,131.60000610351562,119.63829040527344,8217800,0.0,0.0
2021-04-27,132.0,132.7899932861328,131.41000366210938,132.11000061035156,120.10193634033203,5833100,0.0,0.0
2021-04-28,132.25999450683594,132.3300018310547,130.35000610351562,130.7100067138672,118.82919311523438,8195400,0.0,0.0
2021-04-29,131.77000427246094,134.1199951171875,131.22999572753906,133.25999450683594,121.14742279052734,6612500,0.0,0.0
2021-04-30,132.44000244140625,133.8800048828125,132.0500030517578,132.6199951171875,120.5655746459961,5643600,0.0,0.0
2021-05-03,133.3699951171875,134.4499969482422,132.58999633789062,133.02999877929688,120.93832397460938,5053000,0.0,0.0
2021-05-04,132.22999572753906,132.58999633789062,130.47999572753906,131.5500030517578,119.59284973144531,6129500,0.0,0.0
2021-05-05,132.6999969482422,134.22000122070312,132.0800018310547,132.2100067138672,120.1928482055664,6234200,0.0,0.0
2021-05-06,132.60000610351562,133.83999633789062,131.94000244140625,133.49000549316406,121.35653686523438,5201000,0.0,0.0
2021-05-07,135.0,139.36000061035156,134.72000122070312,137.80999755859375,125.2838363647461,10566700,0.0,0.0
2021-05-10,138.0,138.89999389648438,136.3000030517578,136.39999389648438,124.00198364257812,5669300,0.0,0.0
2021-05-11,138.3800048828125,138.3800048828125,135.00999450683594,137.1199951171875,124.65654754638672,8045400,0.0,0.0
2021-05-12,135.4199981689453,136.82000732421875,133.33999633789062,133.38999938964844,121.26559448242188,5865100,0.0,0.0
2021-05-13,133.6999969482422,135.02999877929688,132.49000549316406,133.61000061035156,121.46558380126953,6284300,0.0,0.0
2021-05-14,134.33999633789062,136.67999267578125,134.0500030517578,135.92999267578125,123.5747299194336,4367900,0.0,0.0
2021-05-17,136.3300018310547,137.07000732421875,135.5,136.41000366210938,124.01112365722656,3934200,0.0,0.0
2021-05-18,136.44000244140625,137.47000122070312,135.4499969482422,135.55999755859375,123.23834991455078,5664700,0.0,0.0
2021-05-19,133.47999572753906,133.97000122070312,131.9600067138672,132.9600067138672,120.87469482421875,5582300,0.0,0.0
2021-05-20,133.77999877929688,134.2100067138672,132.19000244140625,133.27000427246094,121.156494140625,4934800,0.0,0.0
2021-05-21,133.8300018310547,134.1699981689453,132.41000366210938,132.66000366210938,120.60194396972656,5329700,0.0,0.0
2021-05-24,133.10000610351562,134.35000610351562,132.80999755859375,134.05999755859375,121.8746566772461,4313200,0.0,0.0
2021-05-25,134.94000244140625,135.1699981689453,133.85000610351562,134.32000732421875,122.11106872558594,4885800,0.0,0.0
2021-05-26,135.1999969482422,137.9199981689453,135.0,136.88999938964844,124.44744873046875,6781500,0.0,0.0
2021-05-27,137.5500030517578,138.30999755859375,136.4600067138672,136.55999755859375,124.1474609375,12882300,0.0,0.0
2021-05-28,136.24000549316406,137.35000610351562,136.08999633789062,136.4600067138672,124.30686950683594,4153500,0.275,0.0
2021-06-01,137.85000610351562,138.0500030517578,134.2100067138672,134.50999450683594,122.53055572509766,5577900,0.0,0.0
2021-06-02,134.58999633789062,135.49000549316406,133.52999877929688,134.1699981689453,122.22080993652344,5226100,0.0,0.0
2021-06-03,133.1999969482422,134.69000244140625,132.50999450683594,134.1699981689453,122.22080993652344,5027400,0.0,0.0
2021-06-04,134.5,134.94000244140625,132.27999877929688,133.74000549316406,121.82909393310547,5217100,0.0,0.0
2021-06-07,134.0,135.1999969482422,133.4499969482422,133.9499969482422,122.0203857421875,3765000,0.0,0.0
2021-06-08,134.69000244140625,134.72000122070312,132.41000366210938,133.35000610351562,121.47386169433594,4915200,0.0,0.0
2021-06-09,133.6199951171875,134.89999389648438,131.4499969482422,131.83999633789062,120.09831237792969,6448100,0.0,0.0
2021-06-10,131.5,132.57000732421875,130.19000244140625,130.97999572753906,119.31490325927734,6584100,0.0,0.0
2021-06-11,131.5,131.99000549316406,130.52999877929688,131.94000244140625,120.18946075439453,5414500,0.0,0.0
2021-06-14,131.6999969482422,132.0500030517578,130.1300048828125,131.36000061035156,119.6611099243164,5743600,0.0,0.0
2021-06-15,131.5399932861328,131.75,129.8300018310547,130.2899932861328,118.68637084960938,5168100,0.0,0.0
2021-06-16,130.3000030517578,131.1699981689453,129.60000610351562,130.39999389648438,118.78655242919922,7915500,0.0,0.0
2021-06-17,129.24000549316406,129.8800048828125,127.86000061035156,128.9199981689453,117.43836975097656,8568100,0.0,0.0
2021-06-18,126.68000030517578,129.02999877929688,126.68000030517578,128.41000366210938,116.97380065917969,9784800,0.0,0.0
2021-06-21,129.24000549316406,130.75999450683594,128.6999969482422,130.0800018310547,118.49505615234375,6288500,0.0,0.0
2021-06-22,130.8300018310547,132.69000244140625,130.1300048828125,132.47999572753906,120.6812973022461,6043800,0.0,0.0
2021-06-23,132.80999755859375,133.6999969482422,132.2100067138672,133.10000610351562,121.24612426757812,4566000,0.0,0.0
2021-06-24,133.89999389648438,134.82000732421875,132.89999389648438,133.60000610351562,121.70158386230469,11420500,0.0,0.0
2021-06-25,152.41000366210938,154.58999633789062,150.47999572753906,154.35000610351562,140.60360717773438,46285400,0.0,0.0
2021-06-28,153.9199981689453,154.0500030517578,151.50999450683594,152.36000061035156,138.79078674316406,13133300,0.0,0.0
2021-06-29,153.25999450683594,156.39999389648438,152.91000366210938,155.9499969482422,142.06106567382812,10279900,0.0,0.0
2021-06-30,154.7899932861328,155.33999633789062,153.52000427246094,154.49000549316406,140.73117065429688,10281800,0.0,0.0
2021-07-01,154.07000732421875,158.2100067138672,153.88999938964844,158.0,143.92849731445312,9011500,0.0,0.0
2021-07-02,158.2100067138672,159.97000122070312,157.63999938964844,159.74000549316406,145.51351928710938,6396700,0.0,0.0
2021-07-06,159.9199981689453,160.44000244140625,157.86000061035156,160.11000061035156,145.85060119628906,6671000,0.0,0.0
2021-07-07,160.16000366210938,161.5,158.27999877929688,160.16000366210938,145.8961639404297,5408300,0.0,0.0
2021-07-08,158.1699981689453,160.82000732421875,157.35000610351562,160.6300048828125,146.3243408203125,6081600,0.0,0.0
2021-07-09,161.69000244140625,161.9600067138672,160.50999450683594,161.0,146.6613311767578,5002300,0.0,0.0
2021-07-12,161.63999938964844,162.42999267578125,160.7100067138672,161.82000732421875,147.4082794189453,4992200,0.0,0.0
2021-07-13,161.35000610351562,162.30999755859375,161.00999450683594,161.58999633789062,147.19876098632812,5747700,0.0,0.0
2021-07-14,161.8699951171875,162.72999572753906,161.33999633789062,161.5399932861328,147.15328979492188,4928000,0.0,0.0
2021-07-15,160.86000061035156,162.1999969482422,160.38999938964844,161.69000244140625,147.28985595703125,6432500,0.0,0.0
2021-07-16,161.6199951171875,161.6999969482422,159.63999938964844,159.85000610351562,145.61376953125,6603700,0.0,0.0
2021-07-19,158.14999389648438,158.82000732421875,156.60000610351562,157.8699951171875,143.8101043701172,7377100,0.0,0.0
2021-07-20,157.25999450683594,160.42999267578125,156.5800018310547,159.74000549316406,145.51351928710938,4629200,0.0,0.0
2021-07-21,160.5,161.42999267578125,160.00999450683594,161.0800018310547,146.73419189453125,5393100,0.0,0.0
2021-07-22,161.11000061035156,163.75,160.92999267578125,163.67999267578125,149.10264587402344,4851500,0.0,0.0
2021-07-23,164.35000610351562,166.4499969482422,163.72999572753906,166.36000061035156,151.54397583007812,4217700,0.0,0.0
2021-07-26,165.7100067138672,166.52999877929688,163.82000732421875,165.08999633789062,150.38710021972656,3858800,0.0,0.0
2021-07-27,164.82000732421875,165.61000061035156,162.5800018310547,164.57000732421875,149.91339111328125,4359000,0.0,0.0
2021-07-28,164.49000549316406,165.89999389648438,164.0800018310547,165.4600067138672,150.72415161132812,4093600,0.0,0.0
2021-07-29,165.89999389648438,167.02999877929688,165.38999938964844,166.99000549316406,152.1178741455078,3605600,0.0,0.0
2021-07-30,166.58999633789062,167.8699951171875,166.35000610351562,167.50999450683594,152.59152221679688,5364400,0.0,0.0
2021-08-02,169.05999755859375,169.97999572753906,168.02999877929688,168.75,153.7211456298828,5532500,0.0,0.0
2021-08-03,169.22000122070312,171.5,168.49000549316406,171.22999572753906,155.98025512695312,5718100,0.0,0.0
2021-08-04,171.36000061035156,172.33999633789062,170.9600067138672,171.91000366210938,156.5996856689453,4646200,0.0,0.0
2021-08-05,171.41000366210938,174.0,171.17999267578125,173.85000610351562,158.36692810058594,3824000,0.0,0.0
2021-08-06,174.36000061035156,174.3800048828125,172.6999969482422,172.8000030517578,157.41041564941406,4088700,0.0,0.0
2021-08-09,172.5,173.05999755859375,171.6199951171875,171.77000427246094,156.47215270996094,3612800,0.0,0.0
2021-08-10,171.55999755859375,173.9600067138672,171.42999267578125,172.27000427246094,156.9276123046875,3747100,0.0,0.0
2021-08-11,172.0,173.22000122070312,170.94000244140625,171.27000427246094,156.0167236328125,4078300,0.0,0.0
2021-08-12,170.88999938964844,171.32000732421875,169.47999572753906,170.63999938964844,155.4428253173828,3997100,0.0,0.0
2021-08-13,170.4499969482422,171.72000122070312,168.77999877929688,171.69000244140625,156.3992919921875,2966200,0.0,0.0
2021-08-16,170.6999969482422,172.39999389648438,169.66000366210938,172.36000061035156,157.0096435546875,3530200,0.0,0.0
2021-08-17,171.5399932861328,171.6999969482422,169.3800048828125,170.66000366210938,155.4610137939453,3602900,0.0,0.0
2021-08-18,169.75,171.8000030517578,168.66000366210938,168.80999755859375,153.7757110595703,5487400,0.0,0.0
2021-08-19,166.9600067138672,167.5399932861328,164.3699951171875,165.58999633789062,150.84254455566406,7336300,0.0,0.0
2021-08-20,166.27000427246094,168.00999450683594,165.4199981689453,167.7899932861328,152.84661865234375,4039100,0.0,0.0
2021-08-23,169.4499969482422,170.89999389648438,169.17999267578125,169.72000122070312,154.60475158691406,3796500,0.0,0.0
2021-08-24,169.60000610351562,170.8699951171875,168.88999938964844,169.97999572753906,154.84158325195312,3133100,0.0,0.0
2021-08-25,170.0,170.69000244140625,169.52999877929688,169.83999633789062,154.71405029296875,3003800,0.0,0.0
2021-08-26,169.3800048828125,169.52000427246094,166.27000427246094,166.9199981689453,152.05410766601562,4069600,0.0,0.0
2021-08-27,167.27000427246094,168.07000732421875,166.27999877929688,167.5800018310547,152.9072265625,3012400,0.275,0.0
2021-08-30,167.88999938964844,168.41000366210938,166.57000732421875,168.02999877929688,153.3177947998047,3537100,0.0,0.0
2021-08-31,167.5500030517578,167.67999267578125,164.1999969482422,164.74000549316406,150.31590270996094,7545600,0.0,0.0
2021-09-01,164.9199981689453,166.6199951171875,164.0800018310547,164.55999755859375,150.1516571044922,4706500,0.0,0.0
2021-09-02,165.24000549316406,165.42999267578125,162.7899932861328,163.6699981689453,149.33953857421875,4632100,0.0,0.0
2021-09-03,163.1999969482422,164.1699981689453,162.22000122070312,163.2899932861328,148.9928436279297,4254500,0.0,0.0
2021-09-07,163.6999969482422,163.86000061035156,161.91000366210938,162.63999938964844,148.39974975585938,5648800,0.0,0.0
2021-09-08,162.0,162.08999633789062,159.75,160.7100067138672,146.63873291015625,6591700,0.0,0.0
2021-09-09,165.25999450683594,166.14999389648438,163.1999969482422,163.33999633789062,149.0384521484375,8414800,0.0,0.0
2021-09-10,164.25,165.66000366210938,163.44000244140625,163.58999633789062,149.26661682128906,4252100,0.0,0.0
2021-09-13,161.55999755859375,162.9199981689453,158.3300018310547,159.52000427246094,145.5529327392578,8814500,0.0,0.0
2021-09-14,159.1699981689453,159.38999938964844,157.07000732421875,158.75999450683594,144.85951232910156,5323900,0.0,0.0
2021-09-15,157.5,158.32000732421875,155.6699981689453,157.91000366210938,144.0839080810547,6827100,0.0,0.0
2021-09-16,157.58999633789062,159.00999450683594,157.1999969482422,157.60000610351562,143.80105590820312,5085900,0.0,0.0
2021-09-17,157.9600067138672,161.0,156.07000732421875,156.4199981689453,142.724365234375,7944800,0.0,0.0
2021-09-20,153.72999572753906,155.27000427246094,152.32000732421875,154.25,140.74435424804688,7041200,0.0,0.0
2021-09-21,155.08999633789062,156.1300048828125,153.5800018310547,155.02000427246094,141.4469451904297,5857900,0.0,0.0
2021-09-22,156.7899932861328,158.0,155.60000610351562,157.44000244140625,143.65505981445312,6844800,0.0,0.0
2021-09-23,158.7100067138672,160.2899932861328,158.27000427246094,159.5800018310547,145.60769653320312,11981500,0.0,0.0
2021-09-24,151.0399932861328,151.85000610351562,148.0,149.58999633789062,136.4923553466797,26913300,0.0,0.0
2021-09-27,149.50999450683594,149.91000366210938,147.2899932861328,148.0399932861328,135.0780792236328,11479300,0.0,0.0
2021-09-28,147.33999633789062,147.52999877929688,145.0,145.3000030517578,132.57798767089844,10692300,0.0,0.0
2021-09-29,145.7100067138672,147.94000244140625,145.69000244140625,146.02000427246094,133.23497009277344,7794900,0.0,0.0
2021-09-30,145.8800048828125,147.47999572753906,144.4199981689453,145.22999572753906,132.5141143798828,10133600,0.0,0.0
2021-10-01,145.22000122070312,148.0,144.3699951171875,147.05999755859375,134.1839141845703,8112300,0.0,0.0
2021-10-04,147.05999755859375,147.6199951171875,145.75999450683594,147.13999938964844,134.2568817138672,7951000,0.0,0.0
2021-10-05,148.0,151.0,147.82000732421875,149.4600067138672,136.37374877929688,10881900,0.0,0.0
2021-10-06,148.0,149.4600067138672,147.50999450683594,148.8000030517578,135.7715606689453,7610700,0.0,0.0
2021-10-07,150.3000030517578,153.66000366210938,150.25999450683594,151.85000610351562,138.55453491210938,7958000,0.0,0.0
2021-10-08,152.22000122070312,152.8699951171875,150.6699981689453,152.47999572753906,139.12930297851562,6333700,0.0,0.0
2021-10-11,151.99000549316406,153.58999633789062,150.05999755859375,150.27999877929688,137.12193298339844,5551200,0.0,0.0
2021-10-12,152.4199981689453,153.60000610351562,151.3000030517578,153.35000610351562,139.92318725585938,7408600,0.0,0.0
2021-10-13,154.32000732421875,156.6699981689453,153.16000366210938,156.3000030517578,142.61485290527344,8456300,0.0,0.0
2021-10-14,158.17999267578125,158.4600067138672,156.25,157.13999938964844,143.38133239746094,6024500,0.0,0.0
2021-10-15,157.8000030517578,158.3300018310547,156.55999755859375,158.00999450683594,144.17510986328125,5532100,0.0,0.0
2021-10-18,157.30999755859375,159.47000122070312,155.9499969482422,159.42999267578125,145.47080993652344,5765300,0.0,0.0
2021-10-19,159.67999267578125,159.92999267578125,156.8000030517578,157.82000732421875,144.0017852783203,6198200,0.0,0.0
2021-10-20,158.5,158.8000030517578,157.32000732421875,158.4499969482422,144.5765838623047,4487000,0.0,0.0
2021-10-21,158.4499969482422,162.33999633789062,158.27999877929688,162.17999267578125,147.9800567626953,6121700,0.0,0.0
2021-10-22,162.27999877929688,164.6199951171875,162.27999877929688,163.47999572753906,149.1662139892578,5323000,0.0,0.0
2021-10-25,163.22999572753906,164.72999572753906,162.66000366210938,164.22000122070312,149.84141540527344,3878200,0.0,0.0
2021-10-26,164.82000732421875,165.4499969482422,163.1199951171875,163.7899932861328,149.44906616210938,4711200,0.0,0.0
2021-10-27,163.64999389648438,164.05999755859375,161.66000366210938,162.35000610351562,148.1351318359375,4163900,0.0,0.0
2021-10-28,163.00999450683594,164.60000610351562,162.80999755859375,164.4600067138672,150.06040954589844,3762000,0.0,0.0
2021-10-29,163.05999755859375,167.6300048828125,163.0,167.2899932861328,152.6426239013672,6740600,0.0,0.0
2021-11-01,167.8000030517578,168.8000030517578,165.88999938964844,166.3300018310547,151.76670837402344,3610800,0.0,0.0
2021-11-02,166.75999450683594,168.16000366210938,166.11000061035156,167.8300018310547,153.1353302001953,5038000,0.0,0.0
2021-11-03,169.0,172.8699951171875,168.64999389648438,172.5,157.39646911621094,7176700,0.0,0.0
2021-11-04,172.2100067138672,175.6300048828125,172.0,175.44000244140625,160.07899475097656,5460100,0.0,0.0
2021-11-05,175.72999572753906,179.10000610351562,175.5,177.50999450683594,161.96780395507812,5892200,0.0,0.0
2021-11-08,176.35000610351562,176.5399932861328,170.36000061035156,171.85000610351562,156.80335998535156,8301100,0.0,0.0
2021-11-09,171.25,173.92999267578125,170.9499969482422,173.82000732421875,158.6008758544922,4343000,0.0,0.0
2021-11-10,171.22999572753906,172.1699981689453,167.5500030517578,168.25999450683594,153.52769470214844,8185200,0.0,0.0
2021-11-11,169.60000610351562,169.60000610351562,166.6300048828125,166.97000122070312,152.35064697265625,4994900,0.0,0.0
2021-11-12,167.5,169.67999267578125,167.39999389648438,169.08999633789062,154.28500366210938,5126300,0.0,0.0
2021-11-15,169.6999969482422,170.36000061035156,168.52000427246094,168.85000610351562,154.06605529785156,3856700,0.0,0.0
2021-11-16,169.25,174.0,169.25,171.8300018310547,156.78509521484375,4401000,0.0,0.0
2021-11-17,171.60000610351562,172.74000549316406,170.25,171.74000549316406,156.70298767089844,3940200,0.0,0.0
2021-11-18,172.3300018310547,173.4600067138672,170.36000061035156,171.35000610351562,156.34715270996094,4044200,0.0,0.0
2021-11-19,172.14999389648438,177.1999969482422,170.52999877929688,174.8800048828125,159.56805419921875,6145600,0.0,0.0
2021-11-22,174.97999572753906,177.75,174.22999572753906,174.24000549316406,158.98406982421875,5906400,0.0,0.0
2021-11-23,173.0500030517578,173.42999267578125,170.41000366210938,172.14999389648438,157.07708740234375,5302100,0.0,0.0
2021-11-24,168.49000549316406,172.42999267578125,167.6699981689453,172.02999877929688,156.9676055908203,4637600,0.0,0.0
2021-11-26,168.05999755859375,169.67999267578125,167.5399932861328,168.02000427246094,153.30873107910156,4751100,0.0,0.0
2021-11-29,169.8300018310547,171.14999389648438,169.22999572753906,169.8699951171875,154.99668884277344,5448700,0.0,0.0
2021-11-30,168.7899932861328,171.5500030517578,167.52999877929688,169.24000549316406,154.42189025878906,11033700,0.0,0.0
2021-12-01,170.88999938964844,173.3699951171875,166.67999267578125,166.6999969482422,152.10427856445312,6618200,0.0,0.0
2021-12-02,167.27999877929688,170.5500030517578,167.0,170.0,155.11532592773438,4398900,0.0,0.0
2021-12-03,170.6199951171875,172.07000732421875,166.75999450683594,170.24000549316406,155.61349487304688,4878500,0.305,0.0
2021-12-06,170.8300018310547,171.2100067138672,168.05999755859375,168.91000366210938,154.39781188964844,5636900,0.0,0.0
2021-12-07,171.11000061035156,173.35000610351562,170.39999389648438,171.2899932861328,156.57327270507812,5898700,0.0,0.0
2021-12-08,171.22000122070312,171.7899932861328,169.83999633789062,170.25,155.62265014648438,5614400,0.0,0.0
2021-12-09,169.2899932861328,171.1699981689453,167.99000549316406,168.10000610351562,153.6573944091797,5171600,0.0,0.0
2021-12-10,168.5,170.24000549316406,167.3300018310547,169.05999755859375,154.53492736816406,4791100,0.0,0.0
2021-12-13,168.80999755859375,169.38999938964844,165.25999450683594,166.83999633789062,152.50563049316406,5972300,0.0,0.0
2021-12-14,166.2899932861328,167.0800018310547,164.2100067138672,165.39999389648438,151.18931579589844,4872200,0.0,0.0
2021-12-15,165.0,165.6699981689453,161.82000732421875,163.89999389648438,149.81820678710938,7144600,0.0,0.0
2021-12-16,162.6999969482422,165.94000244140625,162.52999877929688,162.72000122070312,148.7395782470703,7138100,0.0,0.0
2021-12-17,161.6300048828125,162.86000061035156,160.5500030517578,161.36000061035156,147.49647521972656,7705100,0.0,0.0
2021-12-20,159.33999633789062,159.60000610351562,155.47000122070312,156.97999572753906,143.49273681640625,8411900,0.0,0.0
2021-12-21,166.69000244140625,171.19000244140625,164.7100067138672,166.6300048828125,152.3136749267578,13862900,0.0,0.0
2021-12-22,167.24000549316406,169.0,164.08999633789062,165.44000244140625,151.22592163085938,5811300,0.0,0.0
2021-12-23,166.25,167.16000366210938,165.44000244140625,165.6699981689453,151.4362030029297,3876900,0.0,0.0
2021-12-27,166.52000427246094,167.69000244140625,165.47999572753906,167.5800018310547,153.18203735351562,3769300,0.0,0.0
2021-12-28,167.8000030517578,168.25,166.3000030517578,166.4199981689453,152.12171936035156,2658600,0.0,0.0
2021-12-29,167.07000732421875,169.8000030517578,166.60000610351562,168.77999877929688,154.27894592285156,3830900,0.0,0.0
2021-12-30,168.30999755859375,170.1199951171875,167.1999969482422,167.49000549316406,153.09979248046875,2666800,0.0,0.0
2021-12-31,167.55999755859375,167.72000122070312,166.2100067138672,166.6699981689453,152.35025024414062,2752000,0.0,0.0
2022-01-03,167.52999877929688,167.91000366210938,163.30999755859375,164.6699981689453,150.52207946777344,5670500,0.0,0.0
2022-01-04,165.8800048828125,167.17999267578125,165.0,166.38999938964844,152.0942840576172,6064200,0.0,0.0
2022-01-05,166.49000549316406,167.00999450683594,162.10000610351562,162.25,148.30999755859375,5021000,0.0,0.0
2022-01-06,162.08999633789062,163.19000244140625,159.05999755859375,161.0399932861328,147.2039337158203,4144600,0.0,0.0
2022-01-07,160.77000427246094,161.13999938964844,156.86000061035156,156.97000122070312,143.48361206054688,5108000,0.0,0.0
2022-01-10,150.52000427246094,151.3300018310547,148.77999877929688,150.44000244140625,137.51466369628906,10439000,0.0,0.0
2022-01-11,150.47999572753906,150.83999633789062,147.60000610351562,150.3000030517578,137.38670349121094,8175400,0.0,0.0
2022-01-12,152.1300048828125,153.4600067138672,150.74000549316406,152.2100067138672,139.13259887695312,6351200,0.0,0.0
2022-01-13,153.1999969482422,153.60000610351562,149.02000427246094,149.58999633789062,136.73768615722656,4990900,0.0,0.0
2022-01-14,148.38999938964844,148.83999633789062,146.85000610351562,148.17999267578125,135.4488525390625,6030500,0.0,0.0
2022-01-18,148.05999755859375,148.8300018310547,146.3000030517578,146.9499969482422,134.3245086669922,6931000,0.0,0.0
2022-01-19,147.75999450683594,149.10000610351562,145.02000427246094,145.11000061035156,132.64263916015625,4823800,0.0,0.0
2022-01-20,145.4600067138672,147.3800048828125,142.5,142.72999572753906,130.4670867919922,5366500,0.0,0.0
2022-01-21,144.32000732421875,146.36000061035156,142.85000610351562,142.9499969482422,130.668212890625,7553400,0.0,0.0
2022-01-24,140.80999755859375,146.30999755859375,139.55999755859375,146.0,133.45616149902344,9733200,0.0,0.0
2022-01-25,144.97000122070312,147.9600067138672,142.50999450683594,145.47999572753906,132.98081970214844,8195400,0.0,0.0
2022-01-26,147.77999877929688,148.97000122070312,142.72999572753906,143.99000549316406,131.61883544921875,7444600,0.0,0.0
2022-01-27,144.99000549316406,147.35000610351562,143.5800018310547,144.63999938964844,132.21299743652344,6396400,0.0,0.0
2022-01-28,144.1199951171875,146.02999877929688,140.61000061035156,145.91000366210938,133.37388610839844,6130200,0.0,0.0
2022-01-31,146.27000427246094,148.17999267578125,145.22000122070312,148.07000732421875,135.3483123779297,6932200,0.0,0.0
2022-02-01,149.5,149.67999267578125,146.8000030517578,148.22000122070312,135.4854278564453,6695000,0.0,0.0
2022-02-02,148.35000610351562,149.4600067138672,147.52999877929688,148.7100067138672,135.93333435058594,5491700,0.0,0.0
2022-02-03,147.39999389648438,148.4600067138672,144.97000122070312,145.30999755859375,132.82540893554688,5240200,0.0,0.0
2022-02-04,145.3699951171875,146.47999572753906,143.63999938964844,145.38999938964844,132.89857482910156,4313400,0.0,0.0
2022-02-07,145.3000030517578,146.1199951171875,144.22000122070312,145.13999938964844,132.67001342773438,3877500,0.0,0.0
2022-02-08,144.74000549316406,145.5,142.3000030517578,143.52999877929688,131.19834899902344,5829400,0.0,0.0
2022-02-09,146.11000061035156,147.36000061035156,145.6699981689453,146.25999450683594,133.6938018798828,4551000,0.0,0.0
2022-02-10,143.9600067138672,147.5399932861328,143.85000610351562,144.82000732421875,132.37754821777344,5142600,0.0,0.0
2022-02-11,144.75999450683594,145.05999755859375,139.55999755859375,140.17999267578125,128.1361541748047,6710500,0.0,0.0
2022-02-14,140.0800018310547,143.2100067138672,139.7899932861328,141.58999633789062,129.42503356933594,6841200,0.0,0.0
2022-02-15,144.22000122070312,146.32000732421875,144.10000610351562,145.5800018310547,133.07220458984375,7820200,0.0,0.0
2022-02-16,145.02000427246094,146.9499969482422,144.61000061035156,146.49000549316406,133.90406799316406,4817500,0.0,0.0
2022-02-17,145.5399932861328,146.91000366210938,142.63999938964844,142.8000030517578,130.5310821533203,5202300,0.0,0.0
2022-02-18,143.3699951171875,143.94000244140625,141.80999755859375,142.9499969482422,130.668212890625,5177400,0.0,0.0
2022-02-22,141.58999633789062,141.63999938964844,136.16000366210938,138.19000244140625,126.31714630126953,9604500,0.0,0.0
2022-02-23,139.66000366210938,140.97000122070312,136.50999450683594,136.8300018310547,125.07401275634766,7636600,0.0,0.0
2022-02-24,133.0,137.4199981689453,130.92999267578125,137.1699981689453,125.38479614257812,8417200,0.0,0.0
2022-02-25,138.1300048828125,139.22000122070312,136.19000244140625,138.8000030517578,126.87476348876953,5424500,0.0,0.0
2022-02-28,137.05999755859375,138.3800048828125,135.0399932861328,136.5500030517578,124.81807708740234,6613300,0.0,0.0
2022-03-01,136.72000122070312,136.75,131.14999389648438,132.22000122070312,120.8600845336914,6534000,0.0,0.0
2022-03-02,132.97999572753906,136.61000061035156,132.77000427246094,135.67999267578125,124.02274322509766,7743900,0.0,0.0
2022-03-03,136.74000549316406,136.8000030517578,133.4499969482422,133.97000122070312,122.45972442626953,4576500,0.0,0.0
2022-03-04,132.50999450683594,133.6199951171875,130.6999969482422,131.17999267578125,120.18302154541016,7084500,0.305,0.0
2022-03-07,131.0,131.02999877929688,124.16999816894531,124.44000244140625,114.008056640625,11383400,0.0,0.0
2022-03-08,125.23999786376953,125.47000122070312,120.80000305175781,121.20999908447266,111.04884338378906,9089400,0.0,0.0
2022-03-09,127.37999725341797,129.64999389648438,126.62999725341797,126.94999694824219,116.30765533447266,8845100,0.0,0.0
2022-03-10,124.0199966430664,126.5999984741211,124.0,126.02999877929688,115.46477508544922,7167400,0.0,0.0
2022-03-11,127.01000213623047,127.87000274658203,122.51000213623047,122.62999725341797,112.34980010986328,5882000,0.0,0.0
2022-03-14,121.52999877929688,122.44999694824219,116.75,117.56999969482422,107.71398162841797,13884900,0.0,0.0
2022-03-15,119.83999633789062,120.41999816894531,117.75,119.4000015258789,109.39058685302734,10431300,0.0,0.0
2022-03-16,122.8499984741211,126.11000061035156,121.93000030517578,125.19000244140625,114.69519805908203,11100400,0.0,0.0
2022-03-17,124.94000244140625,127.41000366210938,123.69999694824219,127.41000366210938,116.72908020019531,6845300,0.0,0.0
2022-03-18,126.8499984741211,131.4600067138672,126.69999694824219,131.24000549316406,120.2380142211914,10350900,0.0,0.0
2022-03-21,129.72000122070312,132.30999755859375,128.6199951171875,130.19000244140625,119.27600860595703,14388500,0.0,0.0
2022-03-22,137.27999877929688,139.0,132.99000549316406,133.08999633789062,121.93291473388672,19731200,0.0,0.0
2022-03-23,132.63999938964844,135.39999389648438,131.1999969482422,133.0,121.85045623779297,8068800,0.0,0.0
2022-03-24,133.75,134.19000244140625,131.1999969482422,132.0800018310547,121.00759887695312,5853800,0.0,0.0
2022-03-25,133.0500030517578,133.8699951171875,131.7100067138672,133.6999969482422,122.4917984008789,6287000,0.0,0.0
2022-03-28,133.75999450683594,134.86000061035156,132.1699981689453,134.80999755859375,123.50873565673828,5804100,0.0,0.0
2022-03-29,137.85000610351562,139.75,136.9499969482422,139.13999938964844,127.47576141357422,7275900,0.0,0.0
2022-03-30,138.97999572753906,139.86000061035156,137.55999755859375,138.5399932861328,126.926025390625,5545800,0.0,0.0
2022-03-31,137.8300018310547,138.7100067138672,134.5,134.55999755859375,123.27970123291016,7206500,0.0,0.0
2022-04-01,134.4499969482422,135.27999877929688,132.75,133.52000427246094,122.32687377929688,5807500,0.0,0.0
2022-04-04,133.0500030517578,135.2100067138672,132.86000061035156,134.33999633789062,123.078125,5307300,0.0,0.0
2022-04-05,134.0399932861328,134.67999267578125,132.02000427246094,132.3000030517578,121.20916748046875,5707800,0.0,0.0
2022-04-06,130.0500030517578,130.3000030517578,126.33000183105469,128.36000061035156,117.59945678710938,6961000,0.0,0.0
2022-04-07,127.43000030517578,129.97999572753906,127.08999633789062,129.3800048828125,118.5339584350586,5320500,0.0,0.0
2022-04-08,129.44000244140625,129.92999267578125,127.87999725341797,128.14999389648438,117.40705108642578,4877400,0.0,0.0
2022-04-11,125.0999984741211,126.87000274658203,124.31999969482422,124.9800033569336,114.50279235839844,6365400,0.0,0.0
2022-04-12,125.19999694824219,128.10000610351562,124.33999633789062,125.04000091552734,114.55776977539062,5146800,0.0,0.0
2022-04-13,125.04000091552734,127.86000061035156,125.04000091552734,127.48999786376953,116.80238342285156,5119300,0.0,0.0
2022-04-14,129.0800018310547,134.3800048828125,128.88999938964844,133.4600067138672,122.27191162109375,12811300,0.0,0.0
2022-04-18,132.0,133.38999938964844,130.30999755859375,131.6300048828125,120.59529876708984,5298200,0.0,0.0
2022-04-19,133.08999633789062,137.47999572753906,132.77999877929688,137.0500030517578,125.56098175048828,7346100,0.0,0.0
2022-04-20,137.9600067138672,138.64999389648438,135.66000366210938,135.8699951171875,124.47987365722656,5309700,0.0,0.0
2022-04-21,138.5500030517578,139.13999938964844,135.0800018310547,135.4600067138672,124.10427856445312,6562400,0.0,0.0
2022-04-22,134.3300018310547,134.92999267578125,128.7100067138672,129.07000732421875,118.24993896484375,7321700,0.0,0.0
2022-04-25,127.80000305175781,128.94000244140625,124.8499984741211,127.94000244140625,117.21465301513672,6512500,0.0,0.0
2022-04-26,126.94999694824219,127.58999633789062,120.4800033569336,120.5199966430664,110.41667175292969,7977900,0.0,0.0
2022-04-27,121.08999633789062,124.0,121.08999633789062,121.23999786376953,111.0763168334961,6007800,0.0,0.0
2022-04-28,123.16999816894531,127.97000122070312,122.5999984741211,127.05000305175781,116.39928436279297,6551600,0.0,0.0
2022-04-29,126.22000122070312,128.4499969482422,124.25,124.69999694824219,114.24626159667969,5867900,0.0,0.0
2022-05-02,124.43000030517578,126.18000030517578,122.80000305175781,126.08000183105469,115.51058959960938,5428400,0.0,0.0
2022-05-03,125.0199966430664,125.76000213623047,120.22000122070312,122.86000061035156,112.56050872802734,8201200,0.0,0.0
2022-05-04,122.54000091552734,126.19999694824219,120.08000183105469,126.05999755859375,115.49226379394531,6924000,0.0,0.0
2022-05-05,124.11000061035156,124.75,116.5199966430664,118.62999725341797,108.68511962890625,8411600,0.0,0.0
2022-05-06,113.73999786376953,115.9000015258789,110.66000366210938,114.48999786376953,104.89217376708984,11237500,0.0,0.0
2022-05-09,112.97000122070312,114.43000030517578,110.58999633789062,111.20999908447266,101.88713836669922,7506000,0.0,0.0
2022-05-10,113.02999877929688,113.44000244140625,108.3499984741211,109.48999786376953,100.31134033203125,7526900,0.0,0.0
2022-05-11,110.69999694824219,111.1500015258789,107.58999633789062,107.91999816894531,98.87296295166016,6611800,0.0,0.0
2022-05-12,105.18000030517578,109.87999725341797,105.0,107.9000015258789,98.8546371459961,10245400,0.0,0.0
2022-05-13,110.26000213623047,113.11000061035156,108.66999816894531,113.01000213623047,103.5362548828125,9618800,0.0,0.0
2022-05-16,112.9800033569336,113.44000244140625,111.55999755859375,112.5999984741211,103.16060638427734,5722500,0.0,0.0
2022-05-17,115.5,117.0999984741211,113.06999969482422,115.9000015258789,106.18399047851562,6026100,0.0,0.0
2022-05-18,112.5,113.36000061035156,108.77999877929688,109.37000274658203,100.2013931274414,8188300,0.0,0.0
2022-05-19,108.94999694824219,109.11000061035156,106.27999877929688,106.44000244140625,97.51702880859375,7702000,0.0,0.0
2022-05-20,108.66999816894531,109.69000244140625,105.06999969482422,108.0,98.94623565673828,7621900,0.0,0.0
2022-05-23,107.47000122070312,108.75,105.81999969482422,108.62999725341797,99.5234375,7136400,0.0,0.0
2022-05-24,107.11000061035156,107.98999786376953,104.7300033569336,107.29000091552734,98.29576110839844,6023400,0.0,0.0
2022-05-25,103.45999908447266,108.88999938964844,103.45999908447266,108.19999694824219,99.12948608398438,7158800,0.0,0.0
2022-05-26,110.0,113.5,110.0,112.94000244140625,103.47212982177734,6520300,0.0,0.0
2022-05-27,114.22000122070312,116.01000213623047,114.01000213623047,115.98999786376953,106.26642608642578,5043000,0.0,0.0
2022-05-31,117.5,119.79000091552734,114.44999694824219,118.8499984741211,108.88667297363281,13774600,0.0,0.0
2022-06-01,119.83000183105469,120.75,117.61000061035156,118.68000030517578,108.73094177246094,5543100,0.0,0.0
2022-06-02,119.51000213623047,123.58000183105469,119.26000213623047,123.41000366210938,113.06441497802734,5838100,0.0,0.0
2022-06-03,120.20999908447266,122.54000091552734,120.0,120.94999694824219,111.08517456054688,5201500,0.305,0.0
2022-06-06,121.5,122.13999938964844,119.43000030517578,120.2300033569336,110.42391967773438,3963400,0.0,0.0
2022-06-07,118.66000366210938,121.97000122070312,118.45999908447266,121.66999816894531,111.74644470214844,5373600,0.0,0.0
2022-06-08,120.9000015258789,123.81999969482422,120.44999694824219,122.4000015258789,112.41690826416016,4365800,0.0,0.0
2022-06-09,121.3499984741211,122.02999877929688,118.58999633789062,118.5999984741211,108.92683410644531,3892600,0.0,0.0
2022-06-10,117.08999633789062,117.08999633789062,114.26000213623047,114.7300033569336,105.37248992919922,6292600,0.0,0.0
2022-06-13,110.38999938964844,112.0199966430664,109.23999786376953,110.44000244140625,101.4323959350586,6423100,0.0,0.0
2022-06-14,110.37000274658203,111.88999938964844,110.01000213623047,110.72000122070312,101.68954467773438,4548400,0.0,0.0
2022-06-15,112.16000366210938,114.72000122070312,111.20999908447266,113.44000244140625,104.18769836425781,4828700,0.0,0.0
2022-06-16,109.51000213623047,109.9000015258789,105.72000122070312,107.12000274658203,98.38316345214844,7384800,0.0,0.0
2022-06-17,106.1500015258789,108.55000305175781,105.8499984741211,107.33999633789062,98.58521270751953,10256800,0.0,0.0
2022-06-21,108.45999908447266,109.81999969482422,108.04000091552734,108.68000030517578,99.81592559814453,6211400,0.0,0.0
2022-06-22,105.4000015258789,106.9000015258789,104.61000061035156,104.91999816894531,96.36261749267578,9884000,0.0,0.0
2022-06-23,105.01000213623047,108.0999984741211,104.41000366210938,108.0,99.19139099121094,8898400,0.0,0.0
2022-06-24,109.93000030517578,112.94000244140625,109.61000061035156,112.91000366210938,103.700927734375,10463700,0.0,0.0
2022-06-27,112.23999786376953,113.20999908447266,109.83999633789062,110.5,101.48748779296875,12644700,0.0,0.0
2022-06-28,108.19999694824219,114.05000305175781,102.4800033569336,102.77999877929688,94.39714813232422,31296500,0.0,0.0
2022-06-29,102.98999786376953,105.61000061035156,101.52999877929688,103.25,94.82881927490234,10326600,0.0,0.0
2022-06-30,101.94000244140625,103.37999725341797,100.77999877929688,102.19999694824219,93.86444091796875,9027400,0.0,0.0
2022-07-01,101.63999938964844,102.5,99.52999877929688,101.18000030517578,92.92764282226562,7934300,0.0,0.0
2022-07-05,100.44999694824219,104.37999725341797,100.11000061035156,104.31999969482422,95.8115463256836,9948800,0.0,0.0
2022-07-06,104.88999938964844,105.72000122070312,103.44999694824219,104.2300033569336,95.72888946533203,6432900,0.0,0.0
2022-07-07,105.6500015258789,108.27999877929688,105.2699966430664,108.12999725341797,99.31078338623047,7633900,0.0,0.0
2022-07-08,106.58000183105469,108.61000061035156,106.51000213623047,107.93000030517578,99.1270980834961,5938600,0.0,0.0
2022-07-11,106.5999984741211,107.08999633789062,104.87000274658203,105.11000061035156,96.537109375,4935200,0.0,0.0
2022-07-12,105.01000213623047,105.86000061035156,103.1500015258789,103.76000213623047,95.29721069335938,6017400,0.0,0.0
2022-07-13,101.94000244140625,105.87999725341797,101.55999755859375,105.11000061035156,96.537109375,5299400,0.0,0.0
2022-07-14,103.11000061035156,103.80000305175781,101.8499984741211,103.22000122070312,94.80126190185547,6951300,0.0,0.0
2022-07-15,104.76000213623047,105.62000274658203,103.93000030517578,104.69999694824219,96.1605453491211,7862000,0.0,0.0
2022-07-18,106.19000244140625,106.68000030517578,103.68000030517578,103.94000244140625,95.46253204345703,6834800,0.0,0.0
2022-07-19,105.5999984741211,109.58000183105469,105.43000030517578,109.19000244140625,100.28434753417969,8973900,0.0,0.0
2022-07-20,109.22000122070312,111.62999725341797,108.87000274658203,111.11000061035156,102.0477294921875,5884600,0.0,0.0
2022-07-21,110.37000274658203,111.66999816894531,110.06999969482422,111.62000274658203,102.51614379882812,4291400,0.0,0.0
2022-07-22,111.93000030517578,111.93000030517578,108.75,109.12000274658203,100.22004699707031,6039300,0.0,0.0
2022-07-25,109.61000061035156,109.61000061035156,107.68000030517578,109.27999877929688,100.36699676513672,5079500,0.0,0.0
2022-07-26,107.4800033569336,107.93000030517578,104.56999969482422,105.19999694824219,96.61976623535156,8459500,0.0,0.0
2022-07-27,106.30000305175781,108.37999725341797,105.75,107.86000061035156,99.06282806396484,7437000,0.0,0.0
2022-07-28,109.43000030517578,112.4000015258789,108.02999877929688,112.2300033569336,103.0763931274414,6773500,0.0,0.0
2022-07-29,112.76000213623047,115.20999908447266,111.5,114.91999816894531,105.54698181152344,7560000,0.0,0.0
2022-08-01,114.0,115.55000305175781,113.25,114.30000305175781,104.97756958007812,4802900,0.0,0.0
2022-08-02,113.56999969482422,113.77999877929688,111.66999816894531,111.7699966430664,102.65390014648438,6334400,0.0,0.0
2022-08-03,113.41999816894531,115.0999984741211,112.58000183105469,114.27999877929688,104.95919799804688,5986500,0.0,0.0
2022-08-04,114.63999938964844,115.3499984741211,113.83000183105469,114.4800033569336,105.14286804199219,4332000,0.0,0.0
2022-08-05,112.79000091552734,114.30000305175781,112.56999969482422,113.87000274658203,104.5826416015625,4162200,0.0,0.0
2022-08-08,114.0,115.58000183105469,113.30999755859375,114.0,104.70204162597656,6071600,0.0,0.0
2022-08-09,111.31999969482422,111.75,108.81999969482422,110.11000061035156,101.1292953491211,7377600,0.0,0.0
2022-08-10,113.23999786376953,113.83000183105469,111.86000061035156,113.13999938964844,103.91217041015625,6951800,0.0,0.0
2022-08-11,114.87999725341797,116.75,113.7300033569336,114.0999984741211,104.79386901855469,5582100,0.0,0.0
2022-08-12,114.38999938964844,116.12999725341797,113.7699966430664,116.06999969482422,106.60319519042969,4407900,0.0,0.0
2022-08-15,115.44999694824219,116.58000183105469,114.8499984741211,116.31999969482422,106.83280181884766,4279000,0.0,0.0
2022-08-16,115.94000244140625,118.47000122070312,115.80999755859375,118.05999755859375,108.4308853149414,6189800,0.0,0.0
2022-08-17,116.7699966430664,117.9800033569336,116.41000366210938,117.04000091552734,107.49407196044922,5108400,0.0,0.0
2022-08-18,116.0,116.68000030517578,115.30000305175781,116.01000213623047,106.54810333251953,4750200,0.0,0.0
2022-08-19,115.5,115.6500015258789,113.02999877929688,113.16000366210938,103.93053436279297,5967600,0.0,0.0
2022-08-22,111.0199966430664,111.68000030517578,109.83999633789062,110.33999633789062,101.34054565429688,5802900,0.0,0.0
2022-08-23,110.83999633789062,112.83000183105469,110.56999969482422,110.68000030517578,101.65281677246094,4806700,0.0,0.0
2022-08-24,110.68000030517578,112.43000030517578,110.0199966430664,111.41000366210938,102.32327270507812,4769000,0.0,0.0
2022-08-25,111.9000015258789,113.33999633789062,111.38999938964844,113.22000122070312,103.98564147949219,5433700,0.0,0.0
2022-08-26,113.30999755859375,113.7300033569336,108.2300033569336,108.27999877929688,99.44853973388672,6203600,0.0,0.0
2022-08-29,106.80999755859375,108.54000091552734,106.44000244140625,107.87999725341797,99.08118438720703,4132400,0.0,0.0
2022-08-30,108.97000122070312,110.08000183105469,107.12999725341797,107.86000061035156,99.06282806396484,5129500,0.0,0.0
2022-08-31,107.95999908447266,108.01000213623047,105.80999755859375,106.44999694824219,97.767822265625,8884800,0.0,0.0
2022-09-01,105.80000305175781,106.55000305175781,103.80000305175781,106.48999786376953,97.80453491210938,5590800,0.0,0.0
2022-09-02,107.45999908447266,108.1500015258789,105.05000305175781,105.73999786376953,97.39466857910156,7763800,0.305,0.0
2022-09-06,105.44000244140625,106.41000366210938,103.68000030517578,105.1500015258789,96.85123443603516,9158900,0.0,0.0
2022-09-07,105.08000183105469,108.55999755859375,105.0,108.4800033569336,99.9184341430664,7238300,0.0,0.0
2022-09-08,107.0,108.79000091552734,106.08000183105469,108.7300033569336,100.14868927001953,5628300,0.0,0.0
2022-09-09,109.37999725341797,111.69000244140625,109.30000305175781,110.97000122070312,102.2119140625,5171500,0.0,0.0
2022-09-12,111.37999725341797,113.36000061035156,111.37999725341797,112.37999725341797,103.51062774658203,4836900,0.0,0.0
2022-09-13,108.83999633789062,108.91000366210938,105.44000244140625,105.72000122070312,97.3762435913086,5955600,0.0,0.0
2022-09-14,106.12999725341797,107.36000061035156,105.1500015258789,107.0,98.55522918701172,4888700,0.0,0.0
2022-09-15,106.1500015258789,108.13999938964844,104.83000183105469,105.5,97.17359924316406,6598900,0.0,0.0
2022-09-16,104.06999969482422,105.29000091552734,103.25,104.12000274658203,95.90252685546875,8000800,0.0,0.0
2022-09-19,103.69000244140625,107.37000274658203,103.33000183105469,107.20999908447266,98.74864959716797,5162300,0.0,0.0
2022-09-20,103.81999969482422,104.44000244140625,101.70999908447266,102.41999816894531,94.33668518066406,10006600,0.0,0.0
2022-09-21,102.66999816894531,103.62999725341797,99.7699966430664,99.79000091552734,91.91426086425781,6279300,0.0,0.0
2022-09-22,99.79000091552734,100.20999908447266,97.83000183105469,98.55000305175781,90.77214050292969,9638800,0.0,0.0
2022-09-23,96.91999816894531,97.54000091552734,95.33999633789062,97.0199966430664,89.36288452148438,9026500,0.0,0.0
2022-09-26,96.08999633789062,97.7300033569336,95.70999908447266,96.05999755859375,88.47863006591797,8521600,0.0,0.0
2022-09-27,97.06999969482422,97.73999786376953,95.0,96.29000091552734,88.69049072265625,9890300,0.0,0.0
2022-09-28,97.11000061035156,99.43000030517578,96.76000213623047,98.69999694824219,90.91029357910156,9423300,0.0,0.0
2022-09-29,98.11000061035156,98.11000061035156,94.4800033569336,95.33000183105469,87.80626678466797,19339200,0.0,0.0
2022-09-30,83.30000305175781,86.19999694824219,82.5,83.12000274658203,76.55992126464844,48176100,0.0,0.0
2022-10-03,83.12999725341797,86.47000122070312,82.22000122070312,85.4000015258789,78.65997314453125,19108200,0.0,0.0
2022-10-04,87.69999694824219,89.06999969482422,87.11000061035156,88.63999938964844,81.64424896240234,15114800,0.0,0.0
2022-10-05,87.48999786376953,91.69999694824219,87.1500015258789,91.0999984741211,83.91010284423828,12732700,0.0,0.0
2022-10-06,90.48999786376953,92.63999938964844,89.80999755859375,90.16999816894531,83.05349731445312,9951900,0.0,0.0
2022-10-07,88.54000091552734,88.76000213623047,86.69000244140625,87.16000366210938,80.28106689453125,8554700,0.0,0.0
2022-10-10,87.76000213623047,87.77999877929688,85.06999969482422,86.69000244140625,79.8481674194336,7991200,0.0,0.0
2022-10-11,86.04000091552734,88.25,85.75,87.98999786376953,81.04557037353516,11903200,0.0,0.0
2022-10-12,88.0,88.87999725341797,87.30999755859375,88.51000213623047,81.5245132446289,8772900,0.0,0.0
2022-10-13,86.38999938964844,89.80999755859375,86.05000305175781,89.55999755859375,82.49164581298828,9335000,0.0,0.0
2022-10-14,90.51000213623047,90.87999725341797,87.48999786376953,87.55000305175781,80.6402816772461,7811700,0.0,0.0
2022-10-17,89.52999877929688,90.69000244140625,88.69999694824219,89.97000122070312,82.86929321289062,8451900,0.0,0.0
2022-10-18,92.5999984741211,92.91000366210938,89.1500015258789,89.68000030517578,82.6021728515625,7364700,0.0,0.0
2022-10-19,88.26000213623047,89.73999786376953,87.76000213623047,88.56999969482422,81.57980346679688,5102000,0.0,0.0
2022-10-20,89.47000122070312,90.58000183105469,86.61000061035156,86.83000183105469,79.97711181640625,13500000,0.0,0.0
2022-10-21,87.0199966430664,88.77999877929688,86.70999908447266,88.5,81.51529693603516,7976300,0.0,0.0
2022-10-24,87.79000091552734,88.83999633789062,86.23999786376953,88.01000213623047,81.06398010253906,8847100,0.0,0.0
2022-10-25,88.02999877929688,91.93000030517578,87.88999938964844,91.72000122070312,84.48117065429688,8639900,0.0,0.0
2022-10-26,90.77999877929688,94.3499984741211,90.69999694824219,92.38999938964844,85.09829711914062,8648200,0.0,0.0
2022-10-27,92.87999725341797,93.4800033569336,90.22000122070312,90.54000091552734,83.3943099975586,8617900,0.0,0.0
2022-10-28,91.19999694824219,93.87999725341797,90.45999908447266,93.83000183105469,86.42465209960938,6022400,0.0,0.0
2022-10-31,93.0,93.88999938964844,92.68000030517578,92.68000030517578,85.36539459228516,6426400,0.0,0.0
2022-11-01,95.69000244140625,96.45999908447266,92.97000122070312,93.7699966430664,86.36937713623047,7250700,0.0,0.0
2022-11-02,93.12999725341797,94.44000244140625,90.19000244140625,90.30000305175781,83.1732406616211,7176600,0.0,0.0
2022-11-03,89.97000122070312,91.61000061035156,88.72000122070312,90.4000015258789,83.26534271240234,6550300,0.0,0.0
2022-11-04,94.44999694824219,98.2300033569336,93.94999694824219,95.79000091552734,88.22996520996094,12543300,0.0,0.0
2022-11-07,96.30999755859375,96.87000274658203,92.66999816894531,93.44000244140625,86.0654296875,9094500,0.0,0.0
2022-11-08,94.44000244140625,96.02999877929688,92.94000244140625,93.75,86.3509521484375,7017800,0.0,0.0
2022-11-09,92.66999816894531,93.9000015258789,91.95999908447266,92.0999984741211,84.83118438720703,6550900,0.0,0.0
2022-11-10,96.33000183105469,99.68000030517578,96.2300033569336,99.48999786376953,91.63793182373047,9361000,0.0,0.0
2022-11-11,100.30999755859375,107.20999908447266,100.13999938964844,106.08999633789062,97.71705627441406,12597500,0.0,0.0
2022-11-14,105.19999694824219,106.44000244140625,104.31999969482422,104.38999938964844,96.15121459960938,7134900,0.0,0.0
2022-11-15,107.98999786376953,109.30999755859375,105.52999877929688,106.70999908447266,98.28810119628906,7242900,0.0,0.0
2022-11-16,105.25,106.5999984741211,104.7699966430664,105.2300033569336,96.9249267578125,5998700,0.0,0.0
2022-11-17,104.11000061035156,105.4000015258789,102.91999816894531,105.36000061035156,97.04467010498047,5252900,0.0,0.0
2022-11-18,107.62999725341797,107.72000122070312,104.16999816894531,105.41999816894531,97.09991455078125,5498900,0.0,0.0
2022-11-21,104.61000061035156,105.4800033569336,103.5999984741211,103.83000183105469,95.63543701171875,4774800,0.0,0.0
2022-11-22,104.62000274658203,106.16000366210938,103.83999633789062,105.97000122070312,97.60652923583984,5313200,0.0,0.0
2022-11-23,106.0,106.9800033569336,105.2300033569336,106.6500015258789,98.23284912109375,3873100,0.0,0.0
2022-11-25,106.44999694824219,107.18000030517578,105.55999755859375,105.95999908447266,97.5973129272461,3426100,0.0,0.0
2022-11-28,105.25,106.30000305175781,104.6500015258789,104.95999908447266,96.67623138427734,6967400,0.0,0.0
2022-11-29,105.37000274658203,106.81999969482422,105.12000274658203,106.25,97.86441802978516,8494400,0.0,0.0
2022-11-30,107.08000183105469,109.69000244140625,105.44999694824219,109.69000244140625,101.03292846679688,16251000,0.0,0.0
2022-12-01,110.08999633789062,111.86000061035156,109.55000305175781,111.11000061035156,102.34085083007812,7822900,0.0,0.0
2022-12-02,108.6500015258789,112.70999908447266,108.33999633789062,112.19999694824219,103.66202545166016,5892000,0.34,0.0
2022-12-05,111.0199966430664,111.12999725341797,109.19000244140625,109.62000274658203,101.27837371826172,6220100,0.0,0.0
2022-12-06,109.6500015258789,110.52999877929688,106.75,107.93000030517578,99.71695709228516,7086100,0.0,0.0
2022-12-07,107.31999969482422,109.12000274658203,107.05999755859375,108.33000183105469,100.0865478515625,5751500,0.0,0.0
2022-12-08,108.5999984741211,111.48999786376953,108.45999908447266,111.36000061035156,102.88595581054688,6192800,0.0,0.0
2022-12-09,110.22000122070312,111.37999725341797,109.26000213623047,109.41999816894531,101.09359741210938,5677700,0.0,0.0
2022-12-12,110.0999984741211,112.16999816894531,109.70999908447266,112.06999969482422,103.54193115234375,6426000,0.0,0.0
2022-12-13,115.61000061035156,116.44999694824219,111.25,112.8499984741211,104.26256561279297,8655300,0.0,0.0
2022-12-14,113.69999694824219,114.12000274658203,110.2300033569336,111.44999694824219,102.9691162109375,7528500,0.0,0.0
2022-12-15,109.19000244140625,109.62000274658203,107.7300033569336,108.51000213623047,100.2528305053711,7500700,0.0,0.0
2022-12-16,106.87000274658203,107.61000061035156,105.12000274658203,105.94999694824219,97.88763427734375,14083600,0.0,0.0
2022-12-19,104.98999786376953,105.51000213623047,102.44999694824219,103.05000305175781,95.20831298828125,10620300,0.0,0.0
2022-12-20,103.0,103.4000015258789,101.68000030517578,103.20999908447266,95.35614013671875,17147900,0.0,0.0
2022-12-21,116.76000213623047,119.18000030517578,115.33999633789062,115.77999877929688,106.96961975097656,32777300,0.0,0.0
2022-12-22,114.29000091552734,116.81999969482422,114.05999755859375,116.70999908447266,107.8288345336914,17147600,0.0,0.0
2022-12-23,116.11000061035156,117.16999816894531,115.77999877929688,116.25,107.40384674072266,6603700,0.0,0.0
2022-12-27,116.47000122070312,118.19999694824219,115.81999969482422,117.55999755859375,108.6141586303711,6661100,0.0,0.0
2022-12-28,117.58000183105469,118.23999786376953,114.95999908447266,114.9800033569336,106.23049926757812,5437800,0.0,0.0
2022-12-29,116.08000183105469,118.06999969482422,115.80000305175781,117.3499984741211,108.42015075683594,4588600,0.0,0.0
2022-12-30,116.55999755859375,117.25,115.7699966430664,117.01000213623047,108.10601806640625,4355500,0.0,0.0
2023-01-03,118.55000305175781,119.48999786376953,117.44000244140625,118.75,109.71360778808594,8124800,0.0,0.0
2023-01-04,119.95999908447266,122.2300033569336,119.52999877929688,121.20999908447266,111.98641204833984,8550700,0.0,0.0
2023-01-05,120.27999877929688,122.33999633789062,120.08000183105469,120.62000274658203,111.44132232666016,6046700,0.0,0.0
2023-01-06,122.0,125.36000061035156,121.7699966430664,124.52999877929688,115.05377197265625,10080700,0.0,0.0
2023-01-09,125.0,126.61000061035156,124.55000305175781,124.8499984741211,115.34941864013672,9397900,0.0,0.0
2023-01-10,125.20999908447266,126.33000183105469,124.37000274658203,125.83999633789062,116.26409912109375,5899900,0.0,0.0
2023-01-11,126.31999969482422,128.25999450683594,126.01000213623047,127.94000244140625,118.20428466796875,6989200,0.0,0.0
2023-01-12,128.35000610351562,128.4600067138672,126.45999908447266,127.88999938964844,118.1580810546875,8366400,0.0,0.0
2023-01-13,126.66000366210938,129.22999572753906,126.66000366210938,128.85000610351562,119.0450439453125,4856500,0.0,0.0
2023-01-17,128.0,129.0500030517578,127.83000183105469,128.13999938964844,118.3890609741211,6172200,0.0,0.0
2023-01-18,127.80000305175781,128.58999633789062,126.0,126.43000030517578,116.80918884277344,6828800,0.0,0.0
2023-01-19,124.79000091552734,125.44000244140625,123.61000061035156,124.52999877929688,115.05377197265625,5273500,0.0,0.0
2023-01-20,124.68000030517578,126.63999938964844,124.04000091552734,126.62000274658203,116.98473358154297,5673200,0.0,0.0
2023-01-23,126.9000015258789,128.75,126.54000091552734,128.2899932861328,118.52764892578125,5581600,0.0,0.0
2023-01-24,126.80999755859375,128.00999450683594,120.44999694824219,126.83000183105469,117.17875671386719,5486200,0.0,0.0
2023-01-25,125.86000061035156,127.01000213623047,124.83000183105469,126.81999969482422,117.16950988769531,5933700,0.0,0.0
2023-01-26,128.4600067138672,128.99000549316406,126.01000213623047,127.52999877929688,117.82548522949219,5838800,0.0,0.0
2023-01-27,127.06999969482422,128.5800018310547,126.69999694824219,127.52999877929688,117.82548522949219,5730000,0.0,0.0
2023-01-30,126.5,127.55999755859375,126.20999908447266,126.37000274658203,116.75377655029297,6494600,0.0,0.0
2023-01-31,126.41999816894531,127.8499984741211,126.01000213623047,127.33000183105469,117.64071655273438,7686900,0.0,0.0
2023-02-01,127.9000015258789,130.22000122070312,126.22000122070312,129.5,119.64558410644531,6387900,0.0,0.0
2023-02-02,130.4499969482422,131.30999755859375,127.86000061035156,129.05999755859375,119.23905944824219,5214500,0.0,0.0
2023-02-03,126.79000091552734,129.4199981689453,126.44000244140625,127.61000061035156,117.89940643310547,4930200,0.0,0.0
2023-02-06,125.5199966430664,126.0999984741211,124.31999969482422,125.7300033569336,116.16246795654297,4666400,0.0,0.0
2023-02-07,123.95999908447266,125.93000030517578,123.25,125.33000183105469,115.79290008544922,5288900,0.0,0.0
2023-02-08,123.37999725341797,124.0999984741211,121.80000305175781,122.91000366210938,113.55705261230469,5877800,0.0,0.0
2023-02-09,124.70999908447266,125.0199966430664,121.5,122.18000030517578,112.88260650634766,5929000,0.0,0.0
2023-02-10,121.51000213623047,122.63999938964844,120.54000091552734,122.2300033569336,112.9288101196289,5195500,0.0,0.0
2023-02-13,122.81999969482422,125.72000122070312,122.45999908447266,125.1500015258789,115.62659454345703,5689800,0.0,0.0
2023-02-14,123.94999694824219,126.36000061035156,123.73999786376953,126.19999694824219,116.5967025756836,4845900,0.0,0.0
2023-02-15,124.9000015258789,127.5,124.9000015258789,127.4800033569336,117.77930450439453,5687900,0.0,0.0
2023-02-16,125.43000030517578,127.20999908447266,124.11000061035156,124.37999725341797,114.91519165039062,4722200,0.0,0.0
2023-02-17,123.70999908447266,124.88999938964844,123.44000244140625,124.83999633789062,115.34017181396484,5161500,0.0,0.0
2023-02-21,123.27999877929688,124.0,120.9800033569336,121.0999984741211,111.88478088378906,5110300,0.0,0.0
2023-02-22,121.0999984741211,121.4000015258789,119.63999938964844,119.9000015258789,110.7761001586914,5022000,0.0,0.0
2023-02-23,120.76000213623047,120.76000213623047,118.55000305175781,119.95999908447266,110.83152770996094,4101900,0.0,0.0
2023-02-24,117.97000122070312,118.73999786376953,117.33999633789062,118.04000091552734,109.05763244628906,4693000,0.0,0.0
2023-02-27,119.26000213623047,119.81999969482422,118.31999969482422,118.52999877929688,109.51033782958984,4239800,0.0,0.0
2023-02-28,118.73999786376953,120.4000015258789,117.8499984741211,118.79000091552734,109.75056457519531,8414100,0.0,0.0
2023-03-01,117.94999694824219,119.79000091552734,117.83000183105469,118.58000183105469,109.55655670166016,4120500,0.0,0.0
2023-03-02,117.55000305175781,119.95999908447266,117.55000305175781,119.58000183105469,110.48045349121094,4443200,0.0,0.0
2023-03-03,120.12999725341797,121.04000091552734,119.0199966430664,120.94000244140625,112.0555648803711,3871800,0.34,0.0
2023-03-06,121.12999725341797,121.98999786376953,119.95999908447266,120.16999816894531,111.34211730957031,5183800,0.0,0.0
2023-03-07,120.19999694824219,121.0199966430664,119.2300033569336,119.58999633789062,110.80472564697266,5345700,0.0,0.0
2023-03-08,119.2699966430664,120.04000091552734,118.7300033569336,119.86000061035156,111.05490112304688,4175200,0.0,0.0
2023-03-09,120.08000183105469,121.86000061035156,117.55000305175781,117.87000274658203,109.21109008789062,5635900,0.0,0.0
2023-03-10,118.83000183105469,118.98999786376953,116.63999938964844,117.48999786376953,108.85900115966797,5979600,0.0,0.0
2023-03-13,115.81999969482422,118.29000091552734,115.79000091552734,116.86000061035156,108.27527618408203,6038200,0.0,0.0
2023-03-14,119.0,119.48999786376953,117.2300033569336,119.0,110.25809478759766,6050800,0.0,0.0
2023-03-15,116.31999969482422,118.62999725341797,115.80999755859375,118.16999816894531,109.48905944824219,6599200,0.0,0.0
2023-03-16,116.86000061035156,120.80999755859375,116.61000061035156,120.6500015258789,111.7868881225586,5658700,0.0,0.0
2023-03-17,121.16999816894531,121.7300033569336,118.66999816894531,120.38999938964844,111.54597473144531,12868900,0.0,0.0
2023-03-20,120.98999786376953,122.68000030517578,119.80999755859375,121.19999694824219,112.29646301269531,7594100,0.0,0.0
2023-03-21,123.5,126.05999755859375,122.97000122070312,125.61000061035156,116.38250732421875,15078800,0.0,0.0
2023-03-22,123.66000366210938,125.26000213623047,119.33000183105469,119.5,110.72135162353516,17625500,0.0,0.0
2023-03-23,120.47000122070312,123.2699966430664,119.47000122070312,120.97000122070312,112.08336639404297,7628100,0.0,0.0
2023-03-24,120.2300033569336,121.0,119.31999969482422,120.70999908447266,111.84246063232422,6158800,0.0,0.0
2023-03-27,121.0199966430664,121.06999969482422,117.61000061035156,117.80999755859375,109.15550231933594,6564200,0.0,0.0
2023-03-28,117.94999694824219,118.44000244140625,116.8499984741211,117.87000274658203,109.21109008789062,4461400,0.0,0.0
2023-03-29,118.63999938964844,120.56999969482422,118.48999786376953,120.48999786376953,111.63861846923828,5644000,0.0,0.0
2023-03-30,121.02999877929688,121.44000244140625,119.33999633789062,120.0999984741211,111.27725982666016,4578900,0.0,0.0
2023-03-31,120.91999816894531,122.70999908447266,120.5999984741211,122.63999938964844,113.63069152832031,5659400,0.0,0.0
2023-04-03,122.5,122.8499984741211,120.81999969482422,121.66999816894531,112.73193359375,4838400,0.0,0.0
2023-04-04,121.37999725341797,123.94999694824219,121.36000061035156,123.69000244140625,114.60355377197266,5895300,0.0,0.0
2023-04-05,123.0,123.33000183105469,120.55999755859375,120.9000015258789,112.01851654052734,4331400,0.0,0.0
2023-04-06,119.51000213623047,120.48999786376953,117.8499984741211,120.22000122070312,111.3884506225586,4256900,0.0,0.0
2023-04-10,119.30000305175781,121.91000366210938,119.12999725341797,121.91000366210938,112.9543228149414,3731200,0.0,0.0
2023-04-11,122.04000091552734,124.08000183105469,122.04000091552734,123.30000305175781,114.24220275878906,4471000,0.0,0.0
2023-04-12,124.76000213623047,124.86000061035156,123.22000122070312,123.66000366210938,114.57573699951172,4524900,0.0,0.0
2023-04-13,124.63999938964844,126.66999816894531,124.45999908447266,126.43000030517578,117.14225769042969,5355300,0.0,0.0
2023-04-14,127.0,127.48999786376953,125.48999786376953,125.94999694824219,116.69752502441406,4828700,0.0,0.0
2023-04-17,126.02999877929688,126.4800033569336,125.12999725341797,126.19000244140625,116.91989135742188,3917900,0.0,0.0
2023-04-18,127.2300033569336,127.27999877929688,125.0199966430664,126.20999908447266,116.93842315673828,3857700,0.0,0.0
2023-04-19,126.0,126.08000183105469,124.91999816894531,125.66999816894531,116.43809509277344,3547400,0.0,0.0
2023-04-20,124.80000305175781,125.3499984741211,123.70999908447266,124.44999694824219,115.30772399902344,3891600,0.0,0.0
2023-04-21,124.4000015258789,125.68000030517578,123.62000274658203,125.52999877929688,116.3083724975586,3651400,0.0,0.0
2023-04-24,125.51000213623047,127.12999725341797,125.1500015258789,127.08999633789062,117.7537841796875,3790900,0.0,0.0
2023-04-25,126.52999877929688,126.7699966430664,124.05000305175781,124.66000366210938,115.50231170654297,4383300,0.0,0.0
2023-04-26,124.20999908447266,124.9800033569336,123.29000091552734,123.83999633789062,114.74252319335938,4003200,0.0,0.0
2023-04-27,124.44000244140625,126.01000213623047,123.13999938964844,125.69999694824219,116.46588134765625,4252100,0.0,0.0
2023-04-28,125.1500015258789,127.06999969482422,124.95999908447266,126.72000122070312,117.41095733642578,4421400,0.0,0.0
2023-05-01,126.91999816894531,128.67999267578125,126.86000061035156,127.91999816894531,118.52279663085938,4112600,0.0,0.0
2023-05-02,127.1500015258789,127.58000183105469,125.16999816894531,127.26000213623047,117.91128540039062,3831600,0.0,0.0
2023-05-03,125.48999786376953,128.3800048828125,123.66999816894531,126.73999786376953,117.42948913574219,4560100,0.0,0.0
2023-05-04,124.94000244140625,125.19000244140625,122.81999969482422,123.66999816894531,114.58500671386719,6177100,0.0,0.0
2023-05-05,125.93000030517578,127.02999877929688,125.22000122070312,126.58999633789062,117.29049682617188,4887800,0.0,0.0
2023-05-08,127.26000213623047,127.69000244140625,125.9800033569336,126.87999725341797,117.55919647216797,3892600,0.0,0.0
2023-05-09,125.2699966430664,125.66000366210938,124.16999816894531,125.0999984741211,115.90995788574219,4082100,0.0,0.0
2023-05-10,126.29000091552734,126.45999908447266,122.16999816894531,123.51000213623047,114.43675231933594,5052600,0.0,0.0
2023-05-11,123.44999694824219,123.86000061035156,121.9000015258789,122.22000122070312,113.24153137207031,5923100,0.0,0.0
2023-05-12,120.98999786376953,121.19999694824219,119.02999877929688,120.20999908447266,111.37919616699219,6574200,0.0,0.0
2023-05-15,119.81999969482422,119.98999786376953,118.01000213623047,119.83000183105469,111.02709197998047,5518200,0.0,0.0
2023-05-16,117.5,117.83999633789062,116.12000274658203,116.4800033569336,107.92321014404297,8306400,0.0,0.0
2023-05-17,116.37999725341797,117.12999725341797,115.25,116.9800033569336,108.386474609375,7765400,0.0,0.0
2023-05-18,117.43000030517578,119.1500015258789,116.8499984741211,118.87000274658203,110.13763427734375,5970500,0.0,0.0
2023-05-19,114.55999755859375,115.48999786376953,113.0999984741211,114.76000213623047,106.3295669555664,11674300,0.0,0.0
2023-05-22,112.8499984741211,112.8499984741211,110.0199966430664,110.18000030517578,102.08600616455078,12710300,0.0,0.0
2023-05-23,109.7699966430664,111.05999755859375,108.19000244140625,108.77999877929688,100.78885650634766,11790400,0.0,0.0
2023-05-24,109.0,109.0999984741211,107.19999694824219,108.29000091552734,100.33485412597656,8503200,0.0,0.0
2023-05-25,108.3499984741211,108.97000122070312,107.41999816894531,107.4800033569336,99.5843505859375,6729800,0.0,0.0
2023-05-26,107.0,108.44999694824219,107.0,107.51000213623047,99.6121597290039,7911200,0.0,0.0
2023-05-30,108.4000015258789,108.87999725341797,106.2699966430664,106.5199966430664,98.69486999511719,9335200,0.0,0.0
2023-05-31,105.69999694824219,106.16999816894531,104.83000183105469,105.26000213623047,97.52745056152344,21465200,0.0,0.0
2023-06-01,104.18000030517578,104.5999984741211,102.9000015258789,103.62999725341797,96.0171890258789,12025200,0.0,0.0
2023-06-02,107.62999725341797,108.41999816894531,106.12999725341797,107.77999877929688,100.19102478027344,11838200,0.34,0.0
2023-06-05,107.87999725341797,107.87999725341797,105.18000030517578,105.19999694824219,97.79269409179688,7434000,0.0,0.0
2023-06-06,105.48999786376953,106.75,105.19999694824219,106.19000244140625,98.71298217773438,7896300,0.0,0.0
2023-06-07,106.04000091552734,108.23999786376953,105.41999816894531,107.08999633789062,99.54961395263672,11123900,0.0,0.0
2023-06-08,107.16000366210938,107.5199966430664,105.66999816894531,106.19999694824219,98.72228240966797,9137600,0.0,0.0
2023-06-09,105.91000366210938,106.27999877929688,105.3499984741211,105.86000061035156,98.40621948242188,5795200,0.0,0.0
2023-06-12,106.29000091552734,106.8499984741211,104.5999984741211,106.83000183105469,99.30790710449219,7964600,0.0,0.0
2023-06-13,107.13999938964844,107.4800033569336,106.29000091552734,106.77999877929688,99.2614517211914,8460500,0.0,0.0
2023-06-14,107.4800033569336,113.4000015258789,107.4800033569336,112.86000061035156,104.91334533691406,17415500,0.0,0.0
2023-06-15,111.83000183105469,112.81999969482422,110.16000366210938,112.41000366210938,104.49502563476562,10374200,0.0,0.0
2023-06-16,114.0,114.76000213623047,113.05999755859375,113.58999633789062,105.59193420410156,14445500,0.0,0.0
2023-06-20,111.41000366210938,112.81999969482422,108.95999908447266,109.54000091552734,101.82711029052734,10602400,0.0,0.0
2023-06-21,109.12999725341797,110.36000061035156,108.70999908447266,109.9800033569336,102.23614501953125,8377800,0.0,0.0
2023-06-22,110.81999969482422,111.25,109.77999877929688,110.45999908447266,102.68232727050781,6002900,0.0,0.0
2023-06-23,107.75,110.29000091552734,107.30000305175781,109.5199966430664,101.80851745605469,14329200,0.0,0.0
2023-06-26,109.66999816894531,112.20999908447266,109.66999816894531,111.73999786376953,103.8721923828125,6887100,0.0,0.0
2023-06-27,112.52999877929688,114.18000030517578,112.43000030517578,113.61000061035156,105.61051940917969,7138600,0.0,0.0
2023-06-28,113.33999633789062,113.75,112.12000274658203,113.02999877929688,105.07135772705078,6766000,0.0,0.0
2023-06-29,113.5999984741211,114.2699966430664,112.61000061035156,113.37000274658203,105.38743591308594,12465500,0.0,0.0
2023-06-30,111.58999633789062,112.25,109.80000305175781,110.37000274658203,102.59867095947266,19629600,0.0,0.0
2023-07-03,111.05999755859375,111.30000305175781,109.11000061035156,109.11000061035156,101.42738342285156,5734200,0.0,0.0
2023-07-05,108.62000274658203,108.91000366210938,106.54000091552734,107.0999984741211,99.55890655517578,10405300,0.0,0.0
2023-07-06,105.29000091552734,106.08999633789062,103.66999816894531,105.0999984741211,97.69973754882812,9923500,0.0,0.0
2023-07-07,104.80000305175781,105.47000122070312,104.02999877929688,104.45999908447266,97.10478973388672,7463100,0.0,0.0
2023-07-10,104.4800033569336,106.30999755859375,104.25,105.77999877929688,98.33184814453125,5374600,0.0,0.0
2023-07-11,105.6500015258789,107.62000274658203,105.62000274658203,107.38999938964844,99.82849884033203,5454900,0.0,0.0
2023-07-12,108.52999877929688,109.08999633789062,107.22000122070312,107.76000213623047,100.17243957519531,8305000,0.0,0.0
2023-07-13,109.06999969482422,109.12999725341797,107.68000030517578,107.83999633789062,100.24679565429688,6692300,0.0,0.0
2023-07-14,107.94000244140625,108.63999938964844,107.19000244140625,107.94999694824219,100.34905242919922,6933600,0.0,0.0
2023-07-17,107.26000213623047,109.0999984741211,106.76000213623047,108.70999908447266,101.05554962158203,6682900,0.0,0.0
2023-07-18,108.58000183105469,110.33999633789062,108.30999755859375,109.72000122070312,101.99443817138672,5717200,0.0,0.0
2023-07-19,109.08000183105469,110.25,108.58000183105469,109.87999725341797,102.14317321777344,5027100,0.0,0.0
2023-07-20,109.56999969482422,110.0199966430664,107.4800033569336,107.52999877929688,99.9586410522461,6458000,0.0,0.0
2023-07-21,108.0,109.29000091552734,107.51000213623047,109.05999755859375,101.38090515136719,6631600,0.0,0.0
2023-07-24,110.41000366210938,110.55000305175781,108.51000213623047,108.7699966430664,101.11133575439453,6787600,0.0,0.0
2023-07-25,108.27999877929688,108.8499984741211,107.38999938964844,108.30000305175781,100.67443084716797,7692800,0.0,0.0
2023-07-26,108.30000305175781,109.58999633789062,107.94999694824219,109.30000305175781,101.60401153564453,5148900,0.0,0.0
2023-07-27,109.83000183105469,110.2300033569336,107.4000015258789,107.66999816894531,100.08879089355469,6544600,0.0,0.0
2023-07-28,108.11000061035156,108.95999908447266,107.62999725341797,108.62000274658203,100.9719009399414,5988300,0.0,0.0
2023-07-31,109.41000366210938,110.8499984741211,109.05000305175781,110.38999938964844,102.61725616455078,6406000,0.0,0.0
2023-08-01,110.0,110.52999877929688,109.13999938964844,109.4000015258789,101.69697570800781,4566700,0.0,0.0
2023-08-02,108.27999877929688,108.5199966430664,107.44999694824219,107.51000213623047,99.94005584716797,6213200,0.0,0.0
2023-08-03,107.0,109.08999633789062,106.6500015258789,108.63999938964844,100.99048614501953,5084300,0.0,0.0
2023-08-04,108.70999908447266,110.30999755859375,108.23999786376953,108.80999755859375,101.14851379394531,5621400,0.0,0.0
2023-08-07,109.87000274658203,110.94000244140625,109.18000030517578,110.4800033569336,102.70092010498047,4887300,0.0,0.0
2023-08-08,109.62999725341797,109.88999938964844,107.3499984741211,109.69000244140625,101.96654510498047,5851900,0.0,0.0
2023-08-09,109.79000091552734,110.0199966430664,108.30000305175781,109.69000244140625,101.96654510498047,4328600,0.0,0.0
2023-08-10,110.30999755859375,111.94999694824219,108.5199966430664,109.02999877929688,101.35301971435547,7276500,0.0,0.0
2023-08-11,108.9000015258789,109.52999877929688,107.86000061035156,108.08999633789062,100.47919464111328,5104300,0.0,0.0
2023-08-14,107.91999816894531,108.30000305175781,107.06999969482422,107.63999938964844,100.06088256835938,5305200,0.0,0.0
2023-08-15,106.06999969482422,106.81999969482422,105.5999984741211,106.55000305175781,99.04763793945312,6197600,0.0,0.0
2023-08-16,106.06999969482422,108.37999725341797,106.06999969482422,106.52999877929688,99.02903747558594,5953100,0.0,0.0
2023-08-17,107.43000030517578,107.83000183105469,104.77999877929688,105.05000305175781,97.65327453613281,5692800,0.0,0.0
2023-08-18,103.83000183105469,105.05000305175781,103.76000213623047,104.80999755859375,97.43013763427734,5836100,0.0,0.0
2023-08-21,105.47000122070312,105.4800033569336,102.62999725341797,102.86000061035156,95.61746215820312,6697600,0.0,0.0
2023-08-22,100.95999908447266,102.37000274658203,100.7300033569336,101.45999908447266,94.31603240966797,9814700,0.0,0.0
2023-08-23,96.9800033569336,99.19000244140625,96.55000305175781,98.75,91.79683685302734,20909100,0.0,0.0
2023-08-24,98.69999694824219,99.19000244140625,97.55999755859375,97.62999725341797,90.7557144165039,10310000,0.0,0.0
2023-08-25,98.5,99.08999633789062,97.80999755859375,98.83999633789062,91.8805160522461,7290600,0.0,0.0
2023-08-28,99.58999633789062,100.05999755859375,98.87000274658203,99.62999725341797,92.61488342285156,6006600,0.0,0.0
2023-08-29,100.02999877929688,102.16000366210938,99.72000122070312,101.7699966430664,94.60420227050781,8641600,0.0,0.0
2023-08-30,101.63999938964844,102.80999755859375,101.51000213623047,102.0999984741211,94.91097259521484,4822100,0.0,0.0
2023-08-31,102.62000274658203,102.88999938964844,101.61000061035156,101.70999908447266,94.54844665527344,7046200,0.0,0.0
2023-09-01,101.97000122070312,102.95999908447266,101.5199966430664,102.36000061035156,95.47180938720703,6359400,0.34,0.0
2023-09-05,101.5,101.95999908447266,100.2300033569336,100.31999969482422,93.56907653808594,6698700,0.0,0.0
2023-09-06,99.76000213623047,100.30999755859375,99.02999877929688,100.18000030517578,93.43851470947266,6096000,0.0,0.0
2023-09-07,98.26000213623047,98.76000213623047,97.63999938964844,97.93000030517578,91.33992004394531,9927100,0.0,0.0
2023-09-08,98.0999984741211,98.12999725341797,97.27999877929688,97.66999816894531,91.097412109375,6435000,0.0,0.0
2023-09-11,98.33000183105469,98.37999725341797,96.58000183105469,96.79000091552734,90.27664184570312,7584700,0.0,0.0
2023-09-12,96.98999786376953,97.16999816894531,96.18000030517578,96.30000305175781,89.81961822509766,6307700,0.0,0.0
2023-09-13,96.30000305175781,97.19999694824219,95.66000366210938,96.12999725341797,89.66104125976562,7140700,0.0,0.0
2023-09-14,96.72000122070312,97.68000030517578,95.9000015258789,97.19000244140625,90.64971923828125,7075300,0.0,0.0
2023-09-15,98.1500015258789,98.1500015258789,96.12999725341797,96.26000213623047,89.78230285644531,10467300,0.0,0.0
2023-09-18,96.0,96.37000274658203,95.27999877929688,95.51000213623047,89.08277130126953,6946300,0.0,0.0
2023-09-19,95.04000091552734,95.48999786376953,94.41000366210938,94.62000274658203,88.25267791748047,9386600,0.0,0.0
2023-09-20,93.97000122070312,95.4000015258789,93.83000183105469,94.04000091552734,87.71170043945312,10274200,0.0,0.0
2023-09-21,93.41999816894531,93.48999786376953,91.4800033569336,91.58999633789062,85.42655944824219,7958600,0.0,0.0
2023-09-22,91.58000183105469,92.33000183105469,90.55000305175781,90.8499984741211,84.73636627197266,9289400,0.0,0.0
2023-09-25,90.0,90.8499984741211,89.79000091552734,90.5999984741211,84.50320434570312,8291700,0.0,0.0
2023-09-26,90.0,90.69999694824219,89.77999877929688,90.16999816894531,84.10211181640625,8060500,0.0,0.0
2023-09-27,90.55999755859375,90.69999694824219,89.20999908447266,89.41999816894531,83.40259552001953,7631000,0.0,0.0
2023-09-28,89.0999984741211,89.77999877929688,88.66000366210938,89.62999725341797,83.59845733642578,16315600,0.0,0.0
2023-09-29,99.37000274658203,99.47000122070312,94.62000274658203,95.62000274658203,89.18537902832031,34935400,0.0,0.0
2023-10-02,96.19999694824219,96.37999725341797,93.7300033569336,94.55999755859375,88.19669342041016,12776300,0.0,0.0
2023-10-03,94.31999969482422,96.05000305175781,94.18000030517578,95.08999633789062,88.69102478027344,10964300,0.0,0.0
2023-10-04,95.58000183105469,96.26000213623047,95.12000274658203,95.88999938964844,89.43719482421875,8045400,0.0,0.0
2023-10-05,95.79000091552734,96.2300033569336,95.27999877929688,95.79000091552734,89.34393310546875,7430000,0.0,0.0
2023-10-06,95.79000091552734,97.70999908447266,95.05999755859375,97.11000061035156,90.57511138916016,8532900,0.0,0.0
2023-10-09,96.77999877929688,97.13999938964844,95.91999816894531,96.87999725341797,90.36058807373047,5964200,0.0,0.0
2023-10-10,97.25,98.86000061035156,97.2300033569336,97.62000274658203,91.05079650878906,8499000,0.0,0.0
2023-10-11,98.30999755859375,98.94999694824219,98.01000213623047,98.6500015258789,92.01146697998047,7642900,0.0,0.0
2023-10-12,99.54000091552734,100.05000305175781,98.5199966430664,99.25,92.57107543945312,10705200,0.0,0.0
2023-10-13,99.58999633789062,100.8499984741211,99.44999694824219,99.91000366210938,93.18669128417969,8774700,0.0,0.0
2023-10-16,99.72000122070312,102.58000183105469,99.5999984741211,102.04000091552734,95.1733627319336,10845400,0.0,0.0
2023-10-17,101.97000122070312,103.58999633789062,101.97000122070312,103.01000213623047,96.07807159423828,9253800,0.0,0.0
2023-10-18,102.97000122070312,103.9000015258789,102.93000030517578,103.7699966430664,96.78692626953125,8757300,0.0,0.0
2023-10-19,103.7699966430664,104.3499984741211,102.8499984741211,103.05000305175781,96.11538696289062,8391100,0.0,0.0
2023-10-20,103.31999969482422,103.7699966430664,102.56999969482422,102.66999816894531,95.76094818115234,7823500,0.0,0.0
2023-10-23,102.12999725341797,103.76000213623047,101.7699966430664,102.80999755859375,95.89153289794922,5966100,0.0,0.0
2023-10-24,103.66000366210938,105.6500015258789,103.66000366210938,105.18000030517578,98.10203552246094,9252200,0.0,0.0
2023-10-25,104.45999908447266,105.04000091552734,103.48999786376953,103.54000091552734,96.57240295410156,7054700,0.0,0.0
2023-10-26,102.18000030517578,102.62999725341797,99.94999694824219,100.0199966430664,93.28927612304688,11222600,0.0,0.0
2023-10-27,99.77999877929688,100.33999633789062,97.80999755859375,97.9800033569336,91.38656616210938,9602700,0.0,0.0
2023-10-30,99.0,102.05000305175781,99.0,101.80000305175781,94.94951629638672,8206700,0.0,0.0
2023-10-31,101.4000015258789,102.93000030517578,101.4000015258789,102.7699966430664,95.85421752929688,6558500,0.0,0.0
2023-11-01,102.55000305175781,102.66999816894531,99.97000122070312,100.87999725341797,94.0914077758789,7272400,0.0,0.0
2023-11-02,102.05000305175781,105.55000305175781,101.88999938964844,105.08000183105469,98.00877380371094,8135100,0.0,0.0
2023-11-03,106.43000030517578,107.6500015258789,106.05000305175781,107.05999755859375,99.85552215576172,7568000,0.0,0.0
2023-11-06,106.95999908447266,107.5999984741211,106.37000274658203,107.25,100.03274536132812,5231900,0.0,0.0
2023-11-07,107.31999969482422,109.36000061035156,107.2300033569336,109.36000061035156,102.0007553100586,7745800,0.0,0.0
2023-11-08,109.37000274658203,110.69999694824219,108.9000015258789,109.38999938964844,102.02873229980469,8639700,0.0,0.0
2023-11-09,109.81999969482422,109.9000015258789,106.91999816894531,107.0,99.79957580566406,9154200,0.0,0.0
2023-11-10,107.33999633789062,107.83000183105469,105.61000061035156,106.11000061035156,98.96945190429688,8897700,0.0,0.0
2023-11-13,105.37000274658203,105.72000122070312,104.18000030517578,104.19999694824219,97.18799591064453,7055600,0.0,0.0
2023-11-14,105.55999755859375,107.0999984741211,105.37999725341797,105.75,98.6336898803711,9674800,0.0,0.0
2023-11-15,106.81999969482422,109.05999755859375,106.72000122070312,107.81999969482422,100.56439971923828,11140800,0.0,0.0
2023-11-16,107.0999984741211,108.0,107.0,107.61000061035156,100.36851501464844,5386800,0.0,0.0
2023-11-17,108.05999755859375,108.20999908447266,105.5199966430664,105.95999908447266,98.82955169677734,6352600,0.0,0.0
2023-11-20,106.0,106.55000305175781,105.0999984741211,106.31999969482422,99.16532897949219,6197400,0.0,0.0
2023-11-21,106.16999816894531,106.69999694824219,105.3499984741211,106.55000305175781,99.3798599243164,5803500,0.0,0.0
2023-11-22,107.5,108.02999877929688,106.81999969482422,107.91999816894531,100.65766143798828,6280300,0.0,0.0
2023-11-24,107.5,108.0,107.4000015258789,107.63999938964844,100.39649200439453,2443600,0.0,0.0
2023-11-27,107.66000366210938,108.22000122070312,106.9000015258789,107.95999908447266,100.6949691772461,5785000,0.0,0.0
2023-11-28,108.56999969482422,109.9000015258789,108.1500015258789,108.75,101.43180847167969,7287400,0.0,0.0
2023-11-29,110.80000305175781,112.1500015258789,110.1500015258789,110.37000274658203,102.94279479980469,9601800,0.0,0.0
2023-11-30,110.52999877929688,110.5999984741211,108.95999908447266,110.2699966430664,102.84951782226562,8690900,0.0,0.0
2023-12-01,110.33000183105469,113.55000305175781,109.75,113.4800033569336,106.19985961914062,8051800,0.37,0.0
2023-12-04,113.08000183105469,115.31999969482422,113.0,115.1500015258789,107.76271057128906,10086600,0.0,0.0
2023-12-05,114.66000366210938,116.04000091552734,114.5999984741211,115.41000366210938,108.00601959228516,6960000,0.0,0.0
2023-12-06,116.0,117.13999938964844,115.56999969482422,116.11000061035156,108.66110229492188,6317000,0.0,0.0
2023-12-07,114.12000274658203,116.0,114.12000274658203,114.80999755859375,107.44450378417969,7294500,0.0,0.0
2023-12-08,114.5,116.29000091552734,114.47000122070312,115.91000366210938,108.47395324707031,6122200,0.0,0.0
2023-12-11,117.79000091552734,119.41999816894531,117.43000030517578,118.61000061035156,111.00074768066406,7972800,0.0,0.0
2023-12-12,119.68000030517578,119.98999786376953,118.58000183105469,119.63999938964844,111.96466064453125,7378400,0.0,0.0
2023-12-13,119.3499984741211,121.44000244140625,119.19999694824219,121.16999816894531,113.3965072631836,8182900,0.0,0.0
2023-12-14,121.44000244140625,122.58999633789062,119.81999969482422,121.0199966430664,113.25613403320312,9590500,0.0,0.0
2023-12-15,120.93000030517578,122.05999755859375,120.5999984741211,121.55000305175781,113.75213623046875,13633300,0.0,0.0
2023-12-18,121.41000366210938,121.83999633789062,120.86000061035156,121.13999938964844,113.36841583251953,6874800,0.0,0.0
2023-12-19,121.73999786376953,123.33999633789062,121.63999938964844,122.63999938964844,114.77220153808594,7697300,0.0,0.0
2023-12-20,121.12999725341797,123.38999938964844,121.0,121.43000030517578,113.63983154296875,9176600,0.0,0.0
2023-12-21,122.30000305175781,123.30000305175781,121.30000305175781,122.52999877929688,114.66925048828125,16533300,0.0,0.0
2023-12-22,108.26000213623047,110.80000305175781,107.44999694824219,108.04000091552734,101.10884857177734,46666200,0.0,0.0
2023-12-26,108.30000305175781,108.69000244140625,107.4800033569336,108.0199966430664,101.0901107788086,12846700,0.0,0.0
2023-12-27,108.33999633789062,108.58999633789062,106.8499984741211,107.12999725341797,100.2572250366211,10157900,0.0,0.0
2023-12-28,107.20999908447266,109.4000015258789,106.80999755859375,108.81999969482422,101.83880615234375,9352900,0.0,0.0
2023-12-29,108.95999908447266,109.95999908447266,108.08999633789062,108.56999969482422,101.60484313964844,7667500,0.0,0.0
2024-01-02,107.61000061035156,107.8499984741211,106.44999694824219,106.55000305175781,99.71443939208984,9326600,0.0,0.0
2024-01-03,105.72000122070312,107.4800033569336,104.0,104.04000091552734,97.36544799804688,10573700,0.0,0.0
2024-01-04,102.45999908447266,103.62000274658203,102.30000305175781,102.30000305175781,95.7370834350586,10420600,0.0,0.0
2024-01-05,102.45999908447266,103.68000030517578,101.9000015258789,102.08000183105469,95.53119659423828,8044500,0.0,0.0
2024-01-08,102.08000183105469,103.69000244140625,101.7300033569336,103.62000274658203,96.97239685058594,9414200,0.0,0.0
2024-01-09,103.16999816894531,103.4000015258789,102.5,102.73999786376953,96.14885711669922,7759500,0.0,0.0
2024-01-10,102.69000244140625,103.83000183105469,102.37000274658203,103.7699966430664,97.1127700805664,6784700,0.0,0.0
2024-01-11,104.22000122070312,106.01000213623047,103.7300033569336,105.9000015258789,99.10613250732422,9537700,0.0,0.0
2024-01-12,106.0,106.31999969482422,104.72000122070312,105.05999755859375,98.32002258300781,6680900,0.0,0.0
2024-01-16,103.94000244140625,104.22000122070312,101.36000061035156,101.72000122070312,95.19429016113281,10547900,0.0,0.0
2024-01-17,101.05000305175781,101.30999755859375,100.23999786376953,100.81999969482422,94.35203552246094,8226200,0.0,0.0
2024-01-18,101.0,101.43000030517578,100.06999969482422,100.94000244140625,94.46434020996094,8852400,0.0,0.0
2024-01-19,101.0199966430664,102.18000030517578,99.66999816894531,101.77999877929688,95.25044250488281,8517200,0.0,0.0
2024-01-22,101.75,101.80999755859375,100.08999633789062,100.55999755859375,94.10871124267578,9897400,0.0,0.0
2024-01-23,101.62999725341797,102.13999938964844,101.2300033569336,101.9000015258789,95.36273956298828,8208000,0.0,0.0
2024-01-24,101.77999877929688,101.80000305175781,100.69000244140625,100.76000213623047,94.29588317871094,7879300,0.0,0.0
2024-01-25,101.52999877929688,101.73999786376953,100.08999633789062,100.7699966430664,94.30522918701172,10063700,0.0,0.0
2024-01-26,101.56999969482422,103.2699966430664,101.22000122070312,102.75,96.1582260131836,9735800,0.0,0.0
2024-01-29,102.87999725341797,104.01000213623047,101.33999633789062,103.87999725341797,97.21572875976562,8860800,0.0,0.0
2024-01-30,103.33999633789062,104.30999755859375,103.12999725341797,104.18000030517578,97.4964828491211,7542800,0.0,0.0
2024-01-31,104.08999633789062,104.30000305175781,101.12000274658203,101.52999877929688,95.01648712158203,11547600,0.0,0.0
2024-02-01,101.9000015258789,102.25,100.61000061035156,101.76000213623047,95.23173522949219,7666700,0.0,0.0
2024-02-02,100.87999725341797,101.41000366210938,99.43000030517578,100.70999908447266,94.24908447265625,8966900,0.0,0.0
2024-02-05,100.5,100.58999633789062,99.05000305175781,99.68000030517578,93.28517150878906,10097900,0.0,0.0
2024-02-06,99.5,102.62999725341797,99.12999725341797,102.61000061035156,96.02720642089844,11368600,0.0,0.0
2024-02-07,102.38999938964844,104.33999633789062,102.3499984741211,103.79000091552734,97.13150787353516,9447800,0.0,0.0
2024-02-08,104.43000030517578,104.95999908447266,103.05000305175781,103.7699966430664,97.1127700805664,6330400,0.0,0.0
2024-02-09,103.80000305175781,104.94000244140625,103.33000183105469,104.5,97.79594421386719,5449000,0.0,0.0
2024-02-12,104.73999786376953,107.43000030517578,104.6500015258789,107.18000030517578,100.30400848388672,7501900,0.0,0.0
2024-02-13,104.98999786376953,105.80000305175781,104.25,105.0,98.26386260986328,6180500,0.0,0.0
2024-02-14,104.81999969482422,106.41999816894531,104.45999908447266,106.33000183105469,99.50856018066406,5743300,0.0,0.0
2024-02-15,107.0199966430664,107.33999633789062,105.83000183105469,106.05000305175781,99.24650573730469,7201300,0.0,0.0
2024-02-16,104.62999725341797,104.69999694824219,101.6500015258789,103.51000213623047,96.86945343017578,14590100,0.0,0.0
2024-02-20,103.12999725341797,103.83999633789062,102.16999816894531,103.30000305175781,96.67293548583984,8759500,0.0,0.0
2024-02-21,103.3499984741211,105.5199966430664,102.93000030517578,105.2699966430664,98.51653289794922,8888100,0.0,0.0
2024-02-22,105.80000305175781,106.01000213623047,104.08000183105469,105.08000183105469,98.33873748779297,6705500,0.0,0.0
2024-02-23,105.26000213623047,106.62000274658203,105.19000244140625,105.62999725341797,98.85343933105469,6947300,0.0,0.0
2024-02-26,105.30999755859375,106.0999984741211,103.76000213623047,104.54000091552734,97.83338928222656,5831500,0.0,0.0
2024-02-27,104.83000183105469,105.25,103.98999786376953,105.1500015258789,98.40424346923828,5317400,0.0,0.0
2024-02-28,104.0999984741211,105.44000244140625,103.69999694824219,104.3499984741211,97.65555572509766,4219800,0.0,0.0
2024-02-29,104.9800033569336,105.56999969482422,103.68000030517578,103.93000030517578,97.26251983642578,10811600,0.0,0.0
2024-03-01,103.87000274658203,103.94000244140625,101.83000183105469,101.87999725341797,95.68466186523438,7349300,0.37,0.0
2024-03-04,101.6500015258789,101.7699966430664,99.01000213623047,99.54000091552734,93.48696899414062,11050900,0.0,0.0
2024-03-05,99.0,99.16999816894531,98.0,98.30999755859375,92.3317642211914,8670600,0.0,0.0
2024-03-06,100.0,100.0999984741211,97.05999755859375,97.62999725341797,91.693115234375,10045300,0.0,0.0
2024-03-07,97.98999786376953,98.4000015258789,97.68000030517578,98.19000244140625,92.21906280517578,8133900,0.0,0.0
2024-03-08,98.48999786376953,99.31999969482422,98.0199966430664,99.16000366210938,93.13008880615234,9043500,0.0,0.0
2024-03-11,99.9000015258789,101.76000213623047,99.44000244140625,101.08000183105469,94.9333267211914,8537400,0.0,0.0
2024-03-12,100.79000091552734,101.37000274658203,99.6500015258789,100.18000030517578,94.08804321289062,7040900,0.0,0.0
2024-03-13,100.61000061035156,102.0,100.33000183105469,101.36000061035156,95.19630432128906,7326400,0.0,0.0
2024-03-14,102.19999694824219,102.48999786376953,100.08999633789062,100.26000213623047,94.16316986083984,8350900,0.0,0.0
2024-03-15,100.30000305175781,101.16000366210938,99.33999633789062,99.63999938964844,93.58088684082031,15208500,0.0,0.0
2024-03-18,98.9800033569336,99.66000366210938,98.5199966430664,98.73999786376953,92.73561096191406,7207000,0.0,0.0
2024-03-19,98.5,100.04000091552734,98.44000244140625,99.95999908447266,93.88143920898438,6168900,0.0,0.0
2024-03-20,99.44999694824219,100.44000244140625,99.02999877929688,100.2699966430664,94.17257690429688,7771700,0.0,0.0
2024-03-21,100.44000244140625,101.91999816894531,99.76000213623047,100.81999969482422,94.68914031982422,17176000,0.0,0.0
2024-03-22,93.8499984741211,95.16999816894531,91.72000122070312,93.86000061035156,88.15237426757812,41837400,0.0,0.0
2024-03-25,94.06999969482422,95.5199966430664,92.7699966430664,93.75,88.04905700683594,14548800,0.0,0.0
2024-03-26,93.73999786376953,93.86000061035156,92.41000366210938,92.58000183105469,86.9501953125,10816900,0.0,0.0
2024-03-27,93.2699966430664,94.1500015258789,92.31999969482422,94.12999725341797,88.40596008300781,11095700,0.0,0.0
2024-03-28,94.37000274658203,94.80999755859375,93.43000030517578,93.9800033569336,88.26506042480469,11331700,0.0,0.0
2024-04-01,93.80999755859375,93.91999816894531,91.69000244140625,92.55999755859375,86.9314193725586,10360000,0.0,0.0
2024-04-02,91.76000213623047,91.9000015258789,90.63999938964844,90.94999694824219,85.41931915283203,11107300,0.0,0.0
2024-04-03,91.01000213623047,91.44000244140625,90.27999877929688,90.33000183105469,84.83702087402344,8876600,0.0,0.0
2024-04-04,90.94999694824219,91.05000305175781,88.88999938964844,89.06999969482422,83.65364837646484,12110300,0.0,0.0
2024-04-05,89.1500015258789,90.25,88.80000305175781,88.83999633789062,83.43763732910156,9716700,0.0,0.0
2024-04-08,89.11000061035156,90.26000213623047,88.80000305175781,90.0,84.52709197998047,8452500,0.0,0.0
2024-04-09,90.0,91.16000366210938,89.87000274658203,91.0,85.4662857055664,7191900,0.0,0.0
2024-04-10,89.9000015258789,90.0999984741211,88.7699966430664,89.0,83.5879135131836,7932900,0.0,0.0
2024-04-11,91.2300033569336,92.41000366210938,90.83000183105469,92.0,86.40548706054688,15330200,0.0,0.0
2024-04-12,92.01000213623047,92.87000274658203,91.12000274658203,92.0,86.40548706054688,10905900,0.0,0.0
2024-04-15,93.58999633789062,93.91999816894531,92.54000091552734,93.0999984741211,87.4385986328125,11597300,0.0,0.0
2024-04-16,93.04000091552734,94.19000244140625,91.6500015258789,93.38999938964844,87.71095275878906,10388200,0.0,0.0
2024-04-17,94.61000061035156,95.06999969482422,93.66000366210938,94.83999633789062,89.07276916503906,10181200,0.0,0.0
2024-04-18,95.16000366210938,95.87999725341797,94.52999877929688,95.73999786376953,89.91803741455078,10062900,0.0,0.0
2024-04-19,95.41999816894531,96.22000122070312,94.48999786376953,94.52999877929688,88.78162384033203,11241900,0.0,0.0
2024-04-22,94.62999725341797,95.05999755859375,93.8499984741211,94.19000244140625,88.46229553222656,8642000,0.0,0.0
2024-04-23,94.37000274658203,94.72000122070312,93.91000366210938,94.0199966430664,88.3026351928711,6582700,0.0,0.0
2024-04-24,94.0999984741211,95.19000244140625,94.0999984741211,94.63999938964844,88.88493347167969,6493200,0.0,0.0
2024-04-25,94.0,94.79000091552734,92.44000244140625,93.94000244140625,88.22750091552734,5317900,0.0,0.0
2024-04-26,94.58999633789062,95.41999816894531,93.91000366210938,94.12000274658203,88.39656066894531,6115700,0.0,0.0
2024-04-29,94.44000244140625,94.88999938964844,93.69999694824219,94.05999755859375,88.34019470214844,5030700,0.0,0.0
2024-04-30,92.91000366210938,93.51000213623047,92.25,92.26000213623047,86.64967346191406,6493300,0.0,0.0
2024-05-01,91.80999755859375,91.87000274658203,90.08999633789062,90.33999633789062,84.8464126586914,9783100,0.0,0.0
2024-05-02,91.33000183105469,92.44999694824219,90.91000366210938,92.41000366210938,86.7905502319336,7333300,0.0,0.0
2024-05-03,93.08999633789062,93.6500015258789,91.87000274658203,92.1500015258789,86.54634857177734,5736700,0.0,0.0
2024-05-06,92.80999755859375,93.37000274658203,92.4800033569336,93.36000061035156,87.68277740478516,6696300,0.0,0.0
2024-05-07,94.08000183105469,94.31999969482422,93.20999908447266,93.77999877929688,88.0772476196289,7113500,0.0,0.0
2024-05-08,93.12000274658203,93.63999938964844,92.7300033569336,93.58999633789062,87.8987808227539,5372900,0.0,0.0
2024-05-09,93.63999938964844,93.9800033569336,93.01000213623047,93.38999938964844,87.71095275878906,6429800,0.0,0.0
2024-05-10,93.06999969482422,93.13999938964844,90.87999725341797,90.94000244140625,85.40995025634766,10548400,0.0,0.0
2024-05-13,91.2699966430664,92.7699966430664,91.1500015258789,92.72000122070312,87.08169555664062,8792100,0.0,0.0
2024-05-14,92.98999786376953,94.33999633789062,92.5999984741211,92.79000091552734,87.1474380493164,7811000,0.0,0.0
2024-05-15,92.29000091552734,92.62000274658203,90.8499984741211,91.66999816894531,86.09553527832031,15614400,0.0,0.0
2024-05-16,91.69000244140625,92.83999633789062,91.52999877929688,91.7699966430664,86.18946075439453,12711700,0.0,0.0
2024-05-17,92.01000213623047,92.29000091552734,91.33999633789062,92.18000030517578,86.57453918457031,12019600,0.0,0.0
2024-05-20,92.25,92.69999694824219,90.83000183105469,91.7699966430664,86.18946075439453,9701500,0.0,0.0
2024-05-21,91.56999969482422,92.8499984741211,91.44999694824219,92.81999969482422,87.17559814453125,7809700,0.0,0.0
2024-05-22,91.94999694824219,92.76000213623047,91.6500015258789,92.5,86.87506866455078,7611900,0.0,0.0
2024-05-23,92.44999694824219,92.58000183105469,91.1500015258789,91.4000015258789,85.84196472167969,7729000,0.0,0.0
2024-05-24,91.7699966430664,92.19999694824219,91.48999786376953,91.75,86.17066955566406,6936800,0.0,0.0
2024-05-28,91.73999786376953,92.5199966430664,91.3499984741211,92.0,86.40548706054688,10835000,0.0,0.0
2024-05-29,91.68000030517578,92.72000122070312,91.37999725341797,91.66999816894531,86.09553527832031,7237300,0.0,0.0
2024-05-30,92.2300033569336,93.87999725341797,91.95999908447266,93.44999694824219,87.76729583740234,9300100,0.0,0.0
2024-05-31,93.5,95.06999969482422,92.97000122070312,95.05000305175781,89.27001190185547,12565600,0.0,0.0
2024-06-03,94.5199966430664,95.25,94.05000305175781,94.4000015258789,89.00601196289062,9668100,0.37,0.0
2024-06-04,94.29000091552734,95.11000061035156,93.41000366210938,94.73999786376953,89.32656860351562,7838400,0.0,0.0
2024-06-05,95.31999969482422,95.31999969482422,93.69999694824219,94.31999969482422,88.9305648803711,7463300,0.0,0.0
2024-06-06,94.86000061035156,96.80000305175781,93.98999786376953,95.72000122070312,90.25057983398438,9760100,0.0,0.0
2024-06-07,95.38999938964844,97.94000244140625,95.30000305175781,96.55000305175781,91.03316497802734,9397400,0.0,0.0
2024-06-10,95.7300033569336,96.98999786376953,95.5999984741211,96.0,90.51458740234375,7035100,0.0,0.0
2024-06-11,95.5199966430664,96.0,94.5199966430664,95.87000274658203,90.39200592041016,7301500,0.0,0.0
2024-06-12,96.3499984741211,96.5,93.5,93.68000030517578,88.32714080810547,9861300,0.0,0.0
2024-06-13,94.04000091552734,94.52999877929688,93.72000122070312,94.18000030517578,88.79857635498047,8348200,0.0,0.0
2024-06-14,93.80000305175781,94.77999877929688,93.30000305175781,93.38999938964844,88.05371856689453,7426800,0.0,0.0
2024-06-17,92.01000213623047,95.12000274658203,92.01000213623047,95.0,89.57171630859375,6365400,0.0,0.0
2024-06-18,94.66999816894531,95.26000213623047,94.20999908447266,94.77999877929688,89.36428833007812,6712000,0.0,0.0
2024-06-20,93.87999725341797,96.08999633789062,93.5199966430664,95.56999969482422,90.10916137695312,9393800,0.0,0.0
2024-06-21,95.95999908447266,97.20999908447266,95.41999816894531,97.18000030517578,91.62714385986328,15124400,0.0,0.0
2024-06-24,97.30000305175781,98.04000091552734,96.68000030517578,97.16999816894531,91.61772155761719,9466900,0.0,0.0
2024-06-25,97.30999755859375,97.63999938964844,94.5,94.75,89.33599853515625,9006500,0.0,0.0
2024-06-26,94.08999633789062,94.4800033569336,93.1500015258789,94.05999755859375,88.68541717529297,10160400,0.0,0.0
2024-06-27,93.7699966430664,94.73999786376953,93.38999938964844,94.19000244140625,88.80799865722656,25772700,0.0,0.0
2024-06-28,77.12999725341797,79.05000305175781,74.55000305175781,75.37000274658203,71.0633773803711,129967000,0.0,0.0
2024-07-01,75.5,77.05999755859375,74.29000091552734,76.83000183105469,72.43994903564453,44369000,0.0,0.0
2024-07-02,76.81999969482422,76.94000244140625,75.38999938964844,76.04000091552734,71.6950912475586,26183400,0.0,0.0
2024-07-03,75.5,75.91999816894531,75.0199966430664,75.23999786376953,70.94078826904297,15952000,0.0,0.0
2024-07-05,75.36000061035156,76.08999633789062,74.77999877929688,75.43000030517578,71.11994171142578,19603700,0.0,0.0
2024-07-08,75.41000366210938,75.48999786376953,73.0,73.05000305175781,68.87593841552734,29905000,0.0,0.0
2024-07-09,73.30000305175781,74.13999938964844,72.37999725341797,72.45999908447266,68.31965637207031,23445500,0.0,0.0
2024-07-10,72.26000213623047,72.63999938964844,71.66999816894531,72.54000091552734,68.39507293701172,21378200,0.0,0.0
2024-07-11,72.69999694824219,73.75,72.29000091552734,73.38999938964844,69.1965103149414,15876700,0.0,0.0
2024-07-12,73.56999969482422,74.05000305175781,73.16999816894531,73.41999816894531,69.22479248046875,14527500,0.0,0.0
2024-07-15,73.0,73.01000213623047,71.23999786376953,71.30999755859375,67.2353515625,20775800,0.0,0.0
2024-07-16,71.51000213623047,72.95999908447266,71.51000213623047,72.80999755859375,68.64964294433594,20980700,0.0,0.0
2024-07-17,72.52999877929688,73.33999633789062,72.5,73.06999969482422,68.8947982788086,11161600,0.0,0.0
2024-07-18,72.97000122070312,73.93000030517578,72.3499984741211,72.37999725341797,68.24421691894531,14440100,0.0,0.0
2024-07-19,72.30000305175781,72.81999969482422,71.8499984741211,72.69999694824219,68.54592895507812,11913300,0.0,0.0
2024-07-22,73.12000274658203,75.33999633789062,73.06999969482422,74.86000061035156,70.58251190185547,19385500,0.0,0.0
2024-07-23,74.62999725341797,75.04000091552734,73.23999786376953,73.4000015258789,69.20594024658203,11041800,0.0,0.0
2024-07-24,73.25,73.38999938964844,71.08000183105469,71.08999633789062,67.02792358398438,18563300,0.0,0.0
2024-07-25,71.52999877929688,72.43000030517578,70.91000366210938,71.41000366210938,67.32965087890625,13855400,0.0,0.0
2024-07-26,72.0,72.77999877929688,71.87000274658203,72.55999755859375,68.41392517089844,8892000,0.0,0.0
2024-07-29,72.5,73.87000274658203,72.19999694824219,73.55000305175781,69.34737396240234,10471800,0.0,0.0
2024-07-30,73.69000244140625,74.48999786376953,73.45999908447266,74.31999969482422,70.0733642578125,8515700,0.0,0.0
2024-07-31,74.5,75.43000030517578,73.91999816894531,74.86000061035156,70.58251190185547,14632900,0.0,0.0
2024-08-01,74.69999694824219,74.79000091552734,73.26000213623047,73.8499984741211,69.63021087646484,9563500,0.0,0.0
2024-08-02,72.83000183105469,74.12999725341797,71.91999816894531,74.01000213623047,69.78109741210938,11526600,0.0,0.0
2024-08-05,71.05999755859375,72.62000274658203,70.75,71.41999816894531,67.33907318115234,13191500,0.0,0.0
2024-08-06,71.66000366210938,73.23999786376953,71.51000213623047,72.5,68.35736083984375,13469700,0.0,0.0
2024-08-07,72.87999725341797,74.20999908447266,72.52999877929688,72.62000274658203,68.47051239013672,9571200,0.0,0.0
2024-08-08,73.2300033569336,74.20999908447266,73.05000305175781,74.19000244140625,69.95079040527344,8828000,0.0,0.0
2024-08-09,74.12000274658203,74.58000183105469,73.37000274658203,74.33999633789062,70.09223175048828,7186600,0.0,0.0
2024-08-12,74.70999908447266,75.0,74.05000305175781,74.63999938964844,70.37508392333984,7067300,0.0,0.0
2024-08-13,75.25,79.05000305175781,75.06999969482422,78.5,74.0145263671875,22114800,0.0,0.0
2024-08-14,78.0,79.08999633789062,77.41999816894531,78.5199966430664,74.03338623046875,13613000,0.0,0.0
2024-08-15,82.0999984741211,83.05999755859375,80.66999816894531,82.5,77.78596496582031,23583600,0.0,0.0
2024-08-16,82.87999725341797,83.94000244140625,82.44000244140625,83.2300033569336,78.4742660522461,13794200,0.0,0.0
2024-08-19,83.2300033569336,83.98999786376953,82.91999816894531,83.27999877929688,78.52139282226562,9627300,0.0,0.0
2024-08-20,83.48999786376953,83.9000015258789,82.7699966430664,83.55999755859375,78.785400390625,7863100,0.0,0.0
2024-08-21,83.66999816894531,84.23999786376953,83.22000122070312,84.0,79.20024871826172,6915900,0.0,0.0
2024-08-22,84.44999694824219,84.68000030517578,83.20999908447266,83.41000366210938,78.64397430419922,8485500,0.0,0.0
2024-08-23,83.33999633789062,84.23999786376953,83.22000122070312,84.05000305175781,79.24739837646484,9219700,0.0,0.0
2024-08-26,83.47000122070312,84.51000213623047,83.37999725341797,84.27999877929688,79.4642562866211,7853300,0.0,0.0
2024-08-27,84.06999969482422,85.38999938964844,83.61000061035156,85.29000091552734,80.41654205322266,14954000,0.0,0.0
2024-08-28,85.05000305175781,85.43000030517578,81.87999725341797,82.79000091552734,78.05939483642578,11088600,0.0,0.0
2024-08-29,83.44999694824219,83.88999938964844,82.86000061035156,83.26000213623047,78.5025405883789,7477200,0.0,0.0
2024-08-30,83.5999984741211,83.87999725341797,82.05000305175781,83.31999969482422,78.55911254882812,13755300,0.0,0.0
2024-09-03,82.70999908447266,82.94000244140625,81.01000213623047,81.31999969482422,77.01538848876953,10133700,0.37,0.0
2024-09-04,80.0999984741211,81.08999633789062,79.66999816894531,81.0199966430664,76.73127746582031,12837400,0.0,0.0
2024-09-05,81.12999725341797,81.23999786376953,80.20999908447266,80.83000183105469,76.55133056640625,7596300,0.0,0.0
2024-09-06,80.87999725341797,81.87999725341797,80.3499984741211,80.62999725341797,76.36190795898438,8512200,0.0,0.0
2024-09-09,80.75,81.58000183105469,79.0199966430664,79.48999786376953,75.28227233886719,8003300,0.0,0.0
2024-09-10,79.55999755859375,79.55999755859375,77.55000305175781,78.08999633789062,73.95635986328125,9748400,0.0,0.0
2024-09-11,78.0,78.58999633789062,76.73999786376953,78.4000015258789,74.2499771118164,8265500,0.0,0.0
2024-09-12,78.2300033569336,79.06999969482422,77.52999877929688,78.4000015258789,74.2499771118164,7176900,0.0,0.0
2024-09-13,78.30000305175781,79.48999786376953,78.11000061035156,79.01000213623047,74.82767486572266,5814200,0.0,0.0
2024-09-16,79.33000183105469,79.98999786376953,78.69000244140625,79.80000305175781,75.57585144042969,9547700,0.0,0.0
2024-09-17,80.01000213623047,80.9800033569336,79.86000061035156,80.63999938964844,76.37138366699219,7580600,0.0,0.0
2024-09-18,80.66000366210938,81.76000213623047,80.2300033569336,80.9000015258789,76.61763763427734,7637000,0.0,0.0
2024-09-19,82.5999984741211,83.12000274658203,80.47000122070312,80.9800033569336,76.69339752197266,15067100,0.0,0.0
2024-09-20,87.87000274658203,88.0,84.80999755859375,86.5199966430664,81.94013214111328,52039300,0.0,0.0
2024-09-23,85.4000015258789,86.52999877929688,85.05000305175781,86.19999694824219,81.63707733154297,17712400,0.0,0.0
2024-09-24,87.44000244140625,88.27999877929688,86.66000366210938,87.45999908447266,82.83036804199219,21123300,0.0,0.0
2024-09-25,87.8499984741211,88.0999984741211,87.23999786376953,88.0,83.341796875,12392800,0.0,0.0
2024-09-26,89.91999816894531,90.62000274658203,89.05000305175781,89.38999938964844,84.658203125,13592800,0.0,0.0
2024-09-27,89.44999694824219,90.26000213623047,89.20999908447266,89.44000244140625,84.70555877685547,9181000,0.0,0.0
2024-09-30,89.69999694824219,89.75,87.7300033569336,88.4000015258789,83.72061920166016,12027100,0.0,0.0
2024-10-01,88.0,89.63999938964844,87.70999908447266,89.12999725341797,84.41197204589844,20623400,0.0,0.0
2024-10-02,82.88999938964844,85.2300033569336,81.7699966430664,83.0999984741211,78.701171875,33208800,0.0,0.0
2024-10-03,82.4000015258789,83.77999877929688,81.9800033569336,82.0999984741211,77.75409698486328,18143800,0.0,0.0
2024-10-04,82.62999725341797,83.54000091552734,82.0999984741211,82.25,77.89617156982422,10322600,0.0,0.0
2024-10-07,82.13999938964844,82.47000122070312,80.08999633789062,80.83000183105469,76.55133056640625,12767400,0.0,0.0
2024-10-08,80.75,81.41999816894531,79.93000030517578,80.7699966430664,76.4945068359375,10569600,0.0,0.0
2024-10-09,81.13999938964844,82.93000030517578,81.06999969482422,82.44999694824219,78.08557891845703,11750600,0.0,0.0
2024-10-10,83.4000015258789,83.44999694824219,82.02999877929688,82.0999984741211,77.75409698486328,8370200,0.0,0.0
2024-10-11,82.04000091552734,82.2699966430664,81.18000030517578,82.1500015258789,77.80146026611328,10171100,0.0,0.0
2024-10-14,82.0,82.04000091552734,80.80000305175781,81.5999984741211,77.28057098388672,8177700,0.0,0.0
2024-10-15,81.05000305175781,82.72000122070312,81.05000305175781,82.12000274658203,77.7730484008789,11804400,0.0,0.0
2024-10-16,82.13999938964844,84.08999633789062,82.05000305175781,83.94000244140625,79.4967041015625,11220600,0.0,0.0
2024-10-17,84.11000061035156,84.76000213623047,83.37999725341797,83.4000015258789,78.98529815673828,9204500,0.0,0.0
2024-10-18,83.77999877929688,83.94999694824219,82.62999725341797,82.91999816894531,78.53069305419922,7214800,0.0,0.0
2024-10-21,82.8499984741211,83.08999633789062,81.44000244140625,81.4800033569336,77.16692352294922,7550200,0.0,0.0
2024-10-22,81.3499984741211,82.41999816894531,81.2300033569336,81.41999816894531,77.11009216308594,7308800,0.0,0.0
2024-10-23,81.0,81.04000091552734,79.79000091552734,80.05000305175781,75.8126220703125,7253100,0.0,0.0
2024-10-24,80.5,80.80000305175781,79.02999877929688,79.04000091552734,74.8560791015625,7424500,0.0,0.0
2024-10-25,79.22000122070312,79.58000183105469,78.5199966430664,78.8499984741211,74.6761474609375,9385400,0.0,0.0
2024-10-28,79.31999969482422,79.63999938964844,78.81999969482422,78.91000366210938,74.73296356201172,6617200,0.0,0.0
2024-10-29,78.87999725341797,79.47000122070312,78.19999694824219,78.4000015258789,74.2499771118164,7241100,0.0,0.0
2024-10-30,78.0,78.11000061035156,76.41999816894531,76.44999694824219,72.4031753540039,15691300,0.0,0.0
2024-10-31,76.19999694824219,77.33999633789062,75.19999694824219,77.12999725341797,73.04718017578125,13990100,0.0,0.0
2024-11-01,77.05000305175781,78.12999725341797,76.95999908447266,78.05999755859375,73.9279556274414,9623700,0.0,0.0
2024-11-04,77.98999786376953,78.55000305175781,77.11000061035156,77.19000244140625,73.10401916503906,6593800,0.0,0.0
2024-11-05,77.25,78.0,77.0,77.9800033569336,73.85218811035156,5629200,0.0,0.0
2024-11-06,76.87000274658203,76.94999694824219,75.12000274658203,75.31999969482422,71.33300018310547,16193700,0.0,0.0
2024-11-07,75.69999694824219,76.37000274658203,75.20999908447266,75.91999816894531,71.90123748779297,11831100,0.0,0.0
2024-11-08,75.5,76.55999755859375,75.25,75.87999725341797,71.86334991455078,8140800,0.0,0.0
2024-11-11,76.1500015258789,77.4000015258789,76.0999984741211,76.5999984741211,72.54524230957031,9877200,0.0,0.0
2024-11-12,76.45999908447266,77.43000030517578,76.13999938964844,76.66000366210938,72.60208129882812,9013900,0.0,0.0
2024-11-13,76.91000366210938,77.29000091552734,76.47000122070312,76.5199966430664,72.46946716308594,6835300,0.0,0.0
2024-11-14,76.68000030517578,76.9800033569336,75.66999816894531,75.68000030517578,71.6739501953125,6991600,0.0,0.0
2024-11-15,76.0,77.6500015258789,75.61000061035156,76.66000366210938,72.60208129882812,13584900,0.0,0.0
2024-11-18,76.16000366210938,76.19999694824219,74.25,74.88999938964844,70.9257583618164,12595100,0.0,0.0
2024-11-19,74.5,74.7300033569336,73.5999984741211,73.91000366210938,69.99764251708984,12028400,0.0,0.0
2024-11-20,73.66000366210938,73.83999633789062,72.70999908447266,73.36000061035156,69.47676086425781,12290300,0.0,0.0
2024-11-21,73.36000061035156,75.55999755859375,73.19999694824219,75.0999984741211,71.12464904785156,12818600,0.0,0.0
2024-11-22,76.12999725341797,77.5,75.83000183105469,77.4000015258789,73.30289459228516,12248600,0.0,0.0
2024-11-25,78.5,79.86000061035156,78.41000366210938,79.26000213623047,75.06444549560547,18328900,0.0,0.0
2024-11-26,78.9000015258789,78.9000015258789,77.56999969482422,77.61000061035156,73.50179290771484,9495600,0.0,0.0
2024-11-27,77.61000061035156,79.05000305175781,77.58999633789062,78.33999633789062,74.19313049316406,8713500,0.0,0.0
2024-11-29,78.19999694824219,79.18000030517578,78.02999877929688,78.7699966430664,74.60037231445312,7123500,0.0,0.0
2024-12-02,77.91999816894531,79.0999984741211,77.19999694824219,79.08999633789062,75.28573608398438,11221000,0.4,0.0
2024-12-03,79.0,79.4000015258789,77.61000061035156,78.86000061035156,75.06681823730469,9414500,0.0,0.0
2024-12-04,77.81999969482422,78.51000213623047,77.0999984741211,78.37000274658203,74.60037231445312,15042600,0.0,0.0
2024-12-05,78.26000213623047,78.9000015258789,78.0999984741211,78.58000183105469,74.80027770996094,8316500,0.0,0.0
2024-12-06,79.22000122070312,81.18000030517578,78.83999633789062,78.88999938964844,75.0953598022461,13931100,0.0,0.0
2024-12-09,79.44000244140625,79.44999694824219,77.5199966430664,77.63999938964844,73.9054946899414,12043400,0.0,0.0
2024-12-10,77.5,78.08000183105469,76.62000274658203,76.73999786376953,73.04878234863281,12193100,0.0,0.0
2024-12-11,76.79000091552734,78.9800033569336,76.30999755859375,78.8499984741211,75.05728912353516,12033200,0.0,0.0
2024-12-12,78.70999908447266,79.37000274658203,77.86000061035156,77.95999908447266,74.21009826660156,6983200,0.0,0.0
2024-12-13,77.3499984741211,77.83000183105469,76.7699966430664,77.25,73.53424835205078,8037300,0.0,0.0
2024-12-16,76.76000213623047,79.0199966430664,76.66000366210938,77.19999694824219,73.48664855957031,13034000,0.0,0.0
2024-12-17,77.36000061035156,78.7699966430664,77.25,78.0,74.2481689453125,12452400,0.0,0.0
2024-12-18,77.9800033569336,79.0,76.83999633789062,76.9000015258789,73.20108032226562,14376900,0.0,0.0
2024-12-19,76.94000244140625,77.94000244140625,76.43000030517578,77.0999984741211,73.39147186279297,27067600,0.0,0.0
2024-12-20,75.95999908447266,78.0,74.86000061035156,76.94000244140625,73.23915100097656,49883400,0.0,0.0
2024-12-23,76.33000183105469,78.41000366210938,75.73999786376953,76.76000213623047,73.06782531738281,14203800,0.0,0.0
2024-12-24,76.75,77.11000061035156,76.36000061035156,76.79000091552734,73.09637451171875,4919100,0.0,0.0
2024-12-26,76.5999984741211,77.45999908447266,76.54000091552734,76.94000244140625,73.23915100097656,6363500,0.0,0.0
2024-12-27,76.5199966430664,76.93000030517578,75.80000305175781,76.41999816894531,72.74417114257812,6334400,0.0,0.0
2024-12-30,75.5999984741211,75.7699966430664,74.55000305175781,74.6500015258789,71.05931091308594,9042900,0.0,0.0
2024-12-31,74.9000015258789,76.38999938964844,74.77999877929688,75.66999816894531,72.03024291992188,9425600,0.0,0.0
2025-01-02,76.25,76.69000244140625,73.23999786376953,73.66999816894531,70.12644958496094,10883400,0.0,0.0
2025-01-03,73.91999816894531,74.19000244140625,73.01000213623047,73.30999755859375,69.78376770019531,10083500,0.0,0.0
2025-01-06,73.75,74.31999969482422,71.97000122070312,72.0,68.5367660522461,14947300,0.0,0.0
2025-01-07,72.4000015258789,73.44000244140625,71.9800033569336,72.08999633789062,68.62244415283203,10463500,0.0,0.0
2025-01-08,71.55999755859375,71.81999969482422,71.01000213623047,71.29000091552734,67.86093139648438,11855000,0.0,0.0
2025-01-10,71.8499984741211,72.38999938964844,71.08999633789062,71.19999694824219,67.77525329589844,15677400,0.0,0.0
2025-01-13,71.16999816894531,72.5999984741211,70.77999877929688,72.08000183105469,68.61293029785156,14584300,0.0,0.0
2025-01-14,72.06999969482422,72.20999908447266,70.52999877929688,71.16999816894531,67.74669647216797,16732900,0.0,0.0
2025-01-15,71.98999786376953,72.25,70.83999633789062,71.06999969482422,67.6515121459961,13468100,0.0,0.0
2025-01-16,70.9000015258789,71.2300033569336,70.31999969482422,71.11000061035156,67.68958282470703,13694600,0.0,0.0
2025-01-17,71.43000030517578,71.5199966430664,70.83999633789062,70.83999633789062,67.43256378173828,9711300,0.0,0.0
2025-01-21,71.30000305175781,73.2699966430664,71.13999938964844,73.16999816894531,69.65049743652344,14199900,0.0,0.0
2025-01-22,73.37999725341797,74.69999694824219,73.01000213623047,74.04000091552734,70.47865295410156,13029300,0.0,0.0
2025-01-23,73.33999633789062,74.5,72.37000274658203,74.29000091552734,70.71662902832031,10677400,0.0,0.0
2025-01-24,74.06999969482422,74.25,73.25,73.56999969482422,70.03126525878906,8106700,0.0,0.0
2025-01-27,73.44000244140625,75.8499984741211,73.41999816894531,75.58000183105469,71.944580078125,11665400,0.0,0.0
2025-01-28,75.33000183105469,75.5999984741211,74.16000366210938,74.38999938964844,70.81182098388672,8694400,0.0,0.0
2025-01-29,74.44999694824219,77.11000061035156,74.31999969482422,76.58000183105469,72.896484375,11764800,0.0,0.0
2025-01-30,76.8499984741211,78.7699966430664,76.8499984741211,78.33000183105469,74.56231689453125,10902100,0.0,0.0
2025-01-31,78.11000061035156,78.86000061035156,76.76000213623047,76.9000015258789,73.20108032226562,13098000,0.0,0.0
2025-02-03,74.9000015258789,76.69000244140625,73.22000122070312,76.58999633789062,72.9059829711914,18539200,0.0,0.0
2025-02-04,77.55000305175781,78.16000366210938,76.04000091552734,76.72000122070312,73.02974700927734,11943700,0.0,0.0
2025-02-05,76.30000305175781,76.79000091552734,74.4000015258789,74.56999969482422,70.983154296875,9807400,0.0,0.0
2025-02-06,75.23999786376953,75.4000015258789,71.62999725341797,71.73999786376953,68.28926849365234,16059400,0.0,0.0
2025-02-07,70.55999755859375,70.80999755859375,68.62000274658203,68.68000030517578,65.37647247314453,27428700,0.0,0.0
2025-02-10,69.36000061035156,70.94999694824219,69.12000274658203,70.94000244140625,67.52776336669922,16201300,0.0,0.0
2025-02-11,70.56999969482422,71.98999786376953,70.51000213623047,71.33999633789062,67.90851593017578,9636600,0.0,0.0
2025-02-12,70.5999984741211,72.44999694824219,70.33000183105469,72.26000213623047,68.78427124023438,10810900,0.0,0.0
2025-02-13,72.44999694824219,73.5999984741211,71.62999725341797,73.20999908447266,69.68856811523438,9739600,0.0,0.0
2025-02-14,73.16999816894531,73.5,72.33999633789062,73.04000091552734,69.52674865722656,9254400,0.0,0.0
2025-02-18,74.5,77.68000030517578,74.5,77.58999633789062,73.85790252685547,28252400,0.0,0.0
2025-02-19,76.81999969482422,77.68000030517578,76.08999633789062,76.77999877929688,73.08685302734375,14184100,0.0,0.0
2025-02-20,76.91000366210938,77.2699966430664,76.33999633789062,77.2300033569336,73.51522064208984,10689600,0.0,0.0
2025-02-21,77.4000015258789,77.98999786376953,75.86000061035156,76.5,72.82032012939453,12823400,0.0,0.0
2025-02-24,78.87999725341797,81.08999633789062,78.75,80.27999877929688,76.41850280761719,24553500,0.0,0.0
2025-02-25,80.30999755859375,81.95999908447266,80.05000305175781,81.72000122070312,77.78923797607422,15522500,0.0,0.0
2025-02-26,82.0999984741211,82.44000244140625,80.83999633789062,81.16999816894531,77.26569366455078,16058100,0.0,0.0
2025-02-27,81.48999786376953,81.48999786376953,79.45999908447266,80.0199966430664,76.17101287841797,11651900,0.0,0.0
2025-02-28,79.25,80.0199966430664,78.18000030517578,79.43000030517578,75.60939025878906,14113800,0.0,0.0
2025-03-03,79.98999786376953,80.95999908447266,77.88999938964844,78.41000366210938,75.01622009277344,8628800,0.4,0.0
2025-03-04,77.69999694824219,78.6500015258789,76.77999877929688,77.31999969482422,73.97340393066406,10034100,0.0,0.0
2025-03-05,77.33000183105469,78.30999755859375,76.45999908447266,77.80999755859375,74.44219970703125,9853600,0.0,0.0
2025-03-06,76.73999786376953,78.33000183105469,76.73999786376953,77.70999908447266,74.34652709960938,9623700,0.0,0.0
2025-03-07,77.4800033569336,79.0,76.97000122070312,78.58999633789062,75.18843078613281,9294300,0.0,0.0
2025-03-10,77.51000213623047,80.19000244140625,76.05999755859375,76.4000015258789,73.09323120117188,15822600,0.0,0.0
2025-03-11,75.91000366210938,76.08000183105469,73.62000274658203,74.16999816894531,70.9597396850586,12837000,0.0,0.0
2025-03-12,74.36000061035156,74.5,73.2300033569336,73.58000183105469,70.39527893066406,12304900,0.0,0.0
2025-03-13,73.18000030517578,73.94000244140625,71.66999816894531,72.63999938964844,69.49596405029297,10195900,0.0,0.0
2025-03-14,73.27999877929688,73.54000091552734,71.31999969482422,71.66000366210938,68.55838012695312,12183000,0.0,0.0
2025-03-17,72.13999938964844,73.94999694824219,72.02999877929688,73.69999694824219,70.51008605957031,15996900,0.0,0.0
2025-03-18,73.88999938964844,74.16000366210938,72.72000122070312,73.30999755859375,70.136962890625,8972300,0.0,0.0
2025-03-19,72.63999938964844,73.43000030517578,72.29000091552734,72.98999786376953,69.830810546875,10830500,0.0,0.0
2025-03-20,72.91999816894531,73.6500015258789,71.5199966430664,71.86000061035156,68.74971771240234,25202300,0.0,0.0
2025-03-21,66.58999633789062,68.7300033569336,65.16999816894531,67.94000244140625,64.99939727783203,77287000,0.0,0.0
2025-03-24,68.55999755859375,68.88999938964844,66.69000244140625,67.38999938964844,64.47319793701172,26552500,0.0,0.0
2025-03-25,67.55999755859375,68.05000305175781,66.23999786376953,66.54000091552734,63.65999221801758,17394100,0.0,0.0
2025-03-26,66.37999725341797,66.58999633789062,64.94999694824219,65.73999786376953,62.89460754394531,18688300,0.0,0.0
2025-03-27,65.5,67.0999984741211,65.29000091552734,65.80000305175781,62.95201873779297,16435800,0.0,0.0
2025-03-28,65.86000061035156,65.86000061035156,63.13999938964844,63.290000915527344,60.550655364990234,19600300,0.0,0.0
2025-03-31,62.84000015258789,63.9900016784668,62.650001525878906,63.47999954223633,60.73242950439453,17400000,0.0,0.0
2025-04-01,63.83000183105469,65.16000366210938,63.29999923706055,64.76000213623047,61.95703125,13489500,0.0,0.0
2025-04-02,64.30000305175781,65.4000015258789,64.16000366210938,64.95999908447266,62.14836883544922,11161400,0.0,0.0
2025-04-03,56.369998931884766,58.68000030517578,55.400001525878906,55.58000183105469,53.17436218261719,71499500,0.0,0.0
2025-04-04,53.220001220703125,59.220001220703125,52.5,57.25,54.7720832824707,67775700,0.0,0.0
2025-04-07,55.400001525878906,57.18000030517578,53.400001525878906,55.61000061035156,53.203067779541016,45374400,0.0,0.0
2025-04-08,58.77000045776367,58.77000045776367,52.369998931884766,53.27000045776367,50.96434783935547,30404300,0.0,0.0
2025-04-09,53.279998779296875,59.54999923706055,52.47999954223633,59.31999969482422,56.75248336791992,44732500,0.0,0.0
2025-04-10,57.22999954223633,57.25,52.279998779296875,54.400001525878906,52.045440673828125,53919800,0.0,0.0
2025-04-11,54.400001525878906,55.029998779296875,52.86000061035156,54.38999938964844,52.03586959838867,22617100,0.0,0.0
2025-04-14,55.63999938964844,56.689998626708984,54.66999816894531,55.40999984741211,53.011722564697266,28346600,0.0,0.0
2025-04-15,54.68000030517578,55.38999938964844,54.16999816894531,54.83000183105469,52.45682907104492,15977100,0.0,0.0
2025-04-16,54.720001220703125,55.150001525878906,53.34000015258789,53.54999923706055,51.23222351074219,19094900,0.0,0.0
2025-04-17,53.81999969482422,56.02000045776367,53.650001525878906,55.7599983215332,53.3465690612793,18935100,0.0,0.0
2025-04-21,55.22999954223633,56.36000061035156,53.5,56.119998931884766,53.69099044799805,17280900,0.0,0.0
2025-04-22,56.650001525878906,58.09000015258789,56.2400016784668,57.060001373291016,54.59030532836914,16852200,0.0,0.0
2025-04-23,59.0,59.20000076293945,56.70000076293945,57.38999938964844,54.9060173034668,21660300,0.0,0.0
2025-04-24,57.810001373291016,58.70000076293945,57.130001068115234,58.47999954223633,55.9488410949707,14508500,0.0,0.0
2025-04-25,58.209999084472656,58.25,56.61000061035156,57.619998931884766,55.12606430053711,17156000,0.0,0.0
2025-04-28,57.72999954223633,58.08000183105469,56.79999923706055,57.310001373291016,54.82948684692383,13321200,0.0,0.0
2025-04-29,57.0,57.7400016784668,56.7400016784668,57.540000915527344,55.049530029296875,12968000,0.0,0.0
2025-04-30,55.86000061035156,56.59000015258789,54.75,56.400001525878906,53.9588737487793,17205900,0.0,0.0
2025-05-01,56.68000030517578,57.209999084472656,56.2599983215332,56.7599983215332,54.30329132080078,10527000,0.0,0.0
2025-05-02,57.869998931884766,58.70000076293945,57.310001373291016,58.59000015258789,56.05408477783203,14723900,0.0,0.0
2025-05-05,58.119998931884766,58.34000015258789,57.290000915527344,57.349998474121094,54.86775207519531,15971000,0.0,0.0
2025-05-06,57.150001525878906,57.720001220703125,56.790000915527344,57.040000915527344,54.571170806884766,11440300,0.0,0.0
2025-05-07,57.869998931884766,58.810001373291016,57.560001373291016,58.619998931884766,56.082786560058594,11883500,0.0,0.0
2025-05-08,59.689998626708984,60.38999938964844,58.79999923706055,58.90999984741211,56.3602294921875,19009000,0.0,0.0
2025-05-09,59.13999938964844,59.380001068115234,58.220001220703125,58.29999923706055,55.77663040161133,13954400,0.0,0.0
2025-05-12,62.380001068115234,63.470001220703125,61.810001373291016,62.58000183105469,59.87138748168945,29776600,0.0,0.0
2025-05-13,62.61000061035156,62.779998779296875,61.970001220703125,62.38999938964844,59.68960952758789,17003100,0.0,0.0
2025-05-14,62.04999923706055,62.869998931884766,61.52000045776367,61.72999954223633,59.05817413330078,13736300,0.0,0.0
2025-05-15,60.63999938964844,62.68000030517578,60.41999816894531,62.400001525878906,59.699180603027344,14371100,0.0,0.0
2025-05-16,62.5,63.75,62.5,63.11000061035156,60.37845230102539,12950600,0.0,0.0
2025-05-19,62.150001525878906,62.43000030517578,61.7599983215332,62.08000183105469,59.39303207397461,15105300,0.0,0.0
2025-05-20,62.5,63.189998626708984,62.279998779296875,62.560001373291016,59.85225296020508,10771800,0.0,0.0
2025-05-21,61.16999816894531,61.7599983215332,59.880001068115234,59.97999954223633,57.38391876220703,17354700,0.0,0.0
2025-05-22,60.58000183105469,61.619998931884766,60.15999984741211,61.31999969482422,58.665924072265625,16764500,0.0,0.0
2025-05-23,59.86000061035156,60.380001068115234,59.4900016784668,60.02000045776367,57.42218780517578,14282400,0.0,0.0
2025-05-27,61.130001068115234,62.84000015258789,60.84000015258789,62.83000183105469,60.11056900024414,16642100,0.0,0.0
2025-05-28,62.7400016784668,63.11000061035156,61.560001373291016,61.779998779296875,59.10601043701172,10015600,0.0,0.0
2025-05-29,62.4900016784668,62.900001525878906,61.130001068115234,61.439998626708984,58.780723571777344,12218000,0.0,0.0
2025-05-30,61.0,61.119998931884766,60.099998474121094,60.59000015258789,57.96751403808594,18155100,0.0,0.0
2025-06-02,60.04999923706055,61.599998474121094,59.599998474121094,61.56999969482422,59.29656219482422,14065300,0.4,0.0
2025-06-03,61.2400016784668,62.45000076293945,60.459999084472656,62.369998931884766,60.067020416259766,10286100,0.0,0.0
2025-06-04,62.380001068115234,63.040000915527344,62.27000045776367,62.77000045776367,60.45225143432617,10242300,0.0,0.0
2025-06-05,62.939998626708984,63.65999984741211,62.22999954223633,62.66999816894531,60.3559455871582,12336300,0.0,0.0
2025-06-06,62.66999816894531,63.09000015258789,62.119998931884766,62.79999923706055,60.481143951416016,13299600,0.0,0.0
2025-06-09,63.29999923706055,63.4900016784668,61.880001068115234,61.90999984741211,59.62400817871094,11640000,0.0,0.0
2025-06-10,62.380001068115234,64.16000366210938,62.25,63.869998931884766,61.51163864135742,15287000,0.0,0.0
2025-06-11,64.4000015258789,64.8499984741211,62.58000183105469,63.11000061035156,60.779701232910156,10238700,0.0,0.0
2025-06-12,62.7400016784668,62.93000030517578,61.7599983215332,62.79999923706055,60.481143951416016,9830500,0.0,0.0
2025-06-13,61.75,62.779998779296875,60.11000061035156,60.529998779296875,58.294960021972656,16509700,0.0,0.0
2025-06-16,61.380001068115234,62.18000030517578,61.2400016784668,61.900001525878906,59.614376068115234,13681600,0.0,0.0
2025-06-17,61.29999923706055,61.29999923706055,59.68000030517578,60.0,57.7845344543457,13649700,0.0,0.0
2025-06-18,60.0,60.45000076293945,59.369998931884766,59.5099983215332,57.31262969970703,14194300,0.0,0.0
2025-06-20,59.75,60.040000915527344,59.189998626708984,59.790000915527344,57.5822868347168,19084000,0.0,0.0
2025-06-23,59.58000183105469,61.29999923706055,59.439998626708984,60.779998779296875,58.535736083984375,15921300,0.0,0.0
2025-06-24,61.33000183105469,61.97999954223633,60.47999954223633,61.41999816894531,59.152103424072266,12564000,0.0,0.0
2025-06-25,61.45000076293945,61.529998779296875,60.36000061035156,60.83000183105469,58.583885192871094,12186200,0.0,0.0
2025-06-26,61.560001373291016,62.72999954223633,60.81999969482422,62.540000915527344,60.23074722290039,39659800,0.0,0.0
2025-06-27,69.79000091552734,74.19000244140625,69.69000244140625,72.04000091552734,69.37996673583984,117530300,0.0,0.0
2025-06-30,71.44999694824219,71.70999908447266,70.05999755859375,71.04000091552734,68.4168930053711,31090400,0.0,0.0
2025-07-01,71.98999786376953,73.94000244140625,71.83000183105469,73.41000366210938,70.69938659667969,27512900,0.0,0.0
2025-07-02,73.16999816894531,76.83999633789062,73.0,76.38999938964844,73.5693359375,36882300,0.0,0.0
2025-07-03,76.2699966430664,77.02999877929688,75.58000183105469,76.38999938964844,73.5693359375,12022600,0.0,0.0
2025-07-07,76.04000091552734,77.5,75.8499984741211,76.52999877929688,73.70416259765625,17296900,0.0,0.0
2025-07-08,76.12999725341797,76.30000305175781,73.6500015258789,73.91999816894531,71.19054412841797,19572400,0.0,0.0
2025-07-09,74.12999725341797,74.91999816894531,73.41999816894531,73.55999755859375,70.84384155273438,12076700,0.0,0.0
2025-07-10,73.12000274658203,75.5,72.94999694824219,74.62000274658203,71.86470031738281,13033000,0.0,0.0
2025-07-11,73.69000244140625,73.83999633789062,72.4000015258789,72.62999725341797,69.94817352294922,12771400,0.0,0.0
2025-07-14,72.33999633789062,72.58000183105469,71.02999877929688,72.25,69.58221435546875,11385400,0.0,0.0
2025-07-15,72.26000213623047,72.87999725341797,71.58000183105469,71.98999786376953,69.3318099975586,9708300,0.0,0.0
2025-07-16,71.9000015258789,72.70999908447266,71.1500015258789,72.0999984741211,69.437744140625,9008600,0.0,0.0
2025-07-17,72.12000274658203,73.20999908447266,72.04000091552734,72.9800033569336,70.2852554321289,9180400,0.0,0.0
2025-07-18,73.27999877929688,73.27999877929688,72.12000274658203,72.47000122070312,69.7940902709961,8801000,0.0,0.0
2025-07-21,72.93000030517578,74.80999755859375,72.91000366210938,74.0199966430664,71.28685760498047,12743900,0.0,0.0
2025-07-22,74.06999969482422,75.54000091552734,74.04000091552734,75.38999938964844,72.60627746582031,11297500,0.0,0.0
2025-07-23,76.1500015258789,77.20999908447266,75.81999969482422,76.75,73.91604614257812,16428100,0.0,0.0
2025-07-24,76.51000213623047,77.54000091552734,75.41000366210938,75.41999816894531,72.63516235351562,10037800,0.0,0.0
2025-07-25,75.91000366210938,76.56999969482422,75.52999877929688,76.2699966430664,73.45376586914062,7208400,0.0,0.0
2025-07-28,79.0,79.98999786376953,77.55999755859375,79.23999786376953,76.31410217285156,22631100,0.0,0.0
2025-07-29,78.76000213623047,79.37000274658203,77.76000213623047,78.33000183105469,75.4377212524414,12885500,0.0,0.0
2025-07-30,77.77999877929688,78.30000305175781,75.95999908447266,76.68000030517578,73.8486328125,14601700,0.0,0.0
2025-07-31,76.3499984741211,76.4000015258789,74.30999755859375,74.69000244140625,71.93212127685547,16700000,0.0,0.0
2025-08-01,73.44000244140625,74.69999694824219,72.52999877929688,74.62000274658203,71.86470031738281,11911600,0.0,0.0
2025-08-04,75.02999877929688,75.26000213623047,74.16000366210938,74.81999969482422,72.05731201171875,8839000,0.0,0.0
2025-08-05,74.91000366210938,75.70999908447266,74.23999786376953,74.37999725341797,71.63356018066406,6533800,0.0,0.0
2025-08-06,74.47000122070312,75.9800033569336,74.25,75.4800033569336,72.69294738769531,7579800,0.0,0.0
2025-08-07,76.31999969482422,76.3499984741211,74.0,74.3499984741211,71.60466766357422,8717600,0.0,0.0
2025-08-08,74.19999694824219,74.95999908447266,73.38999938964844,74.19000244140625,71.45057678222656,6739000,0.0,0.0
2025-08-11,74.31999969482422,74.79000091552734,73.05000305175781,74.0199966430664,71.28685760498047,6985700,0.0,0.0
2025-08-12,74.72000122070312,75.72000122070312,74.33999633789062,74.9000015258789,72.13436889648438,6397700,0.0,0.0
2025-08-13,75.4800033569336,77.69000244140625,75.19000244140625,77.19999694824219,74.34942626953125,13472600,0.0,0.0
2025-08-14,75.91000366210938,76.5999984741211,75.3499984741211,76.38999938964844,73.5693359375,7990500,0.0,0.0
2025-08-15,76.73999786376953,77.5,76.16000366210938,76.97000122070312,74.12792205810547,9767700,0.0,0.0
2025-08-18,77.11000061035156,78.26000213623047,76.8499984741211,77.43000030517578,74.5709457397461,9069100,0.0,0.0
2025-08-19,78.19999694824219,78.79000091552734,76.68000030517578,76.87999725341797,74.04124450683594,7684800,0.0,0.0
2025-08-20,76.69000244140625,77.55999755859375,76.16000366210938,76.26000213623047,73.44414520263672,6282600,0.0,0.0
2025-08-21,75.69999694824219,76.2300033569336,75.12999725341797,76.18000030517578,73.36709594726562,6354900,0.0,0.0
2025-08-22,76.54000091552734,79.13999938964844,76.25,78.37999725341797,75.48585510253906,10985900,0.0,0.0
2025-08-25,78.47000122070312,80.16999816894531,78.38999938964844,79.16999816894531,76.2467041015625,12488900,0.0,0.0
2025-08-26,79.0,79.4800033569336,78.37999725341797,78.6500015258789,75.74589538574219,6874800,0.0,0.0
2025-08-27,78.95999908447266,79.51000213623047,77.6500015258789,78.05999755859375,75.17766571044922,12636700,0.0,0.0
2025-08-28,78.58000183105469,78.66000366210938,77.72000122070312,77.91999816894531,75.0428466796875,7478600,0.0,0.0
2025-08-29,77.75,79.12999725341797,77.12000274658203,77.37000274658203,74.51315307617188,14208800,0.0,0.0
2025-09-02,75.63999938964844,76.05000305175781,74.0,74.29000091552734,71.918701171875,15078700,0.4,0.0
2025-09-03,74.4000015258789,75.18000030517578,73.91000366210938,74.73999786376953,72.35433197021484,8300100,0.0,0.0
2025-09-04,74.75,75.7699966430664,74.51000213623047,75.3499984741211,72.94486999511719,11096200,0.0,0.0
2025-09-05,74.80000305175781,75.41000366210938,73.62999725341797,73.91000366210938,71.55083465576172,13758400,0.0,0.0
2025-09-08,74.26000213623047,74.58000183105469,73.70999908447266,74.1500015258789,71.78317260742188,13793300,0.0,0.0
2025-09-09,73.98999786376953,74.55000305175781,73.05000305175781,73.5999984741211,71.25072479248047,8740200,0.0,0.0
2025-09-10,75.25,75.45999908447266,73.33000183105469,74.25,71.8799819946289,11359300,0.0,0.0
2025-09-11,74.41000366210938,75.52999877929688,74.01000213623047,74.33000183105469,71.95743560791016,9803400,0.0,0.0
2025-09-12,74.23999786376953,74.27999877929688,71.93000030517578,73.0,70.66987609863281,11806000,0.0,0.0
2025-09-15,73.18000030517578,73.20999908447266,72.58000183105469,73.02999877929688,70.69892120361328,10323800,0.0,0.0
2025-09-16,72.80000305175781,73.37999725341797,72.08999633789062,72.75,70.4278564453125,8813600,0.0,0.0
2025-09-17,73.06999969482422,73.31999969482422,71.61000061035156,72.30999755859375,70.00189971923828,11108700,0.0,0.0
2025-09-18,73.44000244140625,73.5999984741211,71.62999725341797,72.0999984741211,69.79859924316406,14918400,0.0,0.0
2025-09-19,72.01000213623047,72.25,70.73999786376953,70.88999938964844,68.62722778320312,33415600,0.0,0.0
2025-09-22,70.79000091552734,72.48999786376953,70.43000030517578,71.27999877929688,69.0047836303711,12336300,0.0,0.0
2025-09-23,71.56999969482422,72.41999816894531,70.7300033569336,70.93000030517578,68.66594696044922,10432400,0.0,0.0
2025-09-24,70.66999816894531,71.52999877929688,70.44999694824219,71.22000122070312,68.94669342041016,10024500,0.0,0.0
2025-09-25,71.16000366210938,71.16000366210938,69.05000305175781,69.23999786376953,67.02989959716797,13075300,0.0,0.0
2025-09-26,69.37999725341797,69.44000244140625,68.02999877929688,69.30999755859375,67.09766387939453,15627600,0.0,0.0
2025-09-29,69.7699966430664,69.95999908447266,68.73999786376953,69.55000305175781,67.33000946044922,18479300,0.0,0.0
2025-09-30,70.06999969482422,70.20999908447266,68.81999969482422,69.7300033569336,67.50425720214844,40567700,0.0,0.0
2025-10-01,74.3499984741211,74.69000244140625,71.61000061035156,74.19999694824219,71.83157348632812,57921900,0.0,0.0
2025-10-02,75.0,76.97000122070312,73.87999725341797,74.56999969482422,72.18976593017578,26254400,0.0,0.0
2025-10-03,74.77999877929688,74.77999877929688,71.91999816894531,71.93000030517578,69.634033203125,18794900,0.0,0.0
2025-10-06,72.0199966430664,72.38999938964844,71.01000213623047,71.16999816894531,68.8982925415039,14039600,0.0,0.0
2025-10-07,71.2300033569336,71.58000183105469,68.9000015258789,68.91000366210938,66.71044158935547,17368000,0.0,0.0
2025-10-08,68.91000366210938,69.43000030517578,68.66999816894531,69.08999633789062,66.88468170166016,13051800,0.0,0.0
2025-10-09,69.55000305175781,69.66000366210938,67.88999938964844,68.05999755859375,65.88755798339844,13410900,0.0,0.0
2025-10-10,68.18000030517578,68.48999786376953,64.87999725341797,65.22000122070312,63.138214111328125,18806100,0.0,0.0
2025-10-13,65.69999694824219,67.5199966430664,65.55000305175781,67.37999725341797,65.22925567626953,13191200,0.0,0.0
2025-10-14,66.47000122070312,68.0,66.05999755859375,67.63999938964844,65.48096466064453,9483700,0.0,0.0
2025-10-15,68.58000183105469,69.52999877929688,68.12999725341797,68.45999908447266,66.27478790283203,13001500,0.0,0.0
2025-10-16,68.5999984741211,69.04000091552734,66.58000183105469,66.83999633789062,64.70650482177734,15349700,0.0,0.0
2025-10-17,66.62999725341797,67.7699966430664,66.31999969482422,67.37000274658203,65.21958923339844,10054000,0.0,0.0
2025-10-20,67.55999755859375,68.18000030517578,67.47000122070312,67.62000274658203,65.46160888671875,9670000,0.0,0.0
2025-10-21,67.75,69.29000091552734,67.41000366210938,68.36000061035156,66.17798614501953,9659200,0.0,0.0
2025-10-22,68.22000122070312,69.36000061035156,67.95999908447266,69.08000183105469,66.875,8096100,0.0,0.0
2025-10-23,69.08999633789062,69.88999938964844,68.73999786376953,69.68000030517578,67.45585632324219,9124900,0.0,0.0
2025-10-24,69.70999908447266,70.08000183105469,68.91000366210938,69.11000061035156,66.904052734375,7102900,0.0,0.0
2025-10-27,70.04000091552734,70.44000244140625,68.26000213623047,68.58999633789062,66.40064239501953,9838100,0.0,0.0
2025-10-28,68.11000061035156,68.61000061035156,67.05000305175781,67.43000030517578,65.27767181396484,11262400,0.0,0.0
2025-10-29,67.01000213623047,67.19000244140625,64.94999694824219,65.3499984741211,63.26406478881836,15143100,0.0,0.0
2025-10-30,65.18000030517578,66.0,64.56999969482422,64.9000015258789,62.828426361083984,13895200,0.0,0.0
2025-10-31,65.0,65.25,64.25,64.58999633789062,62.5283203125,17822500,0.0,0.0
2025-11-03,64.72000122070312,64.8499984741211,62.34000015258789,62.650001525878906,60.650245666503906,22633300,0.0,0.0
2025-11-04,62.41999816894531,62.59000015258789,61.119998931884766,61.22999954223633,59.275569915771484,13725400,0.0,0.0
2025-11-05,61.279998779296875,62.849998474121094,60.86000061035156,62.11000061035156,60.12748336791992,20979800,0.0,0.0
2025-11-06,61.880001068115234,62.47999954223633,61.66999816894531,61.88999938964844,59.91450119018555,15164600,0.0,0.0
2025-11-07,61.7400016784668,62.18000030517578,60.290000915527344,61.09000015258789,59.14004135131836,15504800,0.0,0.0
2025-11-10,61.75,62.09000015258789,60.4900016784668,60.79999923706055,58.85929489135742,13063100,0.0,0.0
2025-11-11,61.72999954223633,63.599998474121094,61.2400016784668,63.150001525878906,61.1342887878418,17646400,0.0,0.0
2025-11-12,64.0999984741211,65.19000244140625,63.7400016784668,64.19999694824219,62.15076446533203,14812200,0.0,0.0
2025-11-13,65.70999908447266,66.26000213623047,64.87999725341797,66.02999877929688,63.9223518371582,21923600,0.0,0.0
2025-11-14,64.94000244140625,65.05999755859375,63.75,64.16999816894531,62.12172317504883,17760100,0.0,0.0
2025-11-17,63.06999969482422,63.540000915527344,62.2599983215332,62.900001525878906,60.892269134521484,17064700,0.0,0.0
2025-11-18,62.400001525878906,62.7599983215332,61.68000030517578,62.4900016784668,60.495357513427734,14614600,0.0,0.0
2025-11-19,62.43000030517578,63.220001220703125,62.0099983215332,62.63999938964844,60.64056396484375,11732100,0.0,0.0
2025-11-20,62.95000076293945,63.83000183105469,61.40999984741211,61.43000030517578,59.46918869018555,13886600,0.0,0.0
2025-11-21,62.0099983215332,63.5,61.540000915527344,62.79999923706055,60.79545974731445,12476900,0.0,0.0
2025-11-24,62.5099983215332,63.06999969482422,61.93000030517578,61.93000030517578,59.95322799682617,16681700,0.0,0.0
2025-11-25,62.34000015258789,64.12000274658203,61.869998931884766,63.68000030517578,61.647369384765625,11527200,0.0,0.0
2025-11-26,63.5,64.87000274658203,62.970001220703125,64.33000183105469,62.27662658691406,13791000,0.0,0.0
2025-11-28,64.47000122070312,64.77999877929688,63.970001220703125,64.62999725341797,62.56704330444336,4941400,0.0,0.0
2025-12-01,63.77000045776367,65.98999786376953,63.58000183105469,65.38999938964844,63.70692443847656,12047300,0.41,0.0
2025-12-02,65.44999694824219,65.47000122070312,64.58000183105469,64.93000030517578,63.25876998901367,9051200,0.0,0.0
2025-12-03,65.08000183105469,66.66000366210938,64.9800033569336,65.6500015258789,63.96023178100586,12028300,0.0,0.0
2025-12-04,65.5999984741211,66.0999984741211,65.01000213623047,65.69000244140625,63.999210357666016,10619500,0.0,0.0
2025-12-05,65.69999694824219,66.08000183105469,64.87999725341797,65.86000061035156,64.16483306884766,10917900,0.0,0.0
2025-12-08,65.5999984741211,65.80000305175781,63.27000045776367,63.540000915527344,61.904544830322266,12867300,0.0,0.0
2025-12-09,63.5099983215332,63.95000076293945,62.970001220703125,63.33000183105469,61.699951171875,9300200,0.0,0.0
2025-12-10,63.97999954223633,66.1500015258789,63.7599983215332,65.79000091552734,64.09663391113281,20302100,0.0,0.0
2025-12-11,65.83000183105469,67.81999969482422,65.55999755859375,67.73999786376953,65.99644470214844,16153500,0.0,0.0
2025-12-12,68.16999816894531,69.13999938964844,67.12000274658203,67.47000122070312,65.73339080810547,14829200,0.0,0.0
2025-12-15,67.41000366210938,68.3499984741211,66.69000244140625,67.77999877929688,66.03541564941406,15287500,0.0,0.0
2025-12-16,67.29000091552734,68.19999694824219,66.73999786376953,67.12000274658203,65.39240264892578,16376700,0.0,0.0
2025-12-17,66.55999755859375,66.83000183105469,65.62000274658203,65.69000244140625,63.999210357666016,13205500,0.0,0.0
2025-12-18,66.01000213623047,67.0,65.4000015258789,65.62999725341797,63.94075012207031,35650000,0.0,0.0
2025-12-19,59.20000076293945,60.380001068115234,58.220001220703125,58.709999084472656,57.19886779785156,108652700,0.0,0.0
2025-12-22,58.9900016784668,59.08000183105469,57.13999938964844,57.220001220703125,55.747215270996094,38695900,0.0,0.0
2025-12-23,57.18000030517578,57.599998474121094,56.9900016784668,57.34000015258789,55.86412811279297,23276700,0.0,0.0
2025-12-24,58.880001068115234,60.58000183105469,58.880001068115234,60.0,58.45566177368164,36073300,0.0,0.0
2025-12-26,60.0,60.93000030517578,59.86000061035156,60.93000030517578,59.361724853515625,22303600,0.0,0.0
2025-12-29,60.540000915527344,61.75,60.5099983215332,61.209999084472656,59.634521484375,18062100,0.0,0.0
2025-12-30,61.29999923706055,61.29999923706055,60.63999938964844,61.189998626708984,59.61503219604492,13507800,0.0,0.0
2025-12-31,62.25,64.19999694824219,61.91999816894531,63.709999084472656,62.070167541503906,35457400,0.0,0.0
2026-01-02,64.0,64.12999725341797,62.54999923706055,63.279998779296875,61.65123748779297,22284100,0.0,0.0
2026-01-05,63.7400016784668,65.37000274658203,63.38999938964844,64.52999877929688,62.86906051635742,23482500,0.0,0.0
2026-01-06,64.05999755859375,65.43000030517578,63.40999984741211,65.3499984741211,63.66796112060547,19973200,0.0,0.0
2026-01-07,65.5199966430664,65.61000061035156,63.189998626708984,63.220001220703125,61.5927848815918,18284100,0.0,0.0
2026-01-08,62.18000030517578,65.73999786376953,61.70000076293945,65.26000213623047,63.580284118652344,21573900,0.0,0.0
2026-01-09,65.11000061035156,66.54000091552734,64.4000015258789,65.91999816894531,64.22328186035156,18470400,0.0,0.0
2026-01-12,65.25,66.33999633789062,64.23999786376953,65.63999938964844,63.950496673583984,13901100,0.0,0.0
2026-01-13,66.25,67.08000183105469,65.8499984741211,66.30000305175781,64.59351348876953,13685200,0.0,0.0
2026-01-14,66.29000091552734,67.12999725341797,65.04000091552734,65.56999969482422,63.882301330566406,15939100,0.0,0.0
2026-01-15,65.76000213623047,65.76000213623047,64.20999908447266,64.58999633789062,62.92751693725586,13295300,0.0,0.0
2026-01-16,64.38999938964844,64.58999633789062,63.68000030517578,64.37999725341797,62.72291946411133,15903000,0.0,0.0
2026-01-20,63.4900016784668,64.58000183105469,63.02000045776367,63.630001068115234,61.99223327636719,20406000,0.0,0.0
2026-01-21,63.880001068115234,65.41999816894531,63.61000061035156,65.41000366210938,63.726417541503906,17166400,0.0,0.0
2026-01-22,65.41000366210938,66.55000305175781,65.25,65.45999908447266,63.77513122558594,11853700,0.0,0.0
2026-01-23,65.25,65.44999694824219,64.44000244140625,65.04000091552734,63.365943908691406,11243900,0.0,0.0
2026-01-26,64.80999755859375,65.63999938964844,64.77999877929688,64.98999786376953,63.31722640991211,14765900,0.0,0.0
2026-01-27,64.75,64.83000183105469,62.880001068115234,63.09000015258789,61.466129302978516,13536700,0.0,0.0
2026-01-28,63.04999923706055,63.47999954223633,61.970001220703125,62.2400016784668,60.63800811767578,10363600,0.0,0.0
2026-01-29,61.93000030517578,62.939998626708984,61.459999084472656,62.599998474121094,60.988739013671875,12739400,0.0,0.0
2026-01-30,62.2400016784668,62.52000045776367,61.02000045776367,61.810001373291016,60.21907424926758,14309200,0.0,0.0
2026-02-02,61.65999984741211,62.56999969482422,61.150001525878906,62.18000030517578,60.579551696777344,11006300,0.0,0.0
2026-02-03,61.779998779296875,62.529998779296875,60.43000030517578,60.93000030517578,59.361724853515625,17322100,0.0,0.0
2026-02-04,61.720001220703125,64.41000366210938,61.5099983215332,64.22000122070312,62.567047119140625,20957700,0.0,0.0
2026-02-05,64.19000244140625,64.58000183105469,62.09000015258789,62.70000076293945,61.0861701965332,12506200,0.0,0.0
2026-02-06,63.0099983215332,64.23999786376953,63.0,63.91999816894531,62.27476119995117,11961500,0.0,0.0
2026-02-09,63.56999969482422,63.90999984741211,62.369998931884766,62.40999984741211,60.803627014160156,12920800,0.0,0.0
2026-02-10,63.0,64.19000244140625,62.290000915527344,63.040000915527344,61.417415618896484,13003400,0.0,0.0
2026-02-11,63.900001525878906,64.01000213623047,61.68000030517578,62.349998474121094,60.745174407958984,15511900,0.0,0.0
2026-02-12,62.33000183105469,62.720001220703125,60.849998474121094,61.099998474121094,59.52735137939453,13602400,0.0,0.0
2026-02-13,61.59000015258789,63.380001068115234,61.59000015258789,63.130001068115234,61.50510025024414,20180900,0.0,0.0
2026-02-17,62.939998626708984,64.81999969482422,62.939998626708984,64.81999969482422,63.1515998840332,12347500,0.0,0.0
2026-02-18,64.30999755859375,66.1500015258789,64.30999755859375,65.55000305175781,63.862815856933594,11211500,0.0,0.0
2026-02-19,65.19999694824219,65.83999633789062,64.25,65.61000061035156,63.9212646484375,10778300,0.0,0.0
2026-02-20,65.30000305175781,68.48999786376953,63.33000183105469,65.4000015258789,63.716678619384766,33436800,0.0,0.0
2026-02-23,64.5999984741211,64.97000122070312,62.04999923706055,63.09000015258789,61.466129302978516,17748800,0.0,0.0
2026-02-24,63.279998779296875,64.69999694824219,62.599998474121094,64.08999633789062,62.44038391113281,14296100,0.0,0.0
2026-02-25,63.88999938964844,64.22000122070312,63.2599983215332,63.400001525878906,61.768150329589844,9500800,0.0,0.0
2026-02-26,64.20999908447266,65.05999755859375,63.779998779296875,63.95000076293945,62.303993225097656,10319100,0.0,0.0
2026-02-27,62.720001220703125,62.720001220703125,61.52000045776367,62.18000030517578,60.579551696777344,18017400,0.0,0.0
2026-03-02,59.900001525878906,61.529998779296875,59.13999938964844,61.0099983215332,59.83419418334961,15335000,0.41,0.0
2026-03-03,59.439998626708984,60.11000061035156,58.619998931884766,59.38999938964844,58.245418548583984,17438600,0.0,0.0
2026-03-04,59.189998626708984,59.4900016784668,58.61000061035156,58.63999938964844,57.50987243652344,15971300,0.0,0.0
2026-03-05,58.599998474121094,58.790000915527344,57.43000030517578,58.02000045776367,56.901824951171875,22040200,0.0,0.0
2026-03-06,57.470001220703125,57.54999923706055,56.7599983215332,57.0099983215332,55.911285400390625,16323700,0.0,0.0
2026-03-09,55.7400016784668,56.709999084472656,55.38999938964844,56.529998779296875,55.44053649902344,18053100,0.0,0.0
2026-03-10,56.70000076293945,57.2400016784668,55.79999923706055,56.08000183105469,54.99921417236328,15706400,0.0,0.0
2026-03-11,57.599998474121094,57.599998474121094,55.40999984741211,55.70000076293945,54.62653350830078,20245300,0.0,0.0
2026-03-12,55.279998779296875,55.459999084472656,54.029998779296875,54.130001068115234,53.086795806884766,18611800,0.0,0.0
2026-03-13,54.34000015258789,54.869998931884766,53.7400016784668,53.97999954223633,52.93968200683594,14377100,0.0,0.0
2026-03-16,54.27000045776367,55.06999969482422,53.97999954223633,54.790000915527344,53.734073638916016,13115200,0.0,0.0
2026-03-17,55.45000076293945,55.68000030517578,55.0,55.119998931884766,54.05771255493164,9861400,0.0,0.0
2026-03-18,54.5,54.959999084472656,53.2599983215332,53.470001220703125,52.43951416015625,16861300,0.0,0.0
2026-03-19,52.900001525878906,53.630001068115234,52.59000015258789,53.439998626708984,52.41008758544922,12307700,0.0,0.0
2026-03-20,52.939998626708984,53.61000061035156,52.18000030517578,52.369998931884766,51.36071014404297,19566100,0.0,0.0
2026-03-23,53.279998779296875,53.560001373291016,52.529998779296875,52.709999084472656,51.694156646728516,15242700,0.0,0.0
2026-03-24,52.36000061035156,54.08000183105469,52.27000045776367,53.4900016784668,52.45912551879883,12073800,0.0,0.0
2026-03-25,53.7599983215332,54.220001220703125,52.560001373291016,52.97999954223633,51.958953857421875,13427100,0.0,0.0
2026-03-26,52.7599983215332,53.619998931884766,51.869998931884766,52.06999969482422,51.06649398803711,14486700,0.0,0.0
2026-03-27,51.709999084472656,52.11000061035156,51.20000076293945,51.369998931884766,50.379981994628906,13077800,0.0,0.0
2026-03-30,51.43000030517578,52.189998626708984,50.95000076293945,51.2400016784668,50.25248718261719,16869200,0.0,0.0
2026-03-31,51.93000030517578,53.11000061035156,51.689998626708984,52.81999969482422,51.80203628540039,36422800,0.0,0.0
2026-04-01,46.560001373291016,46.83000183105469,44.560001373291016,44.630001068115234,43.76987838745117,114225700,0.0,0.0
2026-04-02,43.7599983215332,44.34000015258789,43.16999816894531,44.189998626708984,43.338356018066406,63242600,0.0,0.0
2026-04-06,44.15999984741211,44.380001068115234,43.560001373291016,44.029998779296875,43.18144226074219,26999600,0.0,0.0
2026-04-07,43.70000076293945,43.869998931884766,42.36000061035156,42.689998626708984,41.86726379394531,38253000,0.0,0.0
2026-04-08,43.90999984741211,44.29999923706055,42.7599983215332,43.130001068115234,42.29878616333008,29462900,0.0,0.0
2026-04-09,43.220001220703125,44.220001220703125,42.720001220703125,44.0,43.15202331542969,24147400,0.0,0.0
2026-04-10,43.83000183105469,43.959999084472656,42.400001525878906,42.619998931884766,41.798614501953125,26094800,0.0,0.0
2026-04-13,42.22999954223633,42.97999954223633,42.09000015258789,42.90999984741211,42.08302688598633,21236700,0.0,0.0
2026-04-14,42.9900016784668,44.209999084472656,42.95000076293945,44.20000076293945,43.348167419433594,22554100,0.0,0.0
2026-04-15,45.09000015258789,45.900001525878906,44.709999084472656,45.439998626708984,44.564266204833984,31523500,0.0,0.0
2026-04-16,45.79999923706055,46.4900016784668,45.54999923706055,45.70000076293945,44.81925582885742,21766300,0.0,0.0
2026-04-17,46.380001068115234,46.779998779296875,45.779998779296875,46.029998779296875,45.14289474487305,31290400,0.0,0.0
2026-04-20,45.97999954223633,46.560001373291016,45.56999969482422,46.47999954223633,45.584224700927734,19003100,0.0,0.0
2026-04-21,46.77000045776367,46.970001220703125,45.93000030517578,46.38999938964844,45.49595642089844,22194000,0.0,0.0
2026-04-22,46.310001373291016,46.95000076293945,45.5,45.68000030517578,44.799644470214844,17985200,0.0,0.0
2026-04-23,45.58000183105469,45.75,44.2400016784668,44.779998779296875,43.91698455810547,17457500,0.0,0.0
2026-04-24,44.97999954223633,45.41999816894531,44.59000015258789,44.689998626708984,43.82872009277344,15885000,0.0,0.0
2026-04-27,44.599998474121094,45.40999984741211,44.4900016784668,45.13999938964844,44.270050048828125,14583100,0.0,0.0
2026-04-28,45.380001068115234,45.709999084472656,44.75,45.029998779296875,44.16217041015625,12426000,0.0,0.0
2026-04-29,44.91999816894531,45.15999984741211,44.150001525878906,44.38999938964844,43.53450393676758,13329700,0.0,0.0
2026-04-30,44.09000015258789,44.810001373291016,43.5099983215332,44.36000061035156,43.50508499145508,21679500,0.0,0.0
2026-05-01,44.81999969482422,44.959999084472656,44.220001220703125,44.400001525878906,43.544315338134766,11562800,0.0,0.0
2026-05-04,44.189998626708984,44.34000015258789,43.09000015258789,43.09000015258789,42.25955581665039,33272400,0.0,0.0
2026-05-05,43.040000915527344,43.29999923706055,42.650001525878906,43.060001373291016,42.23013687133789,18589700,0.0,0.0
2026-05-06,43.630001068115234,44.06999969482422,43.20000076293945,43.880001068115234,43.034332275390625,19406700,0.0,0.0
2026-05-07,44.04999923706055,44.63999938964844,44.0099983215332,44.40999984741211,43.554115295410156,17177700,0.0,0.0
2026-05-08,44.2599983215332,44.65999984741211,43.79999923706055,44.13999938964844,43.28932189941406,17357100,0.0,0.0
2026-05-11,44.06999969482422,44.06999969482422,42.38999938964844,42.38999938964844,41.57304763793945,24863800,0.0,0.0
2026-05-12,42.29999923706055,42.5099983215332,42.060001373291016,42.349998474121094,41.53382110595703,21271300,0.0,0.0
2026-05-13,42.20000076293945,42.61000061035156,41.70000076293945,42.34000015258789,41.52401351928711,21325200,0.0,0.0
2026-05-14,42.560001373291016,42.83000183105469,41.9900016784668,42.02000045776367,41.21017837524414,19146900,0.0,0.0
2026-05-15,42.0,42.779998779296875,41.84000015258789,41.880001068115234,41.0728759765625,26172600,0.0,0.0
2026-05-18,41.880001068115234,42.75,41.349998474121094,42.56999969482422,41.74958038330078,18694900,0.0,0.0
2026-05-19,42.599998474121094,43.20000076293945,41.810001373291016,42.41999816894531,41.60247039794922,22957900,0.0,0.0
2026-05-20,42.209999084472656,44.279998779296875,41.83000183105469,44.189998626708984,43.338356018066406,27060200,0.0,0.0
2026-05-21,43.88999938964844,44.7400016784668,43.15999984741211,44.38999938964844,43.53450393676758,18428100,0.0,0.0
2026-05-22,44.560001373291016,44.720001220703125,44.209999084472656,44.66999816894531,43.809104919433594,14905100,0.0,0.0
2026-05-26,44.70000076293945,44.95000076293945,44.099998474121094,44.939998626708984,44.07390213012695,18667600,0.0,0.0
2026-05-27,45.709999084472656,46.59000015258789,45.66999816894531,45.97999954223633,45.0938606262207,24251900,0.0,0.0
2026-05-28,45.970001220703125,47.650001525878906,45.560001373291016,47.369998931884766,46.45707321166992,22871300,0.0,0.0
2026-05-29,47.11000061035156,47.20000076293945,46.08000183105469,46.22999954223633,45.33904266357422,38949100,0.0,0.0
2026-06-01,45.52000045776367,46.279998779296875,45.04999923706055,45.93000030517578,45.4478874206543,26885100,0.41,0.0
2026-06-02,45.779998779296875,45.779998779296875,43.5099983215332,43.72999954223633,43.27098083496094,28345000,0.0,0.0
2026-06-03,43.650001525878906,43.9900016784668,43.15999984741211,43.810001373291016,43.35014343261719,18940500,0.0,0.0
2026-06-04,44.5,44.70000076293945,43.130001068115234,43.619998931884766,43.162132263183594,17350900,0.0,0.0
2026-06-05,43.29999923706055,43.7400016784668,42.790000915527344,42.97999954223633,42.52885055541992,18406500,0.0,0.0
2026-06-08,43.060001373291016,43.86000061035156,42.650001525878906,43.22999954223633,42.77622985839844,18192000,0.0,0.0
2026-06-09,43.52000045776367,45.279998779296875,43.27000045776367,44.650001525878906,44.18132400512695,21505800,0.0,0.0
2026-06-10,43.77000045776367,44.58000183105469,43.310001373291016,43.959999084472656,43.498565673828125,15335600,0.0,0.0
2026-06-11,44.52000045776367,45.97999954223633,44.220001220703125,45.959999084472656,45.47757339477539,16647500,0.0,0.0
2026-06-12,46.290000915527344,46.310001373291016,44.849998474121094,44.93000030517578,44.4583854675293,16524300,0.0,0.0
2026-06-15,45.36000061035156,46.09000015258789,45.09000015258789,45.20000076293945,44.72555160522461,14345100,0.0,0.0
2026-06-16,45.5099983215332,46.099998474121094,45.0,45.040000915527344,44.567230224609375,19591400,0.0,0.0
2026-06-17,44.900001525878906,45.849998474121094,44.15999984741211,44.189998626708984,43.72615051269531,20859700,0.0,0.0
2026-06-18,44.40999984741211,45.709999084472656,44.2400016784668,45.20000076293945,44.72555160522461,32320300,0.0,0.0
2026-06-22,44.619998931884766,44.90999984741211,43.13999938964844,43.189998626708984,42.73664855957031,25864500,0.0,0.0
2026-06-23,42.38999938964844,43.189998626708984,42.31999969482422,42.380001068115234,41.935150146484375,31517900,0.0,0.0
2026-06-24,42.040000915527344,42.33000183105469,41.310001373291016,41.81999969482422,41.38102722167969,34384300,0.0,0.0
2026-06-25,41.79999923706055,41.86000061035156,40.439998626708984,40.900001525878906,40.47068786621094,29228300,0.0,0.0
2026-06-26,40.06999969482422,41.470001220703125,40.0,40.75,40.322261810302734,33970700,0.0,0.0
2026-06-29,41.13999938964844,41.689998626708984,40.77000045776367,41.47999954223633,41.04459762573242,27824700,0.0,0.0
2026-06-30,41.380001068115234,41.63999938964844,40.88999938964844,41.04999923706055,40.619110107421875,73891500,0.0,0.0
2026-07-01,41.400001525878906,43.279998779296875,40.11000061035156,43.060001373291016,42.60801315307617,80185700,0.0,0.0
2026-07-02,44.11000061035156,45.040000915527344,43.599998474121094,44.09000015258789,43.627201080322266,34233400,0.0,0.0
2026-07-06,43.900001525878906,44.11000061035156,41.84000015258789,43.34000015258789,42.885074615478516,21979100,0.0,0.0
2026-07-07,43.720001220703125,44.040000915527344,42.880001068115234,43.209999084472656,42.756439208984375,17784900,0.0,0.0
2026-07-08,42.70000076293945,43.2599983215332,42.06999969482422,42.88999938964844,42.439796447753906,21101500,0.0,0.0
2026-07-09,42.689998626708984,43.060001373291016,42.130001068115234,42.779998779296875,42.33095169067383,19647000,0.0,0.0
2026-07-10,43.41999816894531,44.630001068115234,43.060001373291016,44.369998931884766,43.90426254272461,23313500,0.0,0.0
2026-07-13,44.7599983215332,44.900001525878906,43.66999816894531,43.7599983215332,43.300662994384766,13665500,0.0,0.0
2026-07-14,44.310001373291016,44.4900016784668,42.470001220703125,42.86000061035156,42.41011428833008,13090200,0.0,0.0
2026-07-15,43.0,43.58000183105469,42.47999954223633,42.77000045776367,42.3210563659668,14388200,0.0,0.0
2026-07-16,42.900001525878906,44.66999816894531,42.900001525878906,44.56999969482422,44.1021614074707,15944700,0.0,0.0
2026-07-17,44.52000045776367,44.97999954223633,43.52000045776367,43.7599983215332,43.300662994384766,15825100,0.0,0.0
2026-07-20,43.84000015258789,43.84000015258789,42.83000183105469,43.470001220703125,43.013710021972656,11926900,0.0,0.0
2026-07-21,43.060001373291016,43.560001373291016,42.75,42.959999084472656,42.509063720703125,11859000,0.0,0.0
2026-07-22,42.45000076293945,42.90999984741211,41.56999969482422,42.209999084472656,41.76693344116211,18990000,0.0,0.0
2026-07-23,41.79999923706055,42.08000183105469,40.689998626708984,40.9900016784668,40.55974197387695,18156200,0.0,0.0
2026-07-24,41.189998626708984,42.150001525878906,40.88999938964844,41.70000076293945,41.262290954589844,26175200,0.0,0.0
2026-07-27,42.150001525878906,42.599998474121094,41.58000183105469,42.13999938964844,41.697669982910156,16996900,0.0,0.0
2026-07-28,42.75,43.27000045776367,42.52000045776367,43.04999923706055,42.59811782836914,23601400,0.0,0.0
2026-07-29,42.599998474121094,43.689998626708984,42.400001525878906,43.220001220703125,42.766334533691406,15029100,0.0,0.0
2026-07-30,42.5,42.5,41.22999954223633,42.290000915527344,41.84609603881836,16977600,0.0,0.0
2026-07-31,42.02000045776367,42.08000183105469,41.4900016784668,41.709999084472656,41.27218246459961,22622400,0.0,0.0
2026-08-03,42.56999969482422,43.209999084472656,42.060001373291016,42.63999938964844,42.192420959472656,21329900,0.0,0.0
2026-08-04,41.349998474121094,42.09000015258789,40.90999984741211,41.529998779296875,41.09407043457031,27802800,0.0,0.0
2026-08-05,41.650001525878906,42.47999954223633,41.36000061035156,42.45000076293945,42.004417419433594,22088600,0.0,0.0
2026-08-06,42.52000045776367,42.63999938964844,41.849998474121094,42.0,41.559139251708984,18150300,0.0,0.0
2026-08-07,42.02000045776367,42.369998931884766,41.61000061035156,41.70000076293945,41.262290954589844,22042300,0.0,0.0
2026-08-10,41.7400016784668,42.22999954223633,41.13999938964844,42.11000061035156,41.66798400878906,21664600,0.0,0.0
2026-08-11,41.47999954223633,41.529998779296875,40.83000183105469,41.31999969482422,40.88627624511719,25538000,0.0,0.0
2026-08-12,41.029998779296875,41.25,40.45000076293945,40.5099983215332,40.08477783203125,28760300,0.0,0.0
2026-08-13,40.7400016784668,41.470001220703125,40.47999954223633,41.22999954223633,40.79722213745117,23641700,0.0,0.0
2026-08-14,41.22999954223633,41.33000183105469,40.709999084472656,40.72999954223633,40.30247116088867,23639800,0.0,0.0
2026-08-17,40.349998474121094,40.599998474121094,38.86000061035156,39.09000015258789,38.679683685302734,58659900,0.0,0.0
2026-08-18,39.650001525878906,40.63999938964844,39.22999954223633,40.060001373291016,39.639503479003906,39173300,0.0,0.0
2026-08-19,40.529998779296875,41.310001373291016,40.369998931884766,41.04999923706055,40.619110107421875,22055700,0.0,0.0
2026-08-20,40.4900016784668,40.63999938964844,39.810001373291016,40.209999084472656,39.78792953491211,16662100,0.0,0.0
2026-08-21,40.2599983215332,41.130001068115234,40.2400016784668,40.7599983215332,40.3321533203125,14707800,0.0,0.0
2026-08-24,41.0,41.34000015258789,40.68000030517578,40.75,40.322261810302734,18839100,0.0,0.0
2026-08-25,39.52000045776367,39.869998931884766,39.029998779296875,39.47999954223633,39.065589904785156,41525000,0.0,0.0
2026-08-26,39.400001525878906,39.47999954223633,38.40999984741211,38.59000015258789,38.184932708740234,38604300,0.0,0.0
2026-08-27,38.5,38.79999923706055,38.16999816894531,38.439998626708984,38.03650665283203,36573800,0.0,0.0
2026-08-28,38.709999084472656,39.7599983215332,38.560001373291016,39.599998474121094,39.184329986572266,28437400,0.0,0.0
2026-08-31,39.40999984741211,39.880001068115234,39.029998779296875,39.060001373291016,38.650001525878906,23905300,0.0,0.0
2026-09-01,38.36000061035156,38.56999969482422,37.970001220703125,38.119998931884766,38.119998931884766,22241100,0.41,0.0
2026-09-02,38.060001373291016,38.72999954223633,38.0099983215332,38.2400016784668,38.2400016784668,20727200,0.0,0.0
2026-09-03,38.52000045776367,38.93000030517578,37.95000076293945,38.77000045776367,38.77000045776367,29597500,0.0,0.0
2026-09-04,38.220001220703125,38.65999984741211,37.97999954223633,38.400001525878906,38.400001525878906,20631600,0.0,0.0
2026-09-08,38.52000045776367,38.7400016784668,37.900001525878906,38.099998474121094,38.099998474121094,31672300,0.0,0.0
2026-09-09,37.790000915527344,37.849998474121094,36.849998474121094,37.349998474121094,37.349998474121094,41088800,0.0,0.0
2026-09-10,36.959999084472656,37.15999984741211,36.54999923706055,36.619998931884766,36.619998931884766,29961000,0.0,0.0
2026-09-11,36.79999923706055,37.04999923706055,36.619998931884766,36.79999923706055,36.79999923706055,19974900,0.0,0.0
2026-09-14,36.7599983215332,37.40999984741211,36.58000183105469,37.04999923706055,37.04999923706055,30513500,0.0,0.0
2026-09-15,36.849998474121094,36.880001068115234,36.16999816894531,36.220001220703125,36.220001220703125,29693100,0.0,0.0
2026-09-16,36.380001068115234,36.5099983215332,35.7599983215332,35.779998779296875,35.779998779296875,30717000,0.0,0.0
2026-09-17,36.5,36.79999923706055,35.720001220703125,36.36000061035156,36.36000061035156,45453300,0.0,0.0
2026-09-18,36.27000045776367,36.68000030517578,35.5,35.5099983215332,35.5099983215332,52053600,0.0,0.0
2026-09-21,35.52000045776367,36.36000061035156,35.349998474121094,36.099998474121094,36.099998474121094,42128800,0.0,0.0
2026-09-22,36.95000076293945,37.040000915527344,35.939998626708984,36.099998474121094,36.099998474121094,31524800,0.0,0.0
2026-09-23,36.41999816894531,36.619998931884766,35.61000061035156,36.04999923706055,36.04999923706055,40581400,0.0,0.0
2026-09-24,36.0,36.13999938964844,35.52000045776367,35.9900016784668,35.9900016784668,39238500,0.0,0.0
2026-09-25,35.25,36.18000030517578,35.220001220703125,35.75,35.75,38246000,0.0,0.0
2026-09-28,35.459999084472656,36.66999816894531,35.40999984741211,36.38999938964844,36.38999938964844,34518600,0.0,0.0
2026-09-29,36.34000015258789,36.43000030517578,35.66999816894531,35.84000015258789,35.84000015258789,28960000,0.0,0.0
2026-09-30,35.7400016784668,35.9900016784668,35.15999984741211,35.400001525878906,35.400001525878906,38151700,0.0,0.0
2026-10-01,35.45000076293945,36.2400016784668,35.02000045776367,35.150001525878906,35.150001525878906,112413500,0.0,0.0
2026-10-02,32.54999923706055,33.970001220703125,31.969999313354492,33.869998931884766,33.869998931884766,142567700,0.0,0.0
